CREATE DATABASE  IF NOT EXISTS `chiguru2` /*!40100 DEFAULT CHARACTER SET latin1 */;
USE `chiguru2`;
-- MySQL dump 10.13  Distrib 5.1.40, for Win32 (ia32)
--
-- Host: localhost    Database: chiguru2
-- ------------------------------------------------------
-- Server version	5.1.51-community

/*!40101 SET @OLD_CHARACTER_SET_CLIENT=@@CHARACTER_SET_CLIENT */;
/*!40101 SET @OLD_CHARACTER_SET_RESULTS=@@CHARACTER_SET_RESULTS */;
/*!40101 SET @OLD_COLLATION_CONNECTION=@@COLLATION_CONNECTION */;
/*!40101 SET NAMES utf8 */;
/*!40103 SET @OLD_TIME_ZONE=@@TIME_ZONE */;
/*!40103 SET TIME_ZONE='+00:00' */;
/*!40014 SET @OLD_UNIQUE_CHECKS=@@UNIQUE_CHECKS, UNIQUE_CHECKS=0 */;
/*!40014 SET @OLD_FOREIGN_KEY_CHECKS=@@FOREIGN_KEY_CHECKS, FOREIGN_KEY_CHECKS=0 */;
/*!40101 SET @OLD_SQL_MODE=@@SQL_MODE, SQL_MODE='NO_AUTO_VALUE_ON_ZERO' */;
/*!40111 SET @OLD_SQL_NOTES=@@SQL_NOTES, SQL_NOTES=0 */;

--
-- Table structure for table `code_type`
--

DROP TABLE IF EXISTS `code_type`;
/*!40101 SET @saved_cs_client     = @@character_set_client */;
/*!40101 SET character_set_client = utf8 */;
CREATE TABLE `code_type` (
  `id` int(11) unsigned NOT NULL AUTO_INCREMENT,
  `name` varchar(50) NOT NULL,
  `description` varchar(100) DEFAULT NULL,
  `application_level_indicator` bit(1) NOT NULL,
  `create_date` datetime NOT NULL,
  `create_user_id` varchar(30) DEFAULT NULL,
  `parent_code_type_id` int(11) unsigned DEFAULT NULL,
  `version` int(11) NOT NULL DEFAULT '0',
  `last_update_user_id` varchar(30) DEFAULT NULL,
  `last_update_date` timestamp NULL DEFAULT NULL,
  `active_flag` bit(1) NOT NULL,
  PRIMARY KEY (`id`),
  KEY `fk64ae464c75ca944a` (`parent_code_type_id`)
) ENGINE=InnoDB AUTO_INCREMENT=42 DEFAULT CHARSET=latin1;
/*!40101 SET character_set_client = @saved_cs_client */;

--
-- Dumping data for table `code_type`
--

LOCK TABLES `code_type` WRITE;
/*!40000 ALTER TABLE `code_type` DISABLE KEYS */;
INSERT INTO `code_type` VALUES (1,'country','country code type','\0','2010-03-25 00:00:00','system',NULL,1,NULL,NULL,''),(2,'state','state codes','\0','2010-03-25 00:00:00','system',1,1,NULL,NULL,''),(3,'Form of Business','Form of Business','\0','2010-03-25 00:00:00','system',NULL,1,NULL,NULL,''),(4,'Industry Type','Industry Type','','2010-03-25 00:00:00','gudi',NULL,0,NULL,NULL,''),(5,'job_title','Job Title','\0','2010-03-25 00:00:00','system',NULL,1,NULL,NULL,''),(6,'department','Department','','2010-03-25 00:00:00','gudi',NULL,0,NULL,NULL,''),(7,'account category','Account Category','','2010-03-25 00:00:00','gudi',NULL,0,NULL,NULL,''),(8,'account type','account type','','2010-03-25 00:00:00','gudi',7,0,NULL,NULL,''),(9,'share type','share type','','2010-03-25 00:00:00','gudi',NULL,0,NULL,NULL,''),(10,'Filing Frequency','Filing Frequency','','2010-12-07 00:00:00','gudi',NULL,0,NULL,NULL,''),(11,'Installment Frequency','Installment Frequency','','2010-12-07 00:00:00','gudi',NULL,0,NULL,NULL,''),(12,'Filing Reminder Days','Filing Reminder Days','','2010-12-07 00:00:00','system',NULL,2,NULL,NULL,''),(13,'Installment Reminder Days','Installment Reminder Days','','2010-12-07 00:00:00','gudi',NULL,0,NULL,NULL,''),(17,'firm_staff_title_code','Title used by Firm staff','\0','2011-02-11 16:50:51','system',NULL,1,NULL,NULL,''),(18,'Bank','Bank','\0','2011-02-15 00:00:00','system',NULL,0,'system','2011-02-15 05:00:00',''),(19,'SBI','Bank','\0','2011-02-16 01:49:10','system',18,1,NULL,NULL,'\0'),(20,'country','','\0','2011-02-21 06:56:41','system',2,3,NULL,NULL,''),(21,'SBI','','','2011-02-21 07:35:33','system',1,0,NULL,NULL,''),(22,'@$%%^^@^','','','2011-03-01 01:28:04','system',1,3,NULL,NULL,''),(23,'12345@#$%%','','','2011-03-01 08:59:57','system',4,0,NULL,NULL,''),(24,'12345@#$%%','','','2011-03-02 07:43:37','system',NULL,0,NULL,NULL,''),(25,'@$$@$@','1421421','','2011-03-03 03:54:43','system',NULL,0,NULL,NULL,''),(26,'SBI','','\0','2011-04-06 03:16:14','system',NULL,3,NULL,NULL,''),(27,'asffffffffffffffffffffffffffffffffoofffofffghhhhhh','dgggggggggggggggggggggggggggggggggggggggggggggggggggggggggggggggggggggggggggggggggggggggggggggggggg','','2011-04-07 07:06:54','system',2,1,NULL,NULL,''),(28,'Kamal Nagar','mmghmghmhghg','','2011-04-12 02:00:23','system',6,1,'anand@gmail.com','2011-04-12 06:00:23',''),(29,'Kamal Nagar','mmghmghmhghg','','2011-04-12 02:22:13','system',3,2,'anand@gmail.com','2011-04-12 06:22:24',''),(30,'Kamal Nagar','mmghmghmhghg','','2011-04-12 03:06:39','system',1,1,'anand@gmail.com','2011-04-12 07:06:39',''),(31,'asd!@#!@424','fdx!#$@@Fedw','','2011-04-19 01:32:08','system',NULL,1,'patil.anand677@gmail.com','2011-04-19 05:32:08',''),(32,'sandeep','Accountant','\0','2011-04-30 01:36:34','system',NULL,2,'anand@gmail.com','2011-04-30 05:37:09','\0'),(33,'sanjay','Accountant','','2011-04-30 02:15:35','system',NULL,1,'anand@gmail.com','2011-04-30 06:15:35',''),(34,'country','state code','','2011-05-14 01:26:10','system',4,3,'patil.anand677@gmail.com','2011-05-14 05:26:42',''),(35,'State','State codes','','2011-05-25 03:26:28','system',1,3,'patil.anand677@gmail.com','2011-05-25 07:27:01',''),(36,'RAJ','Developer','','2011-06-01 08:06:35','system',1,1,'sagar_bannikal_098@yahoo.com','2011-06-01 12:06:36',''),(37,'jayanagar','country','','2011-06-15 07:24:44','system',NULL,1,'patil.anand677@gmail.com','2011-06-15 11:24:46',''),(38,'jayanagar','','','2011-06-24 07:06:19','system',3,1,'patil.anand677@gmail.com','2011-06-24 11:06:19',''),(39,'apoorva','dhgfuj','','2011-06-28 02:44:15','system',1,1,'admin@firm.com','2011-06-28 06:44:15',''),(40,'Kamalanagar','state code','','2011-07-01 08:25:43','system',NULL,1,'patil.anand677@gmail.com','2011-07-01 12:25:43',''),(41,'raj','','','2011-07-25 08:03:43','system',NULL,3,'anand@gmail.com','2011-07-25 12:04:12','');
/*!40000 ALTER TABLE `code_type` ENABLE KEYS */;
UNLOCK TABLES;

--
-- Table structure for table `task_notification`
--

DROP TABLE IF EXISTS `task_notification`;
/*!40101 SET @saved_cs_client     = @@character_set_client */;
/*!40101 SET character_set_client = utf8 */;
CREATE TABLE `task_notification` (
  `id` bigint(20) unsigned NOT NULL AUTO_INCREMENT,
  `task_id` bigint(20) NOT NULL,
  `notification_date` date NOT NULL,
  `sent_to` varchar(200) DEFAULT NULL,
  `sent_date` date DEFAULT NULL,
  PRIMARY KEY (`id`)
) ENGINE=InnoDB AUTO_INCREMENT=642 DEFAULT CHARSET=latin1;
/*!40101 SET character_set_client = @saved_cs_client */;

--
-- Dumping data for table `task_notification`
--

LOCK TABLES `task_notification` WRITE;
/*!40000 ALTER TABLE `task_notification` DISABLE KEYS */;
INSERT INTO `task_notification` VALUES (1,42,'2026-12-28',NULL,NULL),(2,42,'2026-12-05',NULL,NULL),(3,43,'2026-12-29',NULL,NULL),(4,43,'2026-12-25',NULL,NULL),(5,43,'2026-12-31',NULL,NULL),(6,43,'2026-12-17',NULL,NULL),(7,43,'2026-12-02',NULL,NULL),(8,43,'2026-11-02',NULL,NULL),(9,43,'2026-10-03',NULL,NULL),(10,44,'2026-12-25',NULL,NULL),(11,44,'2026-12-31',NULL,NULL),(12,44,'2026-12-17',NULL,NULL),(13,44,'2026-12-02',NULL,NULL),(14,44,'2026-11-02',NULL,NULL),(15,44,'2026-10-03',NULL,NULL),(16,45,'2026-11-04',NULL,NULL),(17,46,'2027-01-10',NULL,NULL),(18,50,'2025-03-19',NULL,NULL),(19,51,'2024-12-29',NULL,NULL),(20,51,'2024-12-25',NULL,NULL),(21,53,'2025-02-01',NULL,NULL),(22,53,'2025-01-30',NULL,NULL),(23,53,'2025-01-26',NULL,NULL),(24,54,'2024-12-03',NULL,NULL),(25,54,'2024-11-03',NULL,NULL),(26,54,'2024-10-04',NULL,NULL),(27,55,'2025-01-06',NULL,NULL),(28,56,'2025-04-21',NULL,NULL),(29,57,'2025-05-26',NULL,NULL),(30,58,'2025-02-22',NULL,NULL),(31,59,'2025-06-05',NULL,NULL),(32,60,'2025-09-08',NULL,NULL),(33,63,'2025-01-19',NULL,NULL),(34,64,'2025-01-21',NULL,NULL),(35,65,'2025-02-02',NULL,NULL),(36,119,'2022-12-07',NULL,NULL),(37,120,'2023-04-06',NULL,NULL),(38,121,'2023-01-20',NULL,NULL),(39,122,'2022-12-07',NULL,NULL),(40,123,'2023-02-03',NULL,NULL),(41,123,'2023-01-30',NULL,NULL),(42,123,'2023-01-22',NULL,NULL),(43,123,'2023-01-07',NULL,NULL),(44,124,'2023-04-05',NULL,NULL),(45,124,'2023-04-01',NULL,NULL),(46,124,'2023-03-24',NULL,NULL),(47,124,'2023-03-09',NULL,NULL),(48,125,'2023-04-08',NULL,NULL),(49,125,'2023-04-04',NULL,NULL),(50,125,'2023-03-27',NULL,NULL),(51,125,'2023-03-12',NULL,NULL),(52,126,'2023-05-11',NULL,NULL),(53,126,'2023-05-07',NULL,NULL),(54,126,'2023-04-29',NULL,NULL),(55,126,'2023-04-14',NULL,NULL),(56,127,'2023-12-10',NULL,NULL),(57,127,'2023-11-28',NULL,NULL),(58,127,'2023-11-13',NULL,NULL),(59,127,'2023-10-14',NULL,NULL),(60,128,'2023-09-14',NULL,NULL),(61,128,'2023-09-02',NULL,NULL),(62,128,'2023-08-18',NULL,NULL),(63,128,'2023-07-19',NULL,NULL),(64,129,'2023-05-13',NULL,NULL),(65,129,'2023-05-01',NULL,NULL),(66,129,'2023-04-16',NULL,NULL),(67,129,'2023-03-17',NULL,NULL),(68,130,'2023-03-15',NULL,NULL),(69,130,'2023-03-03',NULL,NULL),(70,130,'2023-02-16',NULL,NULL),(71,130,'2023-01-17',NULL,NULL),(72,131,'2023-02-03',NULL,NULL),(73,131,'2023-01-22',NULL,NULL),(74,131,'2022-12-08',NULL,NULL),(75,132,'2023-03-07',NULL,NULL),(76,132,'2023-02-23',NULL,NULL),(77,132,'2023-01-09',NULL,NULL),(78,133,'2023-08-13',NULL,NULL),(79,133,'2023-08-01',NULL,NULL),(80,133,'2023-06-17',NULL,NULL),(81,134,'2023-05-15',NULL,NULL),(82,134,'2023-05-03',NULL,NULL),(83,134,'2023-03-19',NULL,NULL),(84,135,'2023-05-10',NULL,NULL),(85,135,'2023-04-17',NULL,NULL),(86,135,'2023-02-16',NULL,NULL),(87,136,'2023-02-12',NULL,NULL),(88,136,'2023-02-08',NULL,NULL),(89,136,'2023-01-16',NULL,NULL),(90,136,'2022-12-17',NULL,NULL),(91,137,'2023-02-13',NULL,NULL),(92,137,'2023-02-09',NULL,NULL),(93,137,'2023-01-17',NULL,NULL),(94,137,'2022-12-18',NULL,NULL),(95,138,'2023-01-13',NULL,NULL),(96,138,'2023-01-09',NULL,NULL),(97,138,'2022-12-17',NULL,NULL),(98,138,'2022-11-17',NULL,NULL),(99,188,'2010-12-28',NULL,NULL),(100,188,'2010-12-05',NULL,NULL),(101,189,'2010-12-29',NULL,NULL),(102,189,'2010-12-25',NULL,NULL),(103,189,'2010-12-31',NULL,NULL),(104,189,'2010-12-17',NULL,NULL),(105,189,'2010-12-02',NULL,NULL),(106,189,'2010-11-02',NULL,NULL),(107,189,'2010-10-03',NULL,NULL),(108,190,'2010-12-25',NULL,NULL),(109,190,'2010-12-31',NULL,NULL),(110,190,'2010-12-17',NULL,NULL),(111,190,'2010-12-02',NULL,NULL),(112,190,'2010-11-02',NULL,NULL),(113,190,'2010-10-03',NULL,NULL),(114,191,'2010-11-04',NULL,NULL),(115,192,'2011-01-10',NULL,NULL),(116,196,'2011-03-19',NULL,NULL),(117,197,'2010-12-29',NULL,NULL),(118,197,'2010-12-25',NULL,NULL),(119,199,'2011-02-01',NULL,NULL),(120,199,'2011-01-30',NULL,NULL),(121,199,'2011-01-26',NULL,NULL),(122,200,'2010-12-03',NULL,NULL),(123,200,'2010-11-03',NULL,NULL),(124,200,'2010-10-04',NULL,NULL),(125,201,'2011-01-06',NULL,NULL),(126,202,'2011-04-21',NULL,NULL),(127,203,'2011-05-26',NULL,NULL),(128,204,'2011-02-22',NULL,NULL),(129,205,'2011-06-05',NULL,NULL),(130,206,'2011-09-08',NULL,NULL),(131,209,'2011-01-19',NULL,NULL),(132,210,'2011-01-21',NULL,NULL),(133,211,'2011-02-02',NULL,NULL),(134,265,'2010-12-07',NULL,NULL),(135,266,'2011-04-06',NULL,NULL),(136,267,'2011-01-20',NULL,NULL),(137,268,'2010-12-07',NULL,NULL),(138,269,'2011-02-03',NULL,NULL),(139,269,'2011-01-30',NULL,NULL),(140,269,'2011-01-22',NULL,NULL),(141,269,'2011-01-07',NULL,NULL),(142,270,'2011-04-05',NULL,NULL),(143,270,'2011-04-01',NULL,NULL),(144,270,'2011-03-24',NULL,NULL),(145,270,'2011-03-09',NULL,NULL),(146,271,'2011-04-08',NULL,NULL),(147,271,'2011-04-04',NULL,NULL),(148,271,'2011-03-27',NULL,NULL),(149,271,'2011-03-12',NULL,NULL),(150,272,'2011-05-11',NULL,NULL),(151,272,'2011-05-07',NULL,NULL),(152,272,'2011-04-29',NULL,NULL),(153,272,'2011-04-14',NULL,NULL),(154,273,'2011-12-10',NULL,NULL),(155,273,'2011-11-28',NULL,NULL),(156,273,'2011-11-13',NULL,NULL),(157,273,'2011-10-14',NULL,NULL),(158,274,'2011-09-14',NULL,NULL),(159,274,'2011-09-02',NULL,NULL),(160,274,'2011-08-18',NULL,NULL),(161,274,'2011-07-19',NULL,NULL),(162,275,'2011-05-13',NULL,NULL),(163,275,'2011-05-01',NULL,NULL),(164,275,'2011-04-16',NULL,NULL),(165,275,'2011-03-17',NULL,NULL),(166,276,'2011-03-15',NULL,NULL),(167,276,'2011-03-03',NULL,NULL),(168,276,'2011-02-16',NULL,NULL),(169,276,'2011-01-17',NULL,NULL),(170,277,'2011-02-03',NULL,NULL),(171,277,'2011-01-22',NULL,NULL),(172,277,'2010-12-08',NULL,NULL),(173,278,'2011-03-07',NULL,NULL),(174,278,'2011-02-23',NULL,NULL),(175,278,'2011-01-09',NULL,NULL),(176,279,'2011-08-13',NULL,NULL),(177,279,'2011-08-01',NULL,NULL),(178,279,'2011-06-17',NULL,NULL),(179,280,'2011-05-15',NULL,NULL),(180,280,'2011-05-03',NULL,NULL),(181,280,'2011-03-19',NULL,NULL),(182,281,'2011-05-10',NULL,NULL),(183,281,'2011-04-17',NULL,NULL),(184,281,'2011-02-16',NULL,NULL),(185,282,'2011-02-12',NULL,NULL),(186,282,'2011-02-08',NULL,NULL),(187,282,'2011-01-16',NULL,NULL),(188,282,'2010-12-17',NULL,NULL),(189,283,'2011-02-13',NULL,NULL),(190,283,'2011-02-09',NULL,NULL),(191,283,'2011-01-17',NULL,NULL),(192,283,'2010-12-18',NULL,NULL),(193,284,'2011-01-13',NULL,NULL),(194,284,'2011-01-09',NULL,NULL),(195,284,'2010-12-17',NULL,NULL),(196,284,'2010-11-17',NULL,NULL),(197,318,'2011-12-28',NULL,NULL),(198,318,'2011-12-05',NULL,NULL),(199,319,'2011-12-29',NULL,NULL),(200,319,'2011-12-25',NULL,NULL),(201,319,'2011-12-31',NULL,NULL),(202,319,'2011-12-17',NULL,NULL),(203,319,'2011-12-02',NULL,NULL),(204,319,'2011-11-02',NULL,NULL),(205,319,'2011-10-03',NULL,NULL),(206,320,'2011-12-25',NULL,NULL),(207,320,'2011-12-31',NULL,NULL),(208,320,'2011-12-17',NULL,NULL),(209,320,'2011-12-02',NULL,NULL),(210,320,'2011-11-02',NULL,NULL),(211,320,'2011-10-03',NULL,NULL),(212,321,'2011-11-04',NULL,NULL),(213,322,'2012-01-11',NULL,NULL),(214,326,'2012-03-19',NULL,NULL),(215,327,'2011-12-29',NULL,NULL),(216,327,'2011-12-25',NULL,NULL),(217,329,'2012-02-01',NULL,NULL),(218,329,'2012-01-30',NULL,NULL),(219,329,'2012-01-26',NULL,NULL),(220,330,'2011-12-03',NULL,NULL),(221,330,'2011-11-03',NULL,NULL),(222,330,'2011-10-04',NULL,NULL),(223,331,'2012-01-06',NULL,NULL),(224,332,'2012-04-21',NULL,NULL),(225,333,'2012-05-26',NULL,NULL),(226,334,'2012-02-23',NULL,NULL),(227,336,'2012-01-19',NULL,NULL),(228,337,'2012-01-21',NULL,NULL),(229,338,'2012-02-02',NULL,NULL),(230,349,'2011-12-07',NULL,NULL),(231,350,'2012-04-06',NULL,NULL),(232,351,'2012-01-20',NULL,NULL),(233,352,'2011-12-07',NULL,NULL),(234,353,'2012-02-03',NULL,NULL),(235,353,'2012-01-30',NULL,NULL),(236,353,'2012-01-22',NULL,NULL),(237,353,'2012-01-07',NULL,NULL),(238,354,'2012-04-05',NULL,NULL),(239,354,'2012-04-01',NULL,NULL),(240,354,'2012-03-24',NULL,NULL),(241,354,'2012-03-09',NULL,NULL),(242,355,'2012-04-08',NULL,NULL),(243,355,'2012-04-04',NULL,NULL),(244,355,'2012-03-27',NULL,NULL),(245,355,'2012-03-12',NULL,NULL),(246,356,'2012-05-11',NULL,NULL),(247,356,'2012-05-07',NULL,NULL),(248,356,'2012-04-29',NULL,NULL),(249,356,'2012-04-14',NULL,NULL),(250,357,'2012-05-13',NULL,NULL),(251,357,'2012-05-01',NULL,NULL),(252,357,'2012-04-16',NULL,NULL),(253,357,'2012-03-17',NULL,NULL),(254,358,'2012-03-15',NULL,NULL),(255,358,'2012-03-03',NULL,NULL),(256,358,'2012-02-17',NULL,NULL),(257,358,'2012-01-18',NULL,NULL),(258,359,'2012-02-03',NULL,NULL),(259,359,'2012-01-22',NULL,NULL),(260,359,'2011-12-08',NULL,NULL),(261,360,'2012-03-07',NULL,NULL),(262,360,'2012-02-24',NULL,NULL),(263,360,'2012-01-10',NULL,NULL),(264,361,'2012-05-15',NULL,NULL),(265,361,'2012-05-03',NULL,NULL),(266,361,'2012-03-19',NULL,NULL),(267,362,'2012-05-10',NULL,NULL),(268,362,'2012-04-17',NULL,NULL),(269,362,'2012-02-17',NULL,NULL),(270,363,'2012-02-12',NULL,NULL),(271,363,'2012-02-08',NULL,NULL),(272,363,'2012-01-16',NULL,NULL),(273,363,'2011-12-17',NULL,NULL),(274,364,'2012-02-13',NULL,NULL),(275,364,'2012-02-09',NULL,NULL),(276,364,'2012-01-17',NULL,NULL),(277,364,'2011-12-18',NULL,NULL),(278,365,'2012-01-13',NULL,NULL),(279,365,'2012-01-09',NULL,NULL),(280,365,'2011-12-17',NULL,NULL),(281,365,'2011-11-17',NULL,NULL),(282,369,'2012-06-05',NULL,NULL),(283,371,'2011-04-30',NULL,NULL),(284,371,'2011-04-28',NULL,NULL),(285,371,'2011-04-24',NULL,NULL),(286,371,'2011-04-16',NULL,NULL),(287,371,'2011-04-01',NULL,NULL),(288,372,'2011-07-30',NULL,NULL),(289,372,'2011-07-28',NULL,NULL),(290,372,'2011-07-24',NULL,NULL),(291,372,'2011-07-16',NULL,NULL),(292,372,'2011-07-01',NULL,NULL),(293,373,'2011-10-30',NULL,NULL),(294,373,'2011-10-28',NULL,NULL),(295,373,'2011-10-24',NULL,NULL),(296,373,'2011-10-16',NULL,NULL),(297,373,'2011-10-01',NULL,NULL),(298,374,'2011-01-30',NULL,NULL),(299,374,'2011-01-28',NULL,NULL),(300,374,'2011-01-24',NULL,NULL),(301,374,'2011-01-16',NULL,NULL),(302,374,'2011-01-01',NULL,NULL),(303,375,'2010-11-28',NULL,NULL),(304,375,'2010-11-26',NULL,NULL),(305,375,'2010-11-22',NULL,NULL),(306,375,'2010-11-14',NULL,NULL),(307,376,'2012-04-30',NULL,NULL),(308,376,'2012-04-28',NULL,NULL),(309,376,'2012-04-24',NULL,NULL),(310,376,'2012-04-16',NULL,NULL),(311,376,'2012-04-01',NULL,NULL),(312,377,'2012-01-30',NULL,NULL),(313,377,'2012-01-28',NULL,NULL),(314,377,'2012-01-24',NULL,NULL),(315,377,'2012-01-16',NULL,NULL),(316,377,'2012-01-01',NULL,NULL),(317,378,'2011-11-28',NULL,NULL),(318,378,'2011-11-26',NULL,NULL),(319,378,'2011-11-22',NULL,NULL),(320,378,'2011-11-14',NULL,NULL),(321,379,'2011-03-30',NULL,NULL),(322,379,'2011-03-28',NULL,NULL),(323,379,'2011-03-24',NULL,NULL),(324,379,'2011-03-16',NULL,NULL),(325,379,'2011-03-01',NULL,NULL),(326,379,'2011-01-30',NULL,NULL),(327,379,'2010-12-31',NULL,NULL),(328,380,'2011-03-14',NULL,NULL),(329,380,'2011-03-12',NULL,NULL),(330,380,'2011-03-08',NULL,NULL),(331,380,'2011-02-13',NULL,NULL),(332,381,'2011-06-14',NULL,NULL),(333,381,'2011-06-12',NULL,NULL),(334,381,'2011-06-08',NULL,NULL),(335,381,'2011-05-16',NULL,NULL),(336,382,'2011-09-14',NULL,NULL),(337,382,'2011-09-12',NULL,NULL),(338,382,'2011-09-08',NULL,NULL),(339,382,'2011-08-16',NULL,NULL),(340,383,'2011-12-14',NULL,NULL),(341,383,'2011-12-12',NULL,NULL),(342,383,'2011-12-08',NULL,NULL),(343,383,'2011-11-15',NULL,NULL),(344,384,'2012-03-30',NULL,NULL),(345,384,'2012-03-28',NULL,NULL),(346,384,'2012-03-24',NULL,NULL),(347,384,'2012-03-16',NULL,NULL),(348,384,'2012-03-01',NULL,NULL),(349,384,'2012-01-31',NULL,NULL),(350,384,'2012-01-01',NULL,NULL),(351,385,'2012-03-14',NULL,NULL),(352,385,'2012-03-12',NULL,NULL),(353,385,'2012-03-08',NULL,NULL),(354,385,'2012-02-14',NULL,NULL),(355,386,'2012-06-14',NULL,NULL),(356,386,'2012-06-12',NULL,NULL),(357,386,'2012-06-08',NULL,NULL),(358,386,'2012-05-16',NULL,NULL),(359,392,'2011-07-14',NULL,NULL),(360,392,'2011-07-12',NULL,NULL),(361,392,'2011-07-08',NULL,NULL),(362,392,'2011-06-30',NULL,NULL),(363,392,'2011-06-15',NULL,NULL),(364,392,'2011-05-16',NULL,NULL),(365,392,'2011-04-16',NULL,NULL),(366,393,'2010-12-29',NULL,NULL),(367,393,'2010-12-27',NULL,NULL),(368,393,'2010-12-23',NULL,NULL),(369,393,'2010-12-15',NULL,NULL),(370,393,'2010-11-30',NULL,NULL),(371,393,'2010-10-31',NULL,NULL),(372,393,'2010-10-01',NULL,NULL),(373,394,'2011-12-29',NULL,NULL),(374,394,'2011-12-27',NULL,NULL),(375,394,'2011-12-23',NULL,NULL),(376,394,'2011-12-15',NULL,NULL),(377,394,'2011-11-30',NULL,NULL),(378,394,'2011-10-31',NULL,NULL),(379,394,'2011-10-01',NULL,NULL),(380,396,'2011-04-06',NULL,NULL),(381,396,'2011-04-04',NULL,NULL),(382,396,'2011-03-31',NULL,NULL),(383,396,'2011-03-23',NULL,NULL),(384,397,'2011-04-06',NULL,NULL),(385,397,'2011-04-04',NULL,NULL),(386,397,'2011-03-31',NULL,NULL),(387,397,'2011-03-23',NULL,NULL),(388,398,'2011-04-06',NULL,NULL),(389,398,'2011-04-04',NULL,NULL),(390,398,'2011-03-31',NULL,NULL),(391,398,'2011-03-23',NULL,NULL),(392,399,'2011-04-06',NULL,NULL),(393,399,'2011-04-04',NULL,NULL),(394,399,'2011-03-31',NULL,NULL),(395,399,'2011-03-23',NULL,NULL),(396,400,'2011-04-06',NULL,NULL),(397,400,'2011-04-04',NULL,NULL),(398,400,'2011-03-31',NULL,NULL),(399,400,'2011-03-23',NULL,NULL),(400,401,'2011-04-06',NULL,NULL),(401,401,'2011-04-04',NULL,NULL),(402,401,'2011-03-31',NULL,NULL),(403,401,'2011-03-23',NULL,NULL),(404,402,'2011-04-06',NULL,NULL),(405,402,'2011-04-04',NULL,NULL),(406,402,'2011-03-31',NULL,NULL),(407,402,'2011-03-23',NULL,NULL),(408,403,'2011-04-06',NULL,NULL),(409,403,'2011-04-04',NULL,NULL),(410,403,'2011-03-31',NULL,NULL),(411,403,'2011-03-23',NULL,NULL),(412,404,'2011-04-06',NULL,NULL),(413,404,'2011-04-04',NULL,NULL),(414,404,'2011-03-31',NULL,NULL),(415,404,'2011-03-23',NULL,NULL),(416,405,'2011-04-06',NULL,NULL),(417,405,'2011-04-04',NULL,NULL),(418,405,'2011-03-31',NULL,NULL),(419,405,'2011-03-23',NULL,NULL),(420,406,'2011-04-06',NULL,NULL),(421,406,'2011-04-04',NULL,NULL),(422,406,'2011-03-31',NULL,NULL),(423,406,'2011-03-23',NULL,NULL),(424,407,'2011-04-06',NULL,NULL),(425,407,'2011-04-04',NULL,NULL),(426,407,'2011-03-31',NULL,NULL),(427,407,'2011-03-23',NULL,NULL),(428,408,'2011-02-03',NULL,NULL),(429,408,'2011-01-28',NULL,NULL),(430,408,'2011-01-20',NULL,NULL),(431,408,'2011-01-05',NULL,NULL),(432,409,'2011-02-03',NULL,NULL),(433,409,'2011-01-28',NULL,NULL),(434,409,'2011-01-20',NULL,NULL),(435,409,'2011-01-05',NULL,NULL),(436,410,'2011-02-03',NULL,NULL),(437,410,'2011-01-28',NULL,NULL),(438,410,'2011-01-20',NULL,NULL),(439,410,'2011-01-05',NULL,NULL),(440,411,'2011-02-03',NULL,NULL),(441,411,'2011-01-28',NULL,NULL),(442,411,'2011-01-20',NULL,NULL),(443,411,'2011-01-05',NULL,NULL),(444,412,'2011-02-03',NULL,NULL),(445,412,'2011-01-28',NULL,NULL),(446,412,'2011-01-20',NULL,NULL),(447,412,'2011-01-05',NULL,NULL),(448,413,'2011-02-03',NULL,NULL),(449,413,'2011-01-28',NULL,NULL),(450,413,'2011-01-20',NULL,NULL),(451,413,'2011-01-05',NULL,NULL),(452,414,'2011-02-03',NULL,NULL),(453,414,'2011-01-28',NULL,NULL),(454,414,'2011-01-20',NULL,NULL),(455,414,'2011-01-05',NULL,NULL),(456,415,'2011-02-03',NULL,NULL),(457,415,'2011-01-28',NULL,NULL),(458,415,'2011-01-20',NULL,NULL),(459,415,'2011-01-05',NULL,NULL),(460,416,'2011-02-03',NULL,NULL),(461,416,'2011-01-28',NULL,NULL),(462,416,'2011-01-20',NULL,NULL),(463,416,'2011-01-05',NULL,NULL),(464,417,'2011-02-03',NULL,NULL),(465,417,'2011-01-28',NULL,NULL),(466,417,'2011-01-20',NULL,NULL),(467,417,'2011-01-05',NULL,NULL),(468,418,'2011-02-03',NULL,NULL),(469,418,'2011-01-28',NULL,NULL),(470,418,'2011-01-20',NULL,NULL),(471,418,'2011-01-05',NULL,NULL),(472,419,'2011-02-03',NULL,NULL),(473,419,'2011-01-28',NULL,NULL),(474,419,'2011-01-20',NULL,NULL),(475,419,'2011-01-05',NULL,NULL),(476,420,'2012-04-06',NULL,NULL),(477,420,'2012-04-04',NULL,NULL),(478,420,'2012-03-31',NULL,NULL),(479,420,'2012-03-23',NULL,NULL),(480,421,'2012-02-03',NULL,NULL),(481,421,'2012-01-28',NULL,NULL),(482,421,'2012-01-20',NULL,NULL),(483,421,'2012-01-05',NULL,NULL),(484,422,'2012-07-14',NULL,NULL),(485,422,'2012-07-12',NULL,NULL),(486,422,'2012-07-08',NULL,NULL),(487,422,'2012-06-30',NULL,NULL),(488,422,'2012-06-15',NULL,NULL),(489,422,'2012-05-16',NULL,NULL),(490,422,'2012-04-16',NULL,NULL),(491,431,'2010-12-14',NULL,NULL),(492,431,'2010-12-12',NULL,NULL),(493,431,'2010-12-08',NULL,NULL),(494,431,'2010-11-30',NULL,NULL),(495,431,'2010-11-15',NULL,NULL),(496,432,'2010-12-14',NULL,NULL),(497,432,'2010-12-12',NULL,NULL),(498,432,'2010-12-08',NULL,NULL),(499,432,'2010-11-30',NULL,NULL),(500,432,'2010-11-15',NULL,NULL),(501,433,'2010-12-14',NULL,NULL),(502,433,'2010-12-12',NULL,NULL),(503,433,'2010-12-08',NULL,NULL),(504,433,'2010-11-30',NULL,NULL),(505,433,'2010-11-15',NULL,NULL),(506,434,'2010-12-14',NULL,NULL),(507,434,'2010-12-12',NULL,NULL),(508,434,'2010-12-08',NULL,NULL),(509,434,'2010-11-30',NULL,NULL),(510,434,'2010-11-15',NULL,NULL),(511,435,'2010-12-14',NULL,NULL),(512,435,'2010-12-12',NULL,NULL),(513,435,'2010-12-08',NULL,NULL),(514,435,'2010-11-30',NULL,NULL),(515,435,'2010-11-15',NULL,NULL),(516,436,'2010-12-14',NULL,NULL),(517,436,'2010-12-12',NULL,NULL),(518,436,'2010-12-08',NULL,NULL),(519,436,'2010-11-30',NULL,NULL),(520,436,'2010-11-15',NULL,NULL),(521,437,'2010-12-14',NULL,NULL),(522,437,'2010-12-12',NULL,NULL),(523,437,'2010-12-08',NULL,NULL),(524,437,'2010-11-30',NULL,NULL),(525,437,'2010-11-15',NULL,NULL),(526,438,'2010-12-14',NULL,NULL),(527,438,'2010-12-12',NULL,NULL),(528,438,'2010-12-08',NULL,NULL),(529,438,'2010-11-30',NULL,NULL),(530,438,'2010-11-15',NULL,NULL),(531,439,'2010-12-14',NULL,NULL),(532,439,'2010-12-12',NULL,NULL),(533,439,'2010-12-08',NULL,NULL),(534,439,'2010-11-30',NULL,NULL),(535,439,'2010-11-15',NULL,NULL),(536,440,'2010-12-14',NULL,NULL),(537,440,'2010-12-12',NULL,NULL),(538,440,'2010-12-08',NULL,NULL),(539,440,'2010-11-30',NULL,NULL),(540,440,'2010-11-15',NULL,NULL),(541,441,'2010-12-14',NULL,NULL),(542,441,'2010-12-12',NULL,NULL),(543,441,'2010-12-08',NULL,NULL),(544,441,'2010-11-30',NULL,NULL),(545,441,'2010-11-15',NULL,NULL),(546,442,'2010-12-14',NULL,NULL),(547,442,'2010-12-12',NULL,NULL),(548,442,'2010-12-08',NULL,NULL),(549,442,'2010-11-30',NULL,NULL),(550,442,'2010-11-15',NULL,NULL),(551,455,'2011-08-29',NULL,NULL),(552,455,'2011-08-27',NULL,NULL),(553,455,'2011-08-23',NULL,NULL),(554,455,'2011-08-15',NULL,NULL),(555,455,'2011-07-31',NULL,NULL),(556,455,'2011-07-01',NULL,NULL),(557,455,'2011-06-01',NULL,NULL),(558,456,'2011-03-14',NULL,NULL),(559,456,'2011-03-12',NULL,NULL),(560,456,'2011-03-08',NULL,NULL),(561,456,'2011-02-28',NULL,NULL),(562,456,'2011-02-13',NULL,NULL),(563,456,'2011-01-14',NULL,NULL),(564,457,'2011-06-14',NULL,NULL),(565,457,'2011-06-12',NULL,NULL),(566,457,'2011-06-08',NULL,NULL),(567,457,'2011-05-31',NULL,NULL),(568,457,'2011-05-16',NULL,NULL),(569,457,'2011-04-16',NULL,NULL),(570,458,'2011-09-14',NULL,NULL),(571,458,'2011-09-12',NULL,NULL),(572,458,'2011-09-08',NULL,NULL),(573,458,'2011-08-31',NULL,NULL),(574,458,'2011-08-16',NULL,NULL),(575,458,'2011-07-17',NULL,NULL),(576,459,'2011-12-14',NULL,NULL),(577,459,'2011-12-12',NULL,NULL),(578,459,'2011-12-08',NULL,NULL),(579,459,'2011-11-30',NULL,NULL),(580,459,'2011-11-15',NULL,NULL),(581,459,'2011-10-16',NULL,NULL),(582,460,'2011-08-29',NULL,NULL),(583,460,'2011-08-27',NULL,NULL),(584,460,'2011-08-23',NULL,NULL),(585,460,'2011-08-15',NULL,NULL),(586,460,'2011-07-31',NULL,NULL),(587,460,'2011-07-01',NULL,NULL),(588,460,'2011-06-01',NULL,NULL),(589,461,'2011-03-14',NULL,NULL),(590,461,'2011-03-12',NULL,NULL),(591,461,'2011-03-08',NULL,NULL),(592,461,'2011-02-28',NULL,NULL),(593,461,'2011-02-13',NULL,NULL),(594,461,'2011-01-14',NULL,NULL),(595,462,'2011-06-14',NULL,NULL),(596,462,'2011-06-12',NULL,NULL),(597,462,'2011-06-08',NULL,NULL),(598,462,'2011-05-31',NULL,NULL),(599,462,'2011-05-16',NULL,NULL),(600,462,'2011-04-16',NULL,NULL),(601,463,'2011-09-14',NULL,NULL),(602,463,'2011-09-12',NULL,NULL),(603,463,'2011-09-08',NULL,NULL),(604,463,'2011-08-31',NULL,NULL),(605,463,'2011-08-16',NULL,NULL),(606,463,'2011-07-17',NULL,NULL),(607,464,'2011-12-14',NULL,NULL),(608,464,'2011-12-12',NULL,NULL),(609,464,'2011-12-08',NULL,NULL),(610,464,'2011-11-30',NULL,NULL),(611,464,'2011-11-15',NULL,NULL),(612,464,'2011-10-16',NULL,NULL),(613,465,'2011-12-14',NULL,NULL),(614,465,'2011-12-12',NULL,NULL),(615,465,'2011-12-08',NULL,NULL),(616,465,'2011-11-30',NULL,NULL),(617,465,'2011-11-15',NULL,NULL),(618,467,'2012-03-14',NULL,NULL),(619,467,'2012-03-12',NULL,NULL),(620,467,'2012-03-08',NULL,NULL),(621,467,'2012-02-29',NULL,NULL),(622,467,'2012-02-14',NULL,NULL),(623,467,'2012-01-15',NULL,NULL),(624,468,'2012-06-14',NULL,NULL),(625,468,'2012-06-12',NULL,NULL),(626,468,'2012-06-08',NULL,NULL),(627,468,'2012-05-31',NULL,NULL),(628,468,'2012-05-16',NULL,NULL),(629,468,'2012-04-16',NULL,NULL),(630,469,'2012-03-14',NULL,NULL),(631,469,'2012-03-12',NULL,NULL),(632,469,'2012-03-08',NULL,NULL),(633,469,'2012-02-29',NULL,NULL),(634,469,'2012-02-14',NULL,NULL),(635,469,'2012-01-15',NULL,NULL),(636,470,'2012-06-14',NULL,NULL),(637,470,'2012-06-12',NULL,NULL),(638,470,'2012-06-08',NULL,NULL),(639,470,'2012-05-31',NULL,NULL),(640,470,'2012-05-16',NULL,NULL),(641,470,'2012-04-16',NULL,NULL);
/*!40000 ALTER TABLE `task_notification` ENABLE KEYS */;
UNLOCK TABLES;

--
-- Table structure for table `point_of_contact`
--

DROP TABLE IF EXISTS `point_of_contact`;
/*!40101 SET @saved_cs_client     = @@character_set_client */;
/*!40101 SET character_set_client = utf8 */;
CREATE TABLE `point_of_contact` (
  `id` bigint(20) unsigned NOT NULL AUTO_INCREMENT,
  `contact_name` varchar(100) DEFAULT NULL,
  `contact_title` varchar(50) DEFAULT NULL,
  `web_site_address` varchar(100) DEFAULT NULL,
  `party_id` bigint(20) unsigned DEFAULT NULL,
  `active_flag` bit(1) NOT NULL,
  `version` int(11) NOT NULL,
  `create_date` timestamp NOT NULL DEFAULT CURRENT_TIMESTAMP ON UPDATE CURRENT_TIMESTAMP,
  `create_user_id` varchar(100) NOT NULL,
  `last_update_user_id` varchar(100) DEFAULT NULL,
  `last_update_date` timestamp NOT NULL DEFAULT '0000-00-00 00:00:00',
  `account_id` bigint(20) unsigned DEFAULT NULL,
  `party_site_id` bigint(20) unsigned DEFAULT NULL,
  PRIMARY KEY (`id`),
  KEY `fk_contact_point_is_for_party` (`party_id`),
  KEY `fk_point_of_contact_for_account` (`account_id`),
  KEY `fk_point_of_contact_for_site` (`party_site_id`),
  CONSTRAINT `fk_point_of_contact_for_account` FOREIGN KEY (`account_id`) REFERENCES `party_account` (`id`),
  CONSTRAINT `fk_point_of_contact_for_site` FOREIGN KEY (`party_site_id`) REFERENCES `party_site` (`id`)
) ENGINE=InnoDB AUTO_INCREMENT=341 DEFAULT CHARSET=latin1;
/*!40101 SET character_set_client = @saved_cs_client */;

--
-- Dumping data for table `point_of_contact`
--

LOCK TABLES `point_of_contact` WRITE;
/*!40000 ALTER TABLE `point_of_contact` DISABLE KEYS */;
INSERT INTO `point_of_contact` VALUES (3,'Anand','CEO',NULL,318,'',0,'2011-02-17 14:45:20','system','system','2011-02-17 14:45:22',51,NULL),(4,'prasad','assistant manager',NULL,345,'',1,'2011-02-17 14:46:18','system','system','2011-04-04 12:28:43',52,NULL),(5,'ranga','Accountant',NULL,345,'',0,'2011-02-17 14:47:57','system','system','2011-02-17 14:47:59',53,NULL),(6,'AnandSharma','accountant',NULL,318,'',0,'2011-02-17 14:56:41','system','system','2011-02-17 14:56:43',54,NULL),(7,'roy','Bank Manager',NULL,345,'',0,'2011-02-18 05:31:10','system','system','2011-02-18 05:31:12',55,NULL),(8,'som','Advacate',NULL,345,'',0,'2011-02-18 05:40:16','system','system','2011-02-18 05:40:18',56,NULL),(9,'roy','officer',NULL,345,'',0,'2011-02-18 05:42:36','system','system','2011-02-18 05:42:39',57,NULL),(10,'rahul','assistant manager',NULL,345,'',0,'2011-02-18 05:44:27','system','system','2011-02-18 05:44:29',58,NULL),(11,'Anand','CEO',NULL,318,'',0,'2011-02-18 05:57:40','system','system','2011-02-18 05:57:42',59,NULL),(12,'prasad','Bank Manager',NULL,345,'',0,'2011-02-18 07:01:20','system','system','2011-02-18 07:01:23',60,NULL),(13,'roy','assistant manager',NULL,345,'',0,'2011-02-18 07:11:17','system','system','2011-02-18 07:11:20',61,NULL),(14,'ranga','Accountant',NULL,345,'',0,'2011-02-18 07:24:02','system','system','2011-02-18 07:24:05',62,NULL),(15,'ranga','Advacate',NULL,345,'',1,'2011-02-18 07:27:32','system','system','2011-02-18 07:29:58',63,NULL),(16,'ranga','Bank Manager',NULL,345,'',0,'2011-02-18 07:35:26','system','system','2011-02-18 07:35:28',64,NULL),(17,'ranga','Bank Manager',NULL,345,'',2,'2011-02-18 07:39:05','system','system','2011-02-18 07:44:46',65,NULL),(18,'rahul','Advacate',NULL,345,'',0,'2011-02-18 07:50:34','system','system','2011-02-18 07:50:37',66,NULL),(19,'rahul','Bank Manager',NULL,345,'',1,'2011-02-18 07:52:24','system','system','2011-02-18 07:53:09',67,NULL),(20,'prasad','Advacate',NULL,345,'',0,'2011-02-18 07:57:31','system','system','2011-02-18 07:57:33',68,NULL),(21,'ranga','assistant manager',NULL,345,'',1,'2011-02-21 06:13:18','system','system','2011-02-21 06:25:58',69,NULL),(22,'prasad','Bank Manager',NULL,345,'',0,'2011-02-21 07:07:54','system','system','2011-02-21 07:08:00',70,NULL),(23,'prasad','Accountant',NULL,345,'',0,'2011-02-21 07:21:46','system','system','2011-02-21 07:21:50',71,NULL),(24,'sudeep','Bank Manager',NULL,345,'',1,'2011-02-21 07:24:16','system','system','2011-02-21 07:25:15',72,NULL),(25,'som','officer',NULL,345,'',0,'2011-02-21 07:26:24','system','system','2011-02-21 07:26:28',73,NULL),(26,'veeresh','loyer',NULL,345,'',0,'2011-02-21 07:28:19','system','system','2011-02-21 07:28:23',74,NULL),(27,'prasad','Bank Manager',NULL,345,'',0,'2011-02-21 07:45:07','system','system','2011-02-21 07:45:11',75,NULL),(28,'prasad','Advacate',NULL,345,'',0,'2011-02-21 08:00:59','system','system','2011-02-21 08:01:06',76,NULL),(29,'roy','Accountant',NULL,345,'',0,'2011-02-21 08:04:31','system','system','2011-02-21 08:04:36',77,NULL),(30,'123@#$dfd','124@#$fdd',NULL,345,'',0,'2011-02-23 13:27:49','system','system','2011-02-23 13:27:50',78,NULL),(31,'1234567890','846432131',NULL,345,'',0,'2011-02-24 13:30:29','system','system','2011-02-24 13:30:30',79,NULL),(32,'1234566','124@#$fdd',NULL,345,'',0,'2011-02-25 05:09:23','system','system','2011-02-25 05:09:24',80,NULL),(33,'124578754','@#$%^&',NULL,345,'',0,'2011-02-25 05:25:49','system','system','2011-02-25 05:25:50',81,NULL),(34,'John Abraham','Manager',NULL,404,'',4,'2011-02-26 23:17:22','system','sagar_bannikal_098@yahoo.com','2011-06-27 04:25:48',82,NULL),(36,'John Abraham','Manager',NULL,404,'',7,'2011-02-27 03:06:36','system','sagar_bannikal_098@yahoo.com','2011-06-27 04:24:29',84,NULL),(37,'Harsha','TEAM LEADER',NULL,404,'',2,'2011-02-27 06:08:47','system','system','2011-02-27 06:11:18',85,NULL),(40,'123@#$dfd','`1234567',NULL,345,'',1,'2011-03-01 12:27:33','system','system','2011-03-01 12:30:34',88,NULL),(42,'123@#$dfd','`1234567',NULL,345,'',2,'2011-03-01 13:06:14','system','system','2011-03-01 13:06:58',90,NULL),(44,'124354','5352523',NULL,345,'',0,'2011-03-01 13:08:23','system','system','2011-03-01 13:08:27',92,NULL),(48,'','',NULL,415,'',0,'2011-03-01 13:41:25','system','system','2011-03-01 13:41:29',NULL,228),(50,'Harsha','CEO',NULL,404,'',7,'2011-03-01 13:52:17','system','sagar_bannikal_098@yahoo.com','2011-07-04 06:45:07',NULL,216),(52,'Tanveer  shah k','Tanveer  shah k',NULL,416,'',7,'2011-03-01 13:53:42','system','sagar_bannikal_098@yahoo.com','2011-07-02 11:13:27',NULL,229),(53,'','',NULL,417,'',0,'2011-03-01 14:02:16','system','system','2011-03-01 14:02:20',NULL,230),(55,'Accenture','Accenture',NULL,419,'',1,'2011-03-01 14:06:09','system','system','2011-03-01 14:12:11',NULL,232),(56,'','',NULL,420,'',0,'2011-03-01 14:07:54','system','system','2011-03-01 14:07:58',NULL,233),(57,'','',NULL,421,'',0,'2011-03-02 03:57:09','system','system','2011-03-02 03:57:13',NULL,234),(58,'Sagar Best','Sagar Best',NULL,300,'',10,'2011-03-02 04:09:08','system','admin@firm.com','2011-07-29 07:32:37',NULL,98),(59,NULL,NULL,NULL,347,'',5,'2011-03-02 04:59:19','system','patil.anand677@gmail.com','2011-05-23 04:21:12',NULL,146),(61,'','',NULL,423,'',0,'2011-03-02 06:06:35','system','system','2011-03-02 06:06:38',NULL,236),(64,NULL,NULL,NULL,345,'',0,'2011-03-02 12:56:21','system','system','2011-03-02 12:56:23',NULL,143),(67,'prasad','Accountant',NULL,345,'',0,'2011-03-04 06:15:28','system','system','2011-03-04 06:15:29',96,NULL),(68,'roy','Advacate',NULL,345,'',0,'2011-03-04 11:56:40','system','system','2011-03-04 11:56:44',97,NULL),(69,'roy','Advacate',NULL,345,'',2,'2011-03-04 11:56:43','system','system','2011-03-04 12:09:18',98,NULL),(70,NULL,NULL,NULL,348,'',0,'2011-03-08 09:28:50','system','system','2011-03-08 09:28:52',NULL,147),(71,NULL,NULL,NULL,372,'',0,'2011-03-08 09:35:23','system','system','2011-03-08 09:35:24',NULL,176),(72,NULL,NULL,NULL,373,'',3,'2011-03-08 09:36:30','system','patil.anand677@gmail.com','2011-05-25 10:26:34',NULL,177),(73,NULL,NULL,NULL,424,'',0,'2011-03-08 12:22:20','system','system','2011-03-08 12:22:23',NULL,237),(74,'paru patil','paru patil',NULL,425,'',6,'2011-03-08 13:07:57','system','system','2011-04-04 12:42:50',NULL,238),(75,'raju sanglad','raju sanglad',NULL,426,'',3,'2011-03-08 13:26:51','system','system','2011-03-08 13:28:30',NULL,239),(76,'','',NULL,427,'',0,'2011-03-08 13:57:59','system','system','2011-03-08 13:58:04',NULL,240),(77,'prasad','Bank Manager',NULL,424,'',4,'2011-03-08 14:18:00','system','system','2011-03-08 14:20:13',NULL,241),(78,'Anil','Accountant',NULL,345,'',4,'2011-03-09 05:51:13','system','system','2011-03-09 05:54:19',99,NULL),(79,'rahul','assistant manager',NULL,345,'',0,'2011-03-09 06:05:08','system','system','2011-03-09 06:05:09',100,NULL),(80,'prasad','assistant manager',NULL,345,'',0,'2011-03-09 07:25:45','system','system','2011-03-09 07:25:46',101,NULL),(81,'prasad','Accountant',NULL,345,'',0,'2011-03-09 07:59:47','system','system','2011-03-09 07:59:48',102,NULL),(82,'','',NULL,428,'',0,'2011-03-10 05:52:58','system','system','2011-03-10 05:53:02',NULL,242),(83,'','',NULL,429,'',0,'2011-03-10 05:55:59','system','system','2011-03-10 05:56:02',NULL,243),(84,'anand','Manager',NULL,345,'',0,'2011-03-10 13:30:15','system','system','2011-03-10 13:30:16',103,NULL),(85,'','',NULL,430,'',0,'2011-03-11 05:17:09','system','system','2011-03-11 05:17:22',NULL,244),(86,NULL,NULL,NULL,431,'',4,'2011-03-11 06:03:56','system','anand@gmail.com','2011-07-25 11:36:43',NULL,245),(87,'','',NULL,432,'',1,'2011-03-11 06:12:08','system','system','2011-03-11 06:24:25',NULL,246),(88,'deepu','sales Manager',NULL,431,'',0,'2011-03-11 06:28:31','system','system','2011-03-11 06:28:31',NULL,247),(89,'Suhas','Accountant',NULL,431,'',0,'2011-03-11 06:33:02','system','system','2011-03-11 06:33:03',104,NULL),(90,'','',NULL,433,'',1,'2011-04-03 09:06:27','system','system','2011-04-04 12:46:33',NULL,248),(91,'','',NULL,434,'',0,'2011-04-03 09:06:31','system','system','2011-04-03 09:06:34',NULL,249),(92,NULL,NULL,NULL,435,'',0,'2011-04-03 09:51:51','system','system','2011-04-03 09:51:55',NULL,250),(93,'','',NULL,436,'',0,'2011-04-03 13:14:17','system','system','2011-04-03 13:14:20',NULL,251),(94,'','',NULL,437,'',2,'2011-04-03 13:33:02','system','patil.anand677@gmail.com','2011-05-29 13:34:10',NULL,252),(95,NULL,NULL,NULL,438,'',0,'2011-04-04 05:38:51','system','system','2011-04-04 05:38:54',NULL,253),(96,'manju Gouda','manju Gouda',NULL,439,'',2,'2011-04-04 07:12:57','system','system','2011-04-04 07:30:00',NULL,254),(97,'','',NULL,440,'',0,'2011-04-04 07:20:58','system','system','2011-04-04 07:21:01',NULL,255),(98,'sudeep','assistant manager',NULL,345,'',1,'2011-04-04 07:53:12','system','system','2011-04-04 07:55:40',NULL,256),(99,'Raghu','Bank Manager',NULL,345,'',1,'2011-04-04 08:52:30','system','system','2011-04-04 09:19:40',105,NULL),(100,'Anil','Advacate',NULL,345,'',0,'2011-04-04 11:56:29','system','system','2011-04-04 11:56:30',106,NULL),(101,NULL,NULL,NULL,399,'',0,'2011-04-04 12:45:17','system','system','2011-04-04 12:45:19',NULL,210),(102,NULL,NULL,NULL,398,'',0,'2011-04-04 12:47:45','system','system','2011-04-04 12:47:46',NULL,207),(103,'rahul','Advacate',NULL,345,'',0,'2011-04-05 12:06:34','system','system','2011-04-05 12:06:35',107,NULL),(104,'ranga','assistant manager',NULL,345,'',0,'2011-04-05 12:17:50','system','system','2011-04-05 12:17:51',108,NULL),(105,'som','Accountant',NULL,345,'',0,'2011-04-05 12:25:32','system','system','2011-04-05 12:25:33',109,NULL),(106,'Anil','Bank Manager',NULL,345,'',0,'2011-04-05 12:28:07','system','system','2011-04-05 12:28:08',110,NULL),(107,'','',NULL,441,'',0,'2011-04-05 12:59:03','system','system','2011-04-05 12:59:06',NULL,257),(108,'sagar patil','sagar patil',NULL,442,'',12,'2011-04-06 07:38:55','system','patil.anand677@gmail.com','2011-04-16 11:20:53',NULL,258),(109,'','',NULL,444,'',0,'2011-04-06 10:31:37','system','system','2011-04-06 10:31:40',NULL,259),(110,'','',NULL,445,'',0,'2011-04-06 11:43:12','system','system','2011-04-06 11:43:15',NULL,260),(111,'sandeepfdgggggggggggggggggggggg patil','sandeepfdgggggggggggggggggggggg patil',NULL,446,'',4,'2011-04-06 11:45:40','system','system','2011-04-06 11:47:30',NULL,261),(112,'prasadjjjjjjjjjjjjjjjjjjjjjjjjjjjjjjjjjjj','assistant managerhhhhhhhhhhhhjjjjjjjjj',NULL,345,'',1,'2011-04-06 11:55:25','system','system','2011-04-06 11:56:04',NULL,262),(113,'prasadjjjjjjjjjjjjjjjjjjjjjjjjjjjjjjjjjjjttttttttt','gffffffffffffffffffffffffffffffffdddddddd',NULL,345,'',11,'2011-04-06 12:01:40','system','system','2011-04-06 12:08:42',NULL,263),(115,'hghxxxxxxxxxhhhhhhhhhhhhhhhhhhhhhhh','gffffffffffffffffffffffffffffffffdddddddd',NULL,345,'',2,'2011-04-07 06:00:18','system','system','2011-04-07 06:01:08',NULL,265),(116,'prasad','Accountant',NULL,345,'',0,'2011-04-07 06:12:08','system','system','2011-04-07 06:12:11',111,NULL),(117,'prasad','Accountanthfffffffffffffffffffffffffff',NULL,345,'',3,'2011-04-07 06:13:09','system','system','2011-04-07 06:14:48',112,NULL),(118,'sandeep patilqwerttyjuilfghjnmjrdfytubmjrktqwertw','sandeep patilqwerttyjuilfghjnmjrdfytubmjrktqwertw',NULL,447,'',6,'2011-04-07 10:34:28','system','system','2011-04-07 10:41:40',NULL,266),(119,'anand','anand',NULL,448,'',6,'2011-04-07 10:54:38','system','system','2011-04-07 10:59:44',NULL,267),(122,'prasad','Accountant',NULL,345,'',4,'2011-04-08 05:19:56','system','system','2011-04-08 05:21:12',115,NULL),(123,'prasad','assistant manager',NULL,345,'',4,'2011-04-08 07:50:17','system','system','2011-04-08 07:53:22',116,NULL),(124,'Harsha','CEO',NULL,345,'',0,'2011-04-10 06:53:44','system','system','2011-04-10 06:53:46',117,NULL),(125,'','',NULL,449,'',1,'2011-04-10 09:37:19','system','system','2011-04-11 12:22:48',NULL,268),(126,'Harsha','TEAM LEADERhggggggggggggggggggggggggggggggggggggg',NULL,431,'',2,'2011-04-11 11:02:49','system','system','2011-04-11 11:04:37',NULL,269),(128,NULL,NULL,NULL,451,'',0,'2011-04-11 11:14:35','system','system','2011-04-11 11:14:40',NULL,271),(129,NULL,NULL,NULL,452,'',0,'2011-04-11 11:17:22','system','system','2011-04-11 11:17:26',NULL,272),(130,NULL,NULL,NULL,453,'',0,'2011-04-11 11:19:30','system','system','2011-04-11 11:19:35',NULL,273),(131,'RamKmar','CEO',NULL,431,'',0,'2011-04-11 12:26:24','system','system','2011-04-11 12:26:26',118,NULL),(132,'','',NULL,454,'',2,'2011-04-12 05:57:10','system','anand@gmail.com','2011-04-12 05:57:15',NULL,274),(133,'Tranfer Indiag','Tranfer Indiag',NULL,455,'',10,'2011-04-12 06:25:25','system','anand@gmail.com','2011-04-12 06:27:15',NULL,275),(134,'','',NULL,456,'',2,'2011-04-12 07:54:37','system','anand@gmail.com','2011-04-12 07:54:40',NULL,276),(135,'','',NULL,457,'',2,'2011-04-12 07:55:47','system','anand@gmail.com','2011-04-12 07:55:50',NULL,277),(136,'','',NULL,458,'',2,'2011-04-13 05:16:00','system','patil.anand677@gmail.com','2011-04-13 05:16:03',NULL,278),(149,'default,','default,',NULL,472,'',6,'2011-04-14 05:22:59','system','patil.anand677@gmail.com','2011-04-14 05:25:31',NULL,291),(150,'sandeep','sandeep',NULL,473,'',16,'2011-04-14 05:28:37','system','patil.anand677@gmail.com','2011-04-14 05:33:43',NULL,292),(151,'','',NULL,474,'',2,'2011-04-14 05:50:00','system','patil.anand677@gmail.com','2011-04-14 05:50:05',NULL,293),(152,'sandeep','sandeep',NULL,475,'',4,'2011-04-14 05:52:08','system','patil.anand677@gmail.com','2011-04-14 05:52:45',NULL,294),(153,'anand patil','anand patil',NULL,476,'',4,'2011-04-14 06:08:38','system','patil.anand677@gmail.com','2011-04-14 06:09:09',NULL,295),(156,'','',NULL,479,'',2,'2011-04-15 05:19:41','system','patil.anand677@gmail.com','2011-04-15 05:19:46',NULL,298),(157,'anand patil','anand patil',NULL,482,'',4,'2011-04-15 12:10:37','system','patil.anand677@gmail.com','2011-04-15 12:11:36',NULL,299),(158,'Shanti k','Shanti k',NULL,403,'',2,'2011-04-15 12:20:01','system','sagar_bannikal_098@yahoo.com','2011-04-15 12:20:06',NULL,215),(159,'anandanandanandanandanandanandanandanand patil','anandanandanandanandanandanandanandanand patil',NULL,483,'',4,'2011-04-15 12:49:32','system','patil.anand677@gmail.com','2011-04-15 12:49:57',NULL,300),(160,'anand','anand',NULL,484,'',14,'2011-04-15 12:56:29','system','patil.anand677@gmail.com','2011-04-15 12:59:47',NULL,301),(161,'','',NULL,485,'',2,'2011-04-16 05:51:51','system','patil.anand677@gmail.com','2011-04-16 05:51:55',NULL,302),(162,'','',NULL,486,'',2,'2011-04-16 05:54:44','system','patil.anand677@gmail.com','2011-04-16 05:54:47',NULL,303),(163,'sagar p','sagar p',NULL,487,'',4,'2011-04-16 06:47:31','system','patil.anand677@gmail.com','2011-04-16 07:05:30',NULL,304),(164,'sandeep','sandeep',NULL,488,'',4,'2011-04-16 07:46:01','system','patil.anand677@gmail.com','2011-04-16 07:48:43',NULL,305),(165,'anand patil','anand patil',NULL,489,'',4,'2011-04-16 11:10:04','system','patil.anand677@gmail.com','2011-04-16 11:24:12',NULL,306),(166,'','',NULL,490,'',2,'2011-04-16 11:28:45','system','patil.anand677@gmail.com','2011-04-16 11:28:49',NULL,307),(167,'','',NULL,491,'',2,'2011-04-16 11:31:23','system','patil.anand677@gmail.com','2011-04-16 11:31:27',NULL,308),(168,'','',NULL,492,'',2,'2011-04-16 11:45:14','system','patil.anand677@gmail.com','2011-04-16 11:45:18',NULL,309),(169,'','',NULL,493,'',2,'2011-04-18 10:24:25','system','patil.anand677@gmail.com','2011-04-18 10:24:29',NULL,310),(170,'','',NULL,494,'',2,'2011-04-18 10:26:14','system','patil.anand677@gmail.com','2011-04-18 10:26:18',NULL,311),(171,'','',NULL,495,'',2,'2011-04-18 10:26:59','system','patil.anand677@gmail.com','2011-04-18 10:27:02',NULL,312),(172,'','',NULL,496,'',2,'2011-04-19 05:13:30','system','patil.anand677@gmail.com','2011-04-19 05:13:33',NULL,313),(173,'Raghu','Bank Manager',NULL,345,'',3,'2011-04-25 05:45:36','system','patil.anand677@gmail.com','2011-04-25 05:47:37',119,NULL),(174,'','',NULL,497,'',2,'2011-04-25 05:55:09','system','patil.anand677@gmail.com','2011-04-25 05:55:13',NULL,314),(175,'','',NULL,498,'',2,'2011-04-25 11:19:12','system','patil.anand677@gmail.com','2011-04-25 11:19:16',NULL,315),(176,'Raghu','Bank Manager',NULL,345,'',1,'2011-04-25 11:29:20','system','patil.anand677@gmail.com','2011-04-25 11:29:22',120,NULL),(177,'Raghu','Bank Manager',NULL,345,'',1,'2011-04-25 11:30:49','system','patil.anand677@gmail.com','2011-04-25 11:30:50',121,NULL),(178,'','',NULL,499,'',2,'2011-04-25 12:56:50','system','patil.anand677@gmail.com','2011-04-25 12:56:54',NULL,316),(179,'','',NULL,500,'',2,'2011-04-26 13:37:41','system','patil.anand677@gmail.com','2011-04-26 13:37:44',NULL,317),(180,'','',NULL,501,'',2,'2011-04-30 05:08:13','system','anand@gmail.com','2011-04-30 05:08:17',NULL,318),(181,'Anil','Accountant',NULL,431,'',1,'2011-04-30 07:39:04','system','anand@gmail.com','2011-04-30 07:39:05',122,NULL),(182,'Raju','Bank Manager',NULL,431,'',3,'2011-04-30 07:48:44','system','anand@gmail.com','2011-04-30 08:06:41',123,NULL),(183,'manju','bank Manager',NULL,345,'',1,'2011-05-12 13:19:32','system','patil.anand677@gmail.com','2011-05-12 13:19:36',124,NULL),(184,'manju','bank Manager',NULL,345,'',1,'2011-05-12 13:22:01','system','patil.anand677@gmail.com','2011-05-12 13:22:03',125,NULL),(185,'manju','bank Manager',NULL,345,'',1,'2011-05-12 13:23:17','system','patil.anand677@gmail.com','2011-05-12 13:23:19',126,NULL),(186,'manju','bank Manager',NULL,345,'',1,'2011-05-12 13:24:34','system','patil.anand677@gmail.com','2011-05-12 13:24:37',127,NULL),(187,'manju','bank Manager',NULL,345,'',1,'2011-05-12 13:54:18','system','patil.anand677@gmail.com','2011-05-12 13:54:20',128,NULL),(188,'manju','bank Manager',NULL,345,'',1,'2011-05-12 13:55:27','system','patil.anand677@gmail.com','2011-05-12 13:55:29',129,NULL),(189,'manju','bank Manager',NULL,345,'',1,'2011-05-12 13:56:40','system','patil.anand677@gmail.com','2011-05-12 13:56:42',130,NULL),(190,'manju','bank Manager',NULL,345,'',1,'2011-05-12 13:57:27','system','patil.anand677@gmail.com','2011-05-12 13:57:29',131,NULL),(191,'','',NULL,502,'',2,'2011-05-14 04:10:45','system','patil.anand677@gmail.com','2011-05-14 04:10:52',NULL,319),(192,NULL,NULL,NULL,506,'',2,'2011-05-15 17:24:04','system','sagar_bannikal_098@yahoo.com','2011-05-15 17:24:14',NULL,320),(193,NULL,NULL,NULL,507,'',2,'2011-05-16 12:21:31','system','sagar_bannikal_098@yahoo.com','2011-05-16 12:21:40',NULL,321),(197,'manju','bank Manager',NULL,345,'',1,'2011-05-23 04:23:46','system','patil.anand677@gmail.com','2011-05-23 04:23:48',132,NULL),(198,NULL,NULL,NULL,511,'',2,'2011-05-23 23:58:45','system','sagar_bannikal_098@yahoo.com','2011-05-23 23:58:58',NULL,325),(200,'Rajesh Raniga','Rajesh Raniga',NULL,311,'',2,'2011-05-24 03:07:47','system','rraniga@uniserve.com','2011-05-24 03:08:14',NULL,111),(201,'','',NULL,512,'',2,'2011-05-25 06:58:20','system','patil.anand677@gmail.com','2011-05-25 06:58:34',NULL,326),(202,'','',NULL,513,'',2,'2011-05-25 09:31:24','system','patil.anand677@gmail.com','2011-05-25 09:31:37',NULL,327),(203,'','',NULL,514,'',2,'2011-05-25 09:37:34','system','patil.anand677@gmail.com','2011-05-25 09:37:48',NULL,328),(204,'sanjeev','bank Manager',NULL,345,'',1,'2011-05-25 10:30:11','system','patil.anand677@gmail.com','2011-05-25 10:30:16',133,NULL),(205,'manju','bank Manager',NULL,345,'',1,'2011-05-25 10:50:40','system','patil.anand677@gmail.com','2011-05-25 10:50:45',134,NULL),(206,'manju','bank Manager',NULL,345,'',1,'2011-05-25 10:52:15','system','patil.anand677@gmail.com','2011-05-25 10:52:20',135,NULL),(207,'manju','bank Manager',NULL,345,'',1,'2011-05-25 10:53:37','system','patil.anand677@gmail.com','2011-05-25 10:53:42',136,NULL),(208,'manju','bank Manager',NULL,345,'',1,'2011-05-27 04:44:36','system','patil.anand677@gmail.com','2011-05-27 04:44:38',137,NULL),(209,'','',NULL,515,'',2,'2011-05-27 06:48:11','system','patil.anand677@gmail.com','2011-05-27 06:48:16',NULL,329),(210,NULL,NULL,NULL,516,'',2,'2011-05-27 13:44:12','system','sagar_bannikal_098@yahoo.com','2011-05-27 13:44:18',NULL,330),(211,'sanjeev B','sanjeev B',NULL,346,'',8,'2011-05-29 11:25:53','system','patil.anand677@gmail.com','2011-07-29 10:45:11',NULL,144),(212,'Rajesh','Accountant',NULL,345,'',1,'2011-05-31 05:05:25','system','patil.anand677@gmail.com','2011-05-31 05:05:28',138,NULL),(213,'Rajesh','bank Manager',NULL,345,'',1,'2011-05-31 05:08:13','system','patil.anand677@gmail.com','2011-05-31 05:08:16',139,NULL),(214,'manju','bank Manager',NULL,345,'',1,'2011-05-31 05:11:17','system','patil.anand677@gmail.com','2011-05-31 05:11:20',140,NULL),(215,'manju','bank Manager',NULL,345,'',1,'2011-05-31 05:14:35','system','patil.anand677@gmail.com','2011-05-31 05:14:38',141,NULL),(216,NULL,NULL,NULL,517,'',2,'2011-05-31 05:18:28','system','patil.anand677@gmail.com','2011-05-31 05:18:39',NULL,331),(217,'','',NULL,518,'',2,'2011-06-01 11:45:35','system','sagar_bannikal_098@yahoo.com','2011-06-01 11:45:50',NULL,332),(218,'manju','bank Manager',NULL,431,'',1,'2011-06-01 13:49:26','system','anand@gmail.com','2011-06-01 13:49:28',142,NULL),(220,'Rajesh','bank Manager',NULL,431,'',1,'2011-06-01 14:00:39','system','anand@gmail.com','2011-06-01 14:00:43',144,NULL),(222,'sandeep','bank Manager',NULL,345,'',1,'2011-06-06 06:42:01','system','patil.anand677@gmail.com','2011-06-06 06:42:03',145,NULL),(223,'manju','bank Manager',NULL,345,'',1,'2011-06-06 06:53:47','system','patil.anand677@gmail.com','2011-06-06 06:53:49',146,NULL),(225,'','',NULL,521,'',2,'2011-06-06 07:45:49','system','patil.anand677@gmail.com','2011-06-06 07:45:53',NULL,335),(226,'','',NULL,522,'',2,'2011-06-06 10:07:11','system','patil.anand677@gmail.com','2011-06-06 10:07:15',NULL,336),(227,'','',NULL,523,'',2,'2011-06-06 10:30:27','system','patil.anand677@gmail.com','2011-06-06 10:30:31',NULL,337),(228,'manju','bank Manager',NULL,345,'',1,'2011-06-06 10:57:51','system','patil.anand677@gmail.com','2011-06-06 10:57:52',147,NULL),(229,'manju','Accountant',NULL,345,'',1,'2011-06-06 11:07:14','system','patil.anand677@gmail.com','2011-06-06 11:07:15',148,NULL),(230,'Rajesh','bank Manager',NULL,345,'',1,'2011-06-06 11:14:39','system','patil.anand677@gmail.com','2011-06-06 11:14:40',149,NULL),(231,'raghu','Accountant',NULL,345,'',1,'2011-06-06 11:39:54','system','patil.anand677@gmail.com','2011-06-06 11:39:56',150,NULL),(233,'sanjeev Patil','sanjeev Patil',NULL,525,'',4,'2011-06-06 11:43:34','system','patil.anand677@gmail.com','2011-06-06 11:45:09',NULL,339),(234,'','',NULL,526,'',2,'2011-06-06 11:47:21','system','patil.anand677@gmail.com','2011-06-06 11:47:24',NULL,340),(235,NULL,NULL,NULL,527,'',2,'2011-06-06 14:17:26','system','patil.anand677@gmail.com','2011-06-06 14:17:30',NULL,341),(236,'','',NULL,528,'',2,'2011-06-08 07:32:12','system','patil.anand677@gmail.com','2011-06-08 07:32:18',NULL,342),(237,'sourabh','Accountant',NULL,345,'',2,'2011-06-08 07:37:11','system','patil.anand677@gmail.com','2011-06-08 07:37:12',NULL,343),(238,'sourabh','Customer',NULL,345,'',1,'2011-06-08 07:40:34','system','patil.anand677@gmail.com','2011-06-08 07:40:36',151,NULL),(239,'Rajesh','Customer',NULL,345,'',1,'2011-06-08 07:42:07','system','patil.anand677@gmail.com','2011-06-08 07:42:09',152,NULL),(240,'sourabh','Customer',NULL,345,'',1,'2011-06-08 07:44:01','system','patil.anand677@gmail.com','2011-06-08 07:44:03',153,NULL),(241,'sandeep','Accountant',NULL,345,'',1,'2011-06-08 07:45:28','system','patil.anand677@gmail.com','2011-06-08 07:45:30',154,NULL),(242,NULL,NULL,NULL,529,'',2,'2011-06-09 01:34:13','system','rraniga@uniserve.com','2011-06-09 01:34:18',NULL,344),(243,'','',NULL,530,'',2,'2011-06-09 01:49:11','system','rraniga@uniserve.com','2011-06-09 01:49:17',NULL,345),(244,'Shaun Bhagra','Manager',NULL,529,'',2,'2011-06-09 02:09:19','system','rraniga@uniserve.com','2011-06-09 02:09:19',NULL,346),(245,'Raina Mehta','Loan manager',NULL,529,'',2,'2011-06-09 02:17:38','system','rraniga@uniserve.com','2011-06-09 02:20:23',155,NULL),(246,'Brian James','Partner',NULL,529,'',1,'2011-06-09 02:25:23','system','rraniga@uniserve.com','2011-06-09 02:25:25',156,NULL),(247,'Murali','Agent',NULL,529,'',1,'2011-06-09 02:30:21','system','rraniga@uniserve.com','2011-06-09 02:30:23',157,NULL),(248,'lind Jayworth','Rep',NULL,529,'',1,'2011-06-09 02:33:03','system','rraniga@uniserve.com','2011-06-09 02:33:05',158,NULL),(249,'ravi','Accountant',NULL,345,'',2,'2011-06-11 13:07:41','system','patil.anand677@gmail.com','2011-06-11 13:07:41',NULL,347),(250,'anandanandanandanandanand Patil','anandanandanandanandanand Patil',NULL,531,'',6,'2011-06-11 14:04:57','system','patil.anand677@gmail.com','2011-06-11 14:06:30',NULL,348),(251,'','',NULL,532,'',2,'2011-06-13 12:48:29','system','patil.anand677@gmail.com','2011-06-13 12:48:35',NULL,349),(252,'','',NULL,533,'',2,'2011-06-13 13:21:06','system','patil.anand677@gmail.com','2011-06-13 13:21:12',NULL,350),(253,NULL,NULL,NULL,371,'',2,'2011-06-13 13:45:01','system','patil.anand677@gmail.com','2011-06-13 13:45:04',NULL,172),(254,'Krishna','assistant manager',NULL,404,'',2,'2011-06-14 04:01:15','system','sagar_bannikal_098@yahoo.com','2011-06-14 04:01:15',NULL,351),(255,'','',NULL,534,'',2,'2011-06-14 10:44:56','system','patil.anand677@gmail.com','2011-06-14 10:45:02',NULL,352),(256,'Rajesh','bank Manager',NULL,345,'',2,'2011-06-15 10:25:59','system','patil.anand677@gmail.com','2011-06-15 10:26:00',NULL,353),(257,'manju','bank Manager',NULL,345,'',1,'2011-06-15 10:43:57','system','patil.anand677@gmail.com','2011-06-15 10:43:59',159,NULL),(258,'manju','bank Manager',NULL,345,'',1,'2011-06-15 10:46:59','system','patil.anand677@gmail.com','2011-06-15 10:47:01',160,NULL),(259,'manju','bank Manager',NULL,345,'',1,'2011-06-15 10:49:51','system','patil.anand677@gmail.com','2011-06-15 10:49:54',161,NULL),(266,'apooorva','ghjdjghjghjk',NULL,299,'',2,'2011-06-21 06:44:48','system','admin@firm.com','2011-06-21 06:44:48',NULL,354),(267,'apoorvada dhanvanthri','apoorvada dhanvanthri',NULL,536,'',8,'2011-06-21 06:55:13','system','admin@firm.com','2011-07-01 06:41:34',NULL,355),(268,'apooorva','eytyutru',NULL,299,'',1,'2011-06-21 06:59:30','system','admin@firm.com','2011-06-21 06:59:32',168,NULL),(269,'apooorva','eytyutru',NULL,299,'',1,'2011-06-21 07:00:56','system','admin@firm.com','2011-06-21 07:00:58',169,NULL),(270,'apooorva','ghjdjghjghjk',NULL,299,'',1,'2011-06-21 07:02:28','system','admin@firm.com','2011-06-21 07:02:30',170,NULL),(271,'apooorva','eytyutru',NULL,299,'',1,'2011-06-21 07:03:31','system','admin@firm.com','2011-06-21 07:03:33',171,NULL),(272,'','',NULL,537,'',2,'2011-06-21 07:08:02','system','admin@firm.com','2011-06-21 07:08:07',NULL,356),(273,'','',NULL,538,'',2,'2011-06-21 13:34:53','system','patil.anand677@gmail.com','2011-06-21 13:35:00',NULL,357),(274,'','',NULL,539,'',2,'2011-06-24 11:43:14','system','patil.anand677@gmail.com','2011-06-24 11:43:19',NULL,358),(287,NULL,NULL,NULL,540,'',2,'2011-06-26 14:02:46','system','sagar_bannikal_098@yahoo.com','2011-06-26 14:02:58',NULL,359),(288,'apooorva','eytyutru',NULL,404,'',1,'2011-06-28 06:03:16','system','sagar_bannikal_098@yahoo.com','2011-06-28 06:03:18',184,NULL),(289,'apooorva','eytyutru',NULL,404,'',2,'2011-06-28 06:08:08','system','sagar_bannikal_098@yahoo.com','2011-07-01 09:27:08',185,NULL),(290,'apooorva','eytyutru',NULL,404,'',2,'2011-06-28 06:08:57','system','sagar_bannikal_098@yahoo.com','2011-06-28 06:08:57',NULL,360),(298,'','',NULL,552,'',2,'2011-06-28 13:14:08','system','patil.anand677@gmail.com','2011-06-28 13:14:14',NULL,367),(299,'','',NULL,553,'',4,'2011-06-28 13:22:53','system','sagar_bannikal_098@yahoo.com','2011-06-28 13:23:48',NULL,368),(300,'reta Chavan','reta Chavan',NULL,554,'',6,'2011-06-30 06:24:46','system','sagar_bannikal_098@yahoo.com','2011-06-30 06:54:31',NULL,369),(301,'prasad','Accountant',NULL,404,'',1,'2011-06-30 06:56:17','system','sagar_bannikal_098@yahoo.com','2011-06-30 06:56:19',186,NULL),(302,'prasad','assistant manager',NULL,404,'',1,'2011-06-30 06:58:16','system','sagar_bannikal_098@yahoo.com','2011-06-30 06:58:18',187,NULL),(303,'','',NULL,555,'',2,'2011-06-30 10:39:31','system','patil.anand677@gmail.com','2011-06-30 10:39:36',NULL,370),(304,'prasad','Accountant',NULL,404,'',1,'2011-06-30 10:55:25','system','sagar_bannikal_098@yahoo.com','2011-06-30 10:55:26',188,NULL),(305,'sourabh','Accountant',NULL,345,'',1,'2011-06-30 10:57:53','system','patil.anand677@gmail.com','2011-06-30 10:57:55',189,NULL),(307,'','',NULL,557,'',2,'2011-06-30 11:22:52','system','patil.anand677@gmail.com','2011-06-30 11:22:57',NULL,372),(308,'','',NULL,558,'',2,'2011-07-01 06:40:38','system','admin@firm.com','2011-07-01 06:40:45',NULL,373),(309,'apooorva','eytyutru',NULL,299,'',1,'2011-07-01 06:43:29','system','admin@firm.com','2011-07-01 06:43:31',190,NULL),(310,'apooorva','eytyutru',NULL,299,'',1,'2011-07-01 06:44:32','system','admin@firm.com','2011-07-01 06:44:34',191,NULL),(311,'apooorva','eytyutru',NULL,299,'',1,'2011-07-01 06:47:09','system','admin@firm.com','2011-07-01 06:47:11',192,NULL),(312,'prasad','Accountant',NULL,404,'',1,'2011-07-01 09:44:39','system','sagar_bannikal_098@yahoo.com','2011-07-01 09:44:42',193,NULL),(313,'','',NULL,560,'',2,'2011-07-03 06:33:55','system','anand@gmail.com','2011-07-03 06:34:03',NULL,374),(314,'','',NULL,561,'',2,'2011-07-03 06:53:50','system','anand@gmail.com','2011-07-03 06:53:58',NULL,375),(315,'','',NULL,562,'',2,'2011-07-03 07:10:07','system','sagar_bannikal_098@yahoo.com','2011-07-03 07:10:14',NULL,376),(316,NULL,NULL,NULL,563,'',2,'2011-07-04 06:46:01','system','sagar_bannikal_098@yahoo.com','2011-07-04 06:46:07',NULL,377),(317,NULL,NULL,NULL,320,'',1,'2011-07-07 04:28:15','system','ssytem','0000-00-00 00:00:00',NULL,120),(318,NULL,NULL,NULL,321,'',1,'2011-07-07 04:28:51','system','system','0000-00-00 00:00:00',NULL,121),(319,'','',NULL,564,'',2,'2011-07-07 11:41:48','system','patil.anand677@gmail.com','2011-07-07 11:41:56',NULL,378),(320,'Rajesh','Accountant',NULL,345,'',1,'2011-07-07 11:45:28','system','patil.anand677@gmail.com','2011-07-07 11:45:34',194,NULL),(321,'sandeep','bank Manager',NULL,345,'',1,'2011-07-07 11:48:31','system','patil.anand677@gmail.com','2011-07-07 11:48:33',195,NULL),(322,NULL,NULL,NULL,566,'',2,'2011-07-13 21:41:28','system','rraniga@uniserve.com','2011-07-13 21:41:35',NULL,379),(323,'','',NULL,567,'',2,'2011-07-13 21:46:01','system','rraniga@uniserve.com','2011-07-13 21:46:07',NULL,380),(324,'','',NULL,568,'',2,'2011-07-17 12:53:43','system','patil.anand677@gmail.com','2011-07-17 12:54:11',NULL,381),(325,NULL,NULL,NULL,315,'',16,'2011-07-18 12:43:51','system','sagar_bannikal_098@yahoo.com','2011-07-30 05:55:34',NULL,115),(326,'','',NULL,569,'',6,'2011-07-18 13:00:15','system','apoorvada@yahoo.com','2011-07-19 07:24:10',NULL,382),(327,NULL,NULL,NULL,344,'',26,'2011-07-18 13:05:05','system','patil.anand677@gmail.com','2011-07-30 12:25:24',NULL,142),(328,'','',NULL,570,'',6,'2011-07-18 13:21:16','system','aa@gmail.com','2011-07-18 13:24:03',NULL,383),(329,'','',NULL,571,'',4,'2011-07-19 07:04:20','system','apoorvada123@yahoo.com','2011-07-19 07:07:01',NULL,384),(330,'','',NULL,572,'',2,'2011-07-19 11:53:06','system','patil.anand677@gmail.com','2011-07-19 11:53:25',NULL,385),(331,'sourabh','sourabh',NULL,573,'',4,'2011-07-21 12:03:14','system','patil.anand677@gmail.com','2011-07-21 12:05:58',NULL,386),(332,'Anil','Accountant',NULL,345,'',2,'2011-07-21 12:18:57','system','patil.anand677@gmail.com','2011-07-21 12:18:58',NULL,387),(333,'','',NULL,574,'',2,'2011-07-22 09:16:44','system','patil.anand677@gmail.com','2011-07-22 09:16:50',NULL,388),(334,'','',NULL,575,'',2,'2011-07-24 12:33:14','system','sagar_bannikal_098@yahoo.com','2011-07-24 12:33:26',NULL,389),(335,'','',NULL,576,'',2,'2011-07-24 12:33:31','system','sagar_bannikal_098@yahoo.com','2011-07-24 12:33:43',NULL,390),(336,'Anand','Bank Manager',NULL,431,'',1,'2011-07-25 11:58:10','system','anand@gmail.com','2011-07-25 11:58:12',196,NULL),(337,NULL,NULL,NULL,577,'',2,'2011-07-29 07:15:19','system','admin@firm.com','2011-07-29 07:15:34',NULL,391),(338,'Raju B','Raju B',NULL,578,'',4,'2011-07-29 09:51:14','system','patil.anand677@gmail.com','2011-07-29 09:52:56',NULL,392),(339,'Rajesh','Rajesh',NULL,579,'',6,'2011-07-29 10:14:11','system','patil.anand677@gmail.com','2011-07-29 10:23:24',NULL,393),(340,'Rajesh Association ','Rajesh Association ',NULL,580,'',4,'2011-07-29 10:28:43','system','patil.anand677@gmail.com','2011-07-29 10:31:05',NULL,394);
/*!40000 ALTER TABLE `point_of_contact` ENABLE KEYS */;
UNLOCK TABLES;

--
-- Table structure for table `communication`
--

DROP TABLE IF EXISTS `communication`;
/*!40101 SET @saved_cs_client     = @@character_set_client */;
/*!40101 SET character_set_client = utf8 */;
CREATE TABLE `communication` (
  `id` bigint(20) unsigned NOT NULL AUTO_INCREMENT,
  `contact_detail` varchar(50) NOT NULL,
  `contact_point_id` bigint(20) unsigned NOT NULL,
  `communication_type` smallint(20) unsigned NOT NULL,
  `best_time_to_contact` varchar(50) DEFAULT NULL,
  `preferred_flag` bit(1) DEFAULT NULL,
  `create_date` timestamp NOT NULL DEFAULT CURRENT_TIMESTAMP ON UPDATE CURRENT_TIMESTAMP,
  `create_user_id` varchar(50) NOT NULL,
  `last_update_user_id` varchar(50) NOT NULL,
  `last_update_date` timestamp NOT NULL DEFAULT '0000-00-00 00:00:00',
  `version` int(11) NOT NULL,
  `active_flag` bit(1) DEFAULT NULL,
  `sub_type` smallint(5) unsigned DEFAULT NULL,
  PRIMARY KEY (`id`),
  KEY `fk_comm_is_for_contact_point` (`contact_point_id`),
  KEY `fk_comm_has_comm_type` (`communication_type`),
  CONSTRAINT `fk_comm_has_comm_type` FOREIGN KEY (`communication_type`) REFERENCES `communication_type` (`id`),
  CONSTRAINT `fk_comm_is_for_contact_point` FOREIGN KEY (`contact_point_id`) REFERENCES `point_of_contact` (`id`)
) ENGINE=InnoDB AUTO_INCREMENT=1212 DEFAULT CHARSET=latin1;
/*!40101 SET character_set_client = @saved_cs_client */;

--
-- Dumping data for table `communication`
--

LOCK TABLES `communication` WRITE;
/*!40000 ALTER TABLE `communication` DISABLE KEYS */;
INSERT INTO `communication` VALUES (1,'24342',3,3,NULL,NULL,'2011-02-17 14:45:20','system','system','2011-02-17 14:45:22',0,'',NULL),(2,'sagar@yahhooo.com',3,1,NULL,NULL,'2011-02-17 14:45:22','system','system','2011-02-17 14:45:22',0,'',NULL),(3,'24',3,2,NULL,NULL,'2011-02-17 14:45:22','system','system','2011-02-17 14:45:22',0,'',NULL),(4,'www.sagar.com',3,7,NULL,NULL,'2011-02-17 14:45:22','system','system','2011-02-17 14:45:22',0,'',NULL),(5,'123-343-1111',4,3,NULL,NULL,'2011-02-17 14:46:18','system','system','2011-04-04 12:28:43',1,'',3),(6,'prasad@gmail.com',4,1,NULL,NULL,'2011-02-17 14:46:21','system','system','2011-04-04 12:28:43',1,'',NULL),(7,'123-343-1111',4,2,NULL,NULL,'2011-02-17 14:46:21','system','system','2011-04-04 12:28:43',1,'',NULL),(8,'www.gmail.com',4,7,NULL,NULL,'2011-02-17 14:46:21','system','system','2011-04-04 12:28:43',1,'',NULL),(9,'414143534',5,3,NULL,NULL,'2011-02-17 14:47:57','system','system','2011-02-17 14:47:59',0,'',NULL),(10,'ranga#gmail.com',5,1,NULL,NULL,'2011-02-17 14:47:59','system','system','2011-02-17 14:47:59',0,'',NULL),(11,'124563',5,2,NULL,NULL,'2011-02-17 14:47:59','system','system','2011-02-17 14:47:59',0,'',NULL),(12,'www.gmail.com',5,7,NULL,NULL,'2011-02-17 14:47:59','system','system','2011-02-17 14:47:59',0,'',NULL),(13,'24342',6,3,NULL,NULL,'2011-02-17 14:56:41','system','system','2011-02-17 14:56:43',0,'',NULL),(14,'anada@gmai.com',6,1,NULL,NULL,'2011-02-17 14:56:43','system','system','2011-02-17 14:56:43',0,'',NULL),(15,'34445',6,2,NULL,NULL,'2011-02-17 14:56:43','system','system','2011-02-17 14:56:43',0,'',NULL),(16,'www.test.com',6,7,NULL,NULL,'2011-02-17 14:56:43','system','system','2011-02-17 14:56:43',0,'',NULL),(17,'24569873',7,3,NULL,NULL,'2011-02-18 05:31:10','system','system','2011-02-18 05:31:12',0,'',NULL),(18,'roy@gmail.com',7,1,NULL,NULL,'2011-02-18 05:31:12','system','system','2011-02-18 05:31:12',0,'',NULL),(19,'147856',7,2,NULL,NULL,'2011-02-18 05:31:12','system','system','2011-02-18 05:31:12',0,'',NULL),(20,'www.gmail.com',7,7,NULL,NULL,'2011-02-18 05:31:12','system','system','2011-02-18 05:31:12',0,'',NULL),(21,'4785693',8,3,NULL,NULL,'2011-02-18 05:40:16','system','system','2011-02-18 05:40:18',0,'',NULL),(22,'som@gmail.com',8,1,NULL,NULL,'2011-02-18 05:40:18','system','system','2011-02-18 05:40:18',0,'',NULL),(23,'41257878',8,2,NULL,NULL,'2011-02-18 05:40:18','system','system','2011-02-18 05:40:18',0,'',NULL),(24,'www.gmail.com',8,7,NULL,NULL,'2011-02-18 05:40:18','system','system','2011-02-18 05:40:18',0,'',NULL),(25,'414143534',9,3,NULL,NULL,'2011-02-18 05:42:36','system','system','2011-02-18 05:42:39',0,'',NULL),(26,'roy@gmail.com',9,1,NULL,NULL,'2011-02-18 05:42:39','system','system','2011-02-18 05:42:39',0,'',NULL),(27,'',9,2,NULL,NULL,'2011-02-18 05:42:39','system','system','2011-02-18 05:42:39',0,'',NULL),(28,'www.gmail.com',9,7,NULL,NULL,'2011-02-18 05:42:39','system','system','2011-02-18 05:42:39',0,'',NULL),(29,'4785693',10,3,NULL,NULL,'2011-02-18 05:44:27','system','system','2011-02-18 05:44:29',0,'',NULL),(30,'rahhul@yahoo.com',10,1,NULL,NULL,'2011-02-18 05:44:29','system','system','2011-02-18 05:44:29',0,'',NULL),(31,'',10,2,NULL,NULL,'2011-02-18 05:44:29','system','system','2011-02-18 05:44:29',0,'',NULL),(32,'www.gmail.com',10,7,NULL,NULL,'2011-02-18 05:44:29','system','system','2011-02-18 05:44:29',0,'',NULL),(33,'24342',11,3,NULL,NULL,'2011-02-18 05:57:40','system','system','2011-02-18 05:57:42',0,'',NULL),(34,'sagar@yahhooo.com',11,1,NULL,NULL,'2011-02-18 05:57:42','system','system','2011-02-18 05:57:42',0,'',NULL),(35,'34445',11,2,NULL,NULL,'2011-02-18 05:57:42','system','system','2011-02-18 05:57:42',0,'',NULL),(36,'www.sagar.com',11,7,NULL,NULL,'2011-02-18 05:57:42','system','system','2011-02-18 05:57:42',0,'',NULL),(37,'414143534',12,3,NULL,NULL,'2011-02-18 07:01:20','system','system','2011-02-18 07:01:23',0,'',NULL),(38,'prasad#gmail.com',12,1,NULL,NULL,'2011-02-18 07:01:23','system','system','2011-02-18 07:01:23',0,'',NULL),(39,'33533353',12,2,NULL,NULL,'2011-02-18 07:01:23','system','system','2011-02-18 07:01:23',0,'',NULL),(40,'www.gmail.com',12,7,NULL,NULL,'2011-02-18 07:01:23','system','system','2011-02-18 07:01:23',0,'',NULL),(41,'',13,3,NULL,NULL,'2011-02-18 07:11:17','system','system','2011-02-18 07:11:20',0,'',NULL),(42,'',13,1,NULL,NULL,'2011-02-18 07:11:20','system','system','2011-02-18 07:11:20',0,'',NULL),(43,'',13,2,NULL,NULL,'2011-02-18 07:11:20','system','system','2011-02-18 07:11:20',0,'',NULL),(44,'',13,7,NULL,NULL,'2011-02-18 07:11:20','system','system','2011-02-18 07:11:20',0,'',NULL),(45,'',14,3,NULL,NULL,'2011-02-18 07:24:02','system','system','2011-02-18 07:24:05',0,'',NULL),(46,'',14,1,NULL,NULL,'2011-02-18 07:24:05','system','system','2011-02-18 07:24:05',0,'',NULL),(47,'',14,2,NULL,NULL,'2011-02-18 07:24:05','system','system','2011-02-18 07:24:05',0,'',NULL),(48,'',14,7,NULL,NULL,'2011-02-18 07:24:05','system','system','2011-02-18 07:24:05',0,'',NULL),(49,'414143534',15,3,NULL,NULL,'2011-02-18 07:27:32','system','system','2011-02-18 07:29:58',1,'',NULL),(50,'ranga#gmail.com',15,1,NULL,NULL,'2011-02-18 07:27:35','system','system','2011-02-18 07:29:58',1,'',NULL),(51,'14247',15,2,NULL,NULL,'2011-02-18 07:27:35','system','system','2011-02-18 07:29:58',1,'',NULL),(52,'www.gmail.com',15,7,NULL,NULL,'2011-02-18 07:27:35','system','system','2011-02-18 07:29:58',1,'',NULL),(53,'',16,3,NULL,NULL,'2011-02-18 07:35:26','system','system','2011-02-18 07:35:28',0,'',NULL),(54,'',16,1,NULL,NULL,'2011-02-18 07:35:28','system','system','2011-02-18 07:35:28',0,'',NULL),(55,'',16,2,NULL,NULL,'2011-02-18 07:35:28','system','system','2011-02-18 07:35:28',0,'',NULL),(56,'',16,7,NULL,NULL,'2011-02-18 07:35:28','system','system','2011-02-18 07:35:28',0,'',NULL),(57,'',17,3,NULL,NULL,'2011-02-18 07:39:05','system','system','2011-02-18 07:44:46',2,'',NULL),(58,'',17,1,NULL,NULL,'2011-02-18 07:39:07','system','system','2011-02-18 07:44:46',2,'',NULL),(59,'',17,2,NULL,NULL,'2011-02-18 07:39:07','system','system','2011-02-18 07:44:46',2,'',NULL),(60,'',17,7,NULL,NULL,'2011-02-18 07:39:07','system','system','2011-02-18 07:44:46',2,'',NULL),(61,'24569873',18,3,NULL,NULL,'2011-02-18 07:50:34','system','system','2011-02-18 07:50:37',0,'',NULL),(62,'rahhul@yahoo.com',18,1,NULL,NULL,'2011-02-18 07:50:37','system','system','2011-02-18 07:50:37',0,'',NULL),(63,'124563',18,2,NULL,NULL,'2011-02-18 07:50:37','system','system','2011-02-18 07:50:37',0,'',NULL),(64,'www.yhoo.com',18,7,NULL,NULL,'2011-02-18 07:50:37','system','system','2011-02-18 07:50:37',0,'',NULL),(65,'',19,3,NULL,NULL,'2011-02-18 07:52:24','system','system','2011-02-18 07:53:09',1,'',NULL),(66,'',19,1,NULL,NULL,'2011-02-18 07:52:26','system','system','2011-02-18 07:53:09',1,'',NULL),(67,'14545',19,2,NULL,NULL,'2011-02-18 07:52:26','system','system','2011-02-18 07:53:09',1,'',NULL),(68,'',19,7,NULL,NULL,'2011-02-18 07:52:26','system','system','2011-02-18 07:53:09',1,'',NULL),(69,'',20,3,NULL,NULL,'2011-02-18 07:57:31','system','system','2011-02-18 07:57:33',0,'',NULL),(70,'',20,1,NULL,NULL,'2011-02-18 07:57:33','system','system','2011-02-18 07:57:33',0,'',NULL),(71,'',20,2,NULL,NULL,'2011-02-18 07:57:33','system','system','2011-02-18 07:57:33',0,'',NULL),(72,'',20,7,NULL,NULL,'2011-02-18 07:57:33','system','system','2011-02-18 07:57:33',0,'',NULL),(73,'',21,3,NULL,NULL,'2011-02-21 06:13:19','system','system','2011-02-21 06:25:58',1,'',NULL),(74,'ranga#gmail.com',21,1,NULL,NULL,'2011-02-21 06:13:21','system','system','2011-02-21 06:25:58',1,'',NULL),(75,'',21,2,NULL,NULL,'2011-02-21 06:13:21','system','system','2011-02-21 06:25:58',1,'',NULL),(76,'',21,7,NULL,NULL,'2011-02-21 06:13:21','system','system','2011-02-21 06:25:58',1,'',NULL),(77,'414143534',22,3,NULL,NULL,'2011-02-21 07:07:54','system','system','2011-02-21 07:08:00',0,'',NULL),(78,'prasad@gmail.com',22,1,NULL,NULL,'2011-02-21 07:08:00','system','system','2011-02-21 07:08:00',0,'',NULL),(79,'124563',22,2,NULL,NULL,'2011-02-21 07:08:00','system','system','2011-02-21 07:08:00',0,'',NULL),(80,'www.yahoo.com',22,7,NULL,NULL,'2011-02-21 07:08:00','system','system','2011-02-21 07:08:00',0,'',NULL),(81,'',23,3,NULL,NULL,'2011-02-21 07:21:46','system','system','2011-02-21 07:21:50',0,'',NULL),(82,'',23,1,NULL,NULL,'2011-02-21 07:21:50','system','system','2011-02-21 07:21:50',0,'',NULL),(83,'',23,2,NULL,NULL,'2011-02-21 07:21:50','system','system','2011-02-21 07:21:50',0,'',NULL),(84,'',23,7,NULL,NULL,'2011-02-21 07:21:50','system','system','2011-02-21 07:21:50',0,'',NULL),(85,'45789658',24,3,NULL,NULL,'2011-02-21 07:24:17','system','system','2011-02-21 07:25:15',1,'',NULL),(86,'sandeep@gmail.com',24,1,NULL,NULL,'2011-02-21 07:24:21','system','system','2011-02-21 07:25:15',1,'',NULL),(87,'21457892',24,2,NULL,NULL,'2011-02-21 07:24:21','system','system','2011-02-21 07:25:15',1,'',NULL),(88,'www.gmail.com',24,7,NULL,NULL,'2011-02-21 07:24:21','system','system','2011-02-21 07:25:15',1,'',NULL),(89,'',25,3,NULL,NULL,'2011-02-21 07:26:24','system','system','2011-02-21 07:26:28',0,'',NULL),(90,'',25,1,NULL,NULL,'2011-02-21 07:26:28','system','system','2011-02-21 07:26:28',0,'',NULL),(91,'',25,2,NULL,NULL,'2011-02-21 07:26:28','system','system','2011-02-21 07:26:28',0,'',NULL),(92,'',25,7,NULL,NULL,'2011-02-21 07:26:28','system','system','2011-02-21 07:26:28',0,'',NULL),(93,'',26,3,NULL,NULL,'2011-02-21 07:28:19','system','system','2011-02-21 07:28:23',0,'',NULL),(94,'',26,1,NULL,NULL,'2011-02-21 07:28:23','system','system','2011-02-21 07:28:23',0,'',NULL),(95,'',26,2,NULL,NULL,'2011-02-21 07:28:23','system','system','2011-02-21 07:28:23',0,'',NULL),(96,'',26,7,NULL,NULL,'2011-02-21 07:28:23','system','system','2011-02-21 07:28:23',0,'',NULL),(97,'',27,3,NULL,NULL,'2011-02-21 07:45:07','system','system','2011-02-21 07:45:11',0,'',NULL),(98,'',27,1,NULL,NULL,'2011-02-21 07:45:11','system','system','2011-02-21 07:45:11',0,'',NULL),(99,'',27,2,NULL,NULL,'2011-02-21 07:45:11','system','system','2011-02-21 07:45:11',0,'',NULL),(100,'',27,7,NULL,NULL,'2011-02-21 07:45:11','system','system','2011-02-21 07:45:11',0,'',NULL),(101,'',28,3,NULL,NULL,'2011-02-21 08:00:59','system','system','2011-02-21 08:01:06',0,'',NULL),(102,'',28,1,NULL,NULL,'2011-02-21 08:01:06','system','system','2011-02-21 08:01:06',0,'',NULL),(103,'',28,2,NULL,NULL,'2011-02-21 08:01:06','system','system','2011-02-21 08:01:06',0,'',NULL),(104,'',28,7,NULL,NULL,'2011-02-21 08:01:06','system','system','2011-02-21 08:01:06',0,'',NULL),(105,'',29,3,NULL,NULL,'2011-02-21 08:04:31','system','system','2011-02-21 08:04:36',0,'',NULL),(106,'',29,1,NULL,NULL,'2011-02-21 08:04:36','system','system','2011-02-21 08:04:36',0,'',NULL),(107,'',29,2,NULL,NULL,'2011-02-21 08:04:36','system','system','2011-02-21 08:04:36',0,'',NULL),(108,'',29,7,NULL,NULL,'2011-02-21 08:04:36','system','system','2011-02-21 08:04:36',0,'',NULL),(109,'',30,3,NULL,NULL,'2011-02-23 13:27:49','system','system','2011-02-23 13:27:50',0,'',NULL),(110,'',30,1,NULL,NULL,'2011-02-23 13:27:50','system','system','2011-02-23 13:27:50',0,'',NULL),(111,'',30,2,NULL,NULL,'2011-02-23 13:27:50','system','system','2011-02-23 13:27:50',0,'',NULL),(112,'',30,7,NULL,NULL,'2011-02-23 13:27:50','system','system','2011-02-23 13:27:50',0,'',NULL),(113,'2451247856314',31,3,NULL,NULL,'2011-02-24 13:30:29','system','system','2011-02-24 13:30:30',0,'',NULL),(114,'2418419',31,1,NULL,NULL,'2011-02-24 13:30:30','system','system','2011-02-24 13:30:30',0,'',NULL),(115,'1243645',31,2,NULL,NULL,'2011-02-24 13:30:30','system','system','2011-02-24 13:30:30',0,'',NULL),(116,'2314368760',31,7,NULL,NULL,'2011-02-24 13:30:30','system','system','2011-02-24 13:30:30',0,'',NULL),(117,'dsgfhgfjfj',32,3,NULL,NULL,'2011-02-25 05:09:23','system','system','2011-02-25 05:09:24',0,'',NULL),(118,'21726526718',32,1,NULL,NULL,'2011-02-25 05:09:24','system','system','2011-02-25 05:09:24',0,'',NULL),(119,'agffgjfj',32,2,NULL,NULL,'2011-02-25 05:09:24','system','system','2011-02-25 05:09:24',0,'',NULL),(120,'as123@#$%',32,7,NULL,NULL,'2011-02-25 05:09:24','system','system','2011-02-25 05:09:24',0,'',NULL),(121,'fzhfzhrtes',33,3,NULL,NULL,'2011-02-25 05:25:49','system','system','2011-02-25 05:25:50',0,'',NULL),(122,'1245W#$%',33,1,NULL,NULL,'2011-02-25 05:25:50','system','system','2011-02-25 05:25:50',0,'',NULL),(123,'fggfgfg',33,2,NULL,NULL,'2011-02-25 05:25:50','system','system','2011-02-25 05:25:50',0,'',NULL),(124,'143564677',33,7,NULL,NULL,'2011-02-25 05:25:50','system','system','2011-02-25 05:25:50',0,'',NULL),(125,'703-111-1234',34,3,NULL,NULL,'2011-02-26 23:17:22','system','sagar_bannikal_098@yahoo.com','2011-06-27 04:25:48',4,'',3),(126,'john@citi.com',34,1,NULL,NULL,'2011-02-26 23:17:23','system','sagar_bannikal_098@yahoo.com','2011-06-27 04:25:48',4,'',NULL),(127,'301-123-4567',34,2,NULL,NULL,'2011-02-26 23:17:23','system','sagar_bannikal_098@yahoo.com','2011-06-27 04:25:48',4,'',NULL),(128,'www.citi.com',34,7,NULL,NULL,'2011-02-26 23:17:23','system','sagar_bannikal_098@yahoo.com','2011-06-27 04:25:48',4,'',NULL),(129,'raja@raja.com',36,1,NULL,NULL,'2011-02-27 03:06:38','system','sagar_bannikal_098@yahoo.com','2011-06-27 04:24:29',7,'',NULL),(130,'888-999-1234',36,2,NULL,NULL,'2011-02-27 03:06:38','system','sagar_bannikal_098@yahoo.com','2011-06-27 04:24:29',7,'',NULL),(131,'703-111-1234',36,3,NULL,NULL,'2011-02-27 03:06:38','system','sagar_bannikal_098@yahoo.com','2011-06-27 04:24:29',7,'',3),(132,'www.boi.com',36,7,NULL,NULL,'2011-02-27 03:06:38','system','sagar_bannikal_098@yahoo.com','2011-06-27 04:24:29',7,'',NULL),(133,'703-222-2345',36,3,NULL,NULL,'2011-02-27 03:34:09','system','sagar_bannikal_098@yahoo.com','2011-06-27 04:24:29',6,'',5),(135,'301-222-3456',36,3,NULL,NULL,'2011-02-27 05:31:45','system','sagar_bannikal_098@yahoo.com','2011-06-27 04:24:29',2,'',4),(136,'harsh@gmail.com',37,1,NULL,NULL,'2011-02-27 06:08:49','system','system','2011-02-27 06:11:18',2,'',NULL),(137,'2222',37,2,NULL,NULL,'2011-02-27 06:08:49','system','system','2011-02-27 06:11:18',2,'',NULL),(138,'2222',37,3,NULL,NULL,'2011-02-27 06:08:49','system','system','2011-02-27 06:11:18',2,'',3),(140,'www.iAutomobile.com',37,7,NULL,NULL,'2011-02-27 06:08:49','system','system','2011-02-27 06:11:18',2,'',NULL),(145,'1234567',40,1,NULL,NULL,'2011-03-01 12:27:35','system','system','2011-03-01 12:30:34',1,'',NULL),(146,'sdfghjk',40,2,NULL,NULL,'2011-03-01 12:27:35','system','system','2011-03-01 12:30:34',1,'',NULL),(147,'sdfvgbhnjmk,',40,3,NULL,NULL,'2011-03-01 12:27:35','system','system','2011-03-01 12:30:34',1,'',3),(148,'##%#%#%#%',40,7,NULL,NULL,'2011-03-01 12:27:35','system','system','2011-03-01 12:30:34',1,'',NULL),(151,'21435678',42,1,NULL,NULL,'2011-03-01 13:06:15','system','system','2011-03-01 13:06:58',2,'',NULL),(152,'nlnkkjhgfd',42,2,NULL,NULL,'2011-03-01 13:06:15','system','system','2011-03-01 13:06:58',2,'',NULL),(153,'qertwtwet',42,3,NULL,NULL,'2011-03-01 13:06:15','system','system','2011-03-01 13:06:58',2,'',3),(154,'2144325345',42,7,NULL,NULL,'2011-03-01 13:06:15','system','system','2011-03-01 13:06:58',2,'',NULL),(157,'14325425',44,1,NULL,NULL,'2011-03-01 13:08:27','system','system','2011-03-01 13:08:27',0,'',NULL),(158,'53532',44,2,NULL,NULL,'2011-03-01 13:08:27','system','system','2011-03-01 13:08:27',0,'',NULL),(159,'',44,3,NULL,NULL,'2011-03-01 13:08:27','system','system','2011-03-01 13:08:27',0,'',3),(160,'355',44,7,NULL,NULL,'2011-03-01 13:08:27','system','system','2011-03-01 13:08:27',0,'',NULL),(167,'34244345',48,1,NULL,NULL,'2011-03-01 13:41:25','system','system','2011-03-01 13:41:29',0,'',NULL),(168,'121133',48,2,NULL,NULL,'2011-03-01 13:41:25','system','system','2011-03-01 13:41:29',0,'',NULL),(169,'afasdfdf',48,3,NULL,NULL,'2011-03-01 13:41:25','system','system','2011-03-01 13:41:29',0,'',3),(170,'www.default.com',48,7,NULL,NULL,'2011-03-01 13:41:25','system','system','2011-03-01 13:41:29',0,'',NULL),(175,'tanveer@gamil.om',52,1,NULL,NULL,'2011-03-01 13:53:42','system','sagar_bannikal_098@yahoo.com','2011-07-02 11:13:27',7,'',NULL),(176,'123-222-2222',52,2,NULL,NULL,'2011-03-01 13:53:42','system','sagar_bannikal_098@yahoo.com','2011-07-02 11:13:27',7,'',NULL),(177,'123-222-2222',52,3,NULL,NULL,'2011-03-01 13:53:43','system','sagar_bannikal_098@yahoo.com','2011-07-02 11:13:27',6,'',3),(178,'123-222-2222',52,3,NULL,NULL,'2011-03-01 13:53:43','system','sagar_bannikal_098@yahoo.com','2011-07-02 11:13:27',6,'',4),(179,'www.default.com',52,7,NULL,NULL,'2011-03-01 13:53:43','system','sagar_bannikal_098@yahoo.com','2011-07-02 11:13:27',7,'',NULL),(182,'harsh@gmail.com',50,1,NULL,NULL,'2011-03-01 14:00:47','system','sagar_bannikal_098@yahoo.com','2011-07-04 06:45:07',6,'',NULL),(183,'2222',50,2,NULL,NULL,'2011-03-01 14:00:47','system','sagar_bannikal_098@yahoo.com','2011-07-04 06:45:07',6,'',NULL),(185,'www.saiAutomobile.com',50,7,NULL,NULL,'2011-03-01 14:00:47','system','sagar_bannikal_098@yahoo.com','2011-07-04 06:45:07',6,'',NULL),(186,'tanveer@gamil.om',53,1,NULL,NULL,'2011-03-01 14:02:16','system','system','2011-03-01 14:02:20',0,'',NULL),(187,'2222',53,2,NULL,NULL,'2011-03-01 14:02:16','system','system','2011-03-01 14:02:20',0,'',NULL),(188,'2222',53,3,NULL,NULL,'2011-03-01 14:02:16','system','system','2011-03-01 14:02:20',0,'',3),(189,'2222',53,3,NULL,NULL,'2011-03-01 14:02:16','system','system','2011-03-01 14:02:20',0,'',4),(190,'www.default.com',53,7,NULL,NULL,'2011-03-01 14:02:16','system','system','2011-03-01 14:02:20',0,'',NULL),(193,'accenture@gmail.com',55,1,NULL,NULL,'2011-03-01 14:06:09','system','system','2011-03-01 14:12:11',1,'',NULL),(194,'2222',55,2,NULL,NULL,'2011-03-01 14:06:09','system','system','2011-03-01 14:12:11',1,'',NULL),(195,'2222',55,3,NULL,NULL,'2011-03-01 14:06:09','system','system','2011-03-01 14:12:11',1,'',4),(196,'www.default.com',55,7,NULL,NULL,'2011-03-01 14:06:09','system','system','2011-03-01 14:12:11',1,'',NULL),(197,'tanveer@gamil.om',56,1,NULL,NULL,'2011-03-01 14:07:54','system','system','2011-03-01 14:07:58',0,'',NULL),(198,'2222',56,2,NULL,NULL,'2011-03-01 14:07:54','system','system','2011-03-01 14:07:58',0,'',NULL),(199,'2222',56,3,NULL,NULL,'2011-03-01 14:07:54','system','system','2011-03-01 14:07:58',0,'',3),(200,'2222',56,3,NULL,NULL,'2011-03-01 14:07:54','system','system','2011-03-01 14:07:58',0,'',4),(201,'www.default.com',56,7,NULL,NULL,'2011-03-01 14:07:54','system','system','2011-03-01 14:07:58',0,'',NULL),(202,'2222',55,3,NULL,NULL,'2011-03-01 14:12:07','system','system','2011-03-01 14:12:11',0,'',3),(203,'preety@gmail.com',57,1,NULL,NULL,'2011-03-02 03:57:09','system','system','2011-03-02 03:57:13',0,'',NULL),(204,'4444',57,2,NULL,NULL,'2011-03-02 03:57:09','system','system','2011-03-02 03:57:13',0,'',NULL),(205,'4444',57,3,NULL,NULL,'2011-03-02 03:57:09','system','system','2011-03-02 03:57:13',0,'',3),(206,'4444',57,3,NULL,NULL,'2011-03-02 03:57:09','system','system','2011-03-02 03:57:13',0,'',4),(207,'www.default.com',57,7,NULL,NULL,'2011-03-02 03:57:09','system','system','2011-03-02 03:57:13',0,'',NULL),(208,'sagar@gmail.com',58,1,NULL,NULL,'2011-03-02 04:09:08','system','admin@firm.com','2011-07-29 07:32:37',10,'',NULL),(209,'123-222-3333',58,2,NULL,NULL,'2011-03-02 04:09:08','system','admin@firm.com','2011-07-29 07:32:37',10,'',NULL),(212,'www.default.com',58,7,NULL,NULL,'2011-03-02 04:09:08','system','admin@firm.com','2011-07-29 07:32:37',10,'',NULL),(215,'143435535',61,1,NULL,NULL,'2011-03-02 06:06:35','system','system','2011-03-02 06:06:38',0,'',NULL),(216,'535532535',61,2,NULL,NULL,'2011-03-02 06:06:35','system','system','2011-03-02 06:06:38',0,'',NULL),(217,'asaffs',61,3,NULL,NULL,'2011-03-02 06:06:35','system','system','2011-03-02 06:06:38',0,'',3),(218,'www.default.com',61,7,NULL,NULL,'2011-03-02 06:06:35','system','system','2011-03-02 06:06:38',0,'',NULL),(227,'aad@d.Com',67,1,NULL,NULL,'2011-03-04 06:15:29','system','system','2011-03-04 06:15:29',0,'',NULL),(228,'53532',67,2,NULL,NULL,'2011-03-04 06:15:29','system','system','2011-03-04 06:15:29',0,'',NULL),(229,'245474557',67,3,NULL,NULL,'2011-03-04 06:15:29','system','system','2011-03-04 06:15:29',0,'',3),(230,'www.sf.com',67,7,NULL,NULL,'2011-03-04 06:15:29','system','system','2011-03-04 06:15:29',0,'',NULL),(231,'aad@d.Com',68,1,NULL,NULL,'2011-03-04 11:56:44','system','system','2011-03-04 11:56:44',0,'',NULL),(232,'53532',68,2,NULL,NULL,'2011-03-04 11:56:44','system','system','2011-03-04 11:56:44',0,'',NULL),(233,'245474557',68,3,NULL,NULL,'2011-03-04 11:56:44','system','system','2011-03-04 11:56:44',0,'',3),(234,'www.sf.com',68,7,NULL,NULL,'2011-03-04 11:56:44','system','system','2011-03-04 11:56:44',0,'',NULL),(235,'aad@d.Com',69,1,NULL,NULL,'2011-03-04 11:56:44','system','system','2011-03-04 12:09:18',2,'',NULL),(236,'53532',69,2,NULL,NULL,'2011-03-04 11:56:44','system','system','2011-03-04 12:09:18',2,'',NULL),(237,'245474557',69,3,NULL,NULL,'2011-03-04 11:56:44','system','system','2011-03-04 12:09:18',2,'',3),(238,'www.sf.com',69,7,NULL,NULL,'2011-03-04 11:56:44','system','system','2011-03-04 12:09:18',2,'',NULL),(239,'aa@rt.com',74,1,NULL,NULL,'2011-03-08 13:07:57','system','system','2011-04-04 12:42:50',6,'',NULL),(240,'123-234-1234',74,2,NULL,NULL,'2011-03-08 13:07:57','system','system','2011-04-04 12:42:50',6,'',NULL),(241,'322-221-2121',74,3,NULL,NULL,'2011-03-08 13:07:57','system','system','2011-03-08 13:17:09',5,'',3),(242,'www.default.com',74,7,NULL,NULL,'2011-03-08 13:07:57','system','system','2011-04-04 12:42:50',6,'',NULL),(243,'123-132-2332',74,3,NULL,NULL,'2011-03-08 13:16:10','system','system','2011-03-08 13:17:09',1,'',4),(244,'aa@rt.com',75,1,NULL,NULL,'2011-03-08 13:26:51','system','system','2011-03-08 13:28:30',3,'',NULL),(245,'123-234-1234',75,2,NULL,NULL,'2011-03-08 13:26:51','system','system','2011-03-08 13:28:30',3,'',NULL),(246,'124-444-2141',75,3,NULL,NULL,'2011-03-08 13:26:51','system','system','2011-03-08 13:28:30',3,'',3),(248,'www.default.com',75,7,NULL,NULL,'2011-03-08 13:26:51','system','system','2011-03-08 13:28:30',3,'',NULL),(249,'433-322-2424',75,3,NULL,NULL,'2011-03-08 13:28:28','system','system','2011-03-08 13:28:30',0,'',4),(250,'aa@rt.com',76,1,NULL,NULL,'2011-03-08 13:57:59','system','system','2011-03-08 13:58:04',0,'',NULL),(251,'123-234-1234',76,2,NULL,NULL,'2011-03-08 13:57:59','system','system','2011-03-08 13:58:04',0,'',NULL),(252,'124-444-2141',76,3,NULL,NULL,'2011-03-08 13:57:59','system','system','2011-03-08 13:58:04',0,'',3),(253,'www.default.com',76,7,NULL,NULL,'2011-03-08 13:57:59','system','system','2011-03-08 13:58:04',0,'',NULL),(254,'aad@d.Com',77,1,NULL,NULL,'2011-03-08 14:18:00','system','system','2011-03-08 14:20:13',4,'',NULL),(255,'112-231-2424',77,2,NULL,NULL,'2011-03-08 14:18:00','system','system','2011-03-08 14:20:13',4,'',NULL),(256,'123-333-2345',77,3,NULL,NULL,'2011-03-08 14:18:00','system','system','2011-03-08 14:20:13',4,'',3),(257,'123afff@bfb.com',77,7,NULL,NULL,'2011-03-08 14:18:00','system','system','2011-03-08 14:20:13',4,'',NULL),(259,'333-124-1343',77,3,NULL,NULL,'2011-03-08 14:20:13','system','system','2011-03-08 14:20:13',0,'',4),(260,'123@dd.com',78,1,NULL,NULL,'2011-03-09 05:51:14','system','system','2011-03-09 05:54:19',4,'',NULL),(261,'123-343-1111',78,2,NULL,NULL,'2011-03-09 05:51:14','system','system','2011-03-09 05:54:19',4,'',NULL),(262,'123-343-1111',78,3,NULL,NULL,'2011-03-09 05:51:14','system','system','2011-03-09 05:54:19',4,'',3),(264,'ass.qwe.com',78,7,NULL,NULL,'2011-03-09 05:51:14','system','system','2011-03-09 05:54:19',4,'',NULL),(265,'212-344-4234',78,3,NULL,NULL,'2011-03-09 05:52:48','system','system','2011-03-09 05:54:19',2,'',4),(266,'aad@d.Com',79,1,NULL,NULL,'2011-03-09 06:05:09','system','system','2011-03-09 06:05:09',0,'',NULL),(267,'123-343-1111',79,2,NULL,NULL,'2011-03-09 06:05:09','system','system','2011-03-09 06:05:09',0,'',NULL),(268,'213-432-1234',79,3,NULL,NULL,'2011-03-09 06:05:09','system','system','2011-03-09 06:05:09',0,'',3),(269,'333-124-1343',79,3,NULL,NULL,'2011-03-09 06:05:09','system','system','2011-03-09 06:05:09',0,'',4),(270,'www.sf.com',79,7,NULL,NULL,'2011-03-09 06:05:09','system','system','2011-03-09 06:05:09',0,'',NULL),(271,'aad@d.Com',80,1,NULL,NULL,'2011-03-09 07:25:46','system','system','2011-03-09 07:25:46',0,'',NULL),(272,'123-343-1111',80,2,NULL,NULL,'2011-03-09 07:25:46','system','system','2011-03-09 07:25:46',0,'',NULL),(273,'123-343-1111',80,3,NULL,NULL,'2011-03-09 07:25:46','system','system','2011-03-09 07:25:46',0,'',3),(274,'333-124-1343',80,3,NULL,NULL,'2011-03-09 07:25:46','system','system','2011-03-09 07:25:46',0,'',3),(275,'www.sf.com',80,7,NULL,NULL,'2011-03-09 07:25:46','system','system','2011-03-09 07:25:46',0,'',NULL),(276,'aad@d.Com',81,1,NULL,NULL,'2011-03-09 07:59:48','system','system','2011-03-09 07:59:48',0,'',NULL),(277,'123-343-1111',81,2,NULL,NULL,'2011-03-09 07:59:48','system','system','2011-03-09 07:59:48',0,'',NULL),(278,'123-343-1111',81,3,NULL,NULL,'2011-03-09 07:59:48','system','system','2011-03-09 07:59:48',0,'',3),(279,'www.sf.com',81,7,NULL,NULL,'2011-03-09 07:59:48','system','system','2011-03-09 07:59:48',0,'',NULL),(280,'aa@rt.com',82,1,NULL,NULL,'2011-03-10 05:52:58','system','system','2011-03-10 05:53:02',0,'',NULL),(281,'123-234-1234',82,2,NULL,NULL,'2011-03-10 05:52:58','system','system','2011-03-10 05:53:02',0,'',NULL),(282,'124-444-2141',82,3,NULL,NULL,'2011-03-10 05:52:58','system','system','2011-03-10 05:53:02',0,'',3),(283,'www.default.com',82,7,NULL,NULL,'2011-03-10 05:52:58','system','system','2011-03-10 05:53:02',0,'',NULL),(284,'aa@rt.com',83,1,NULL,NULL,'2011-03-10 05:55:59','system','system','2011-03-10 05:56:02',0,'',NULL),(285,'123-234-1234',83,2,NULL,NULL,'2011-03-10 05:55:59','system','system','2011-03-10 05:56:02',0,'',NULL),(286,'124-444-2141',83,3,NULL,NULL,'2011-03-10 05:55:59','system','system','2011-03-10 05:56:02',0,'',3),(287,'www.default.com',83,7,NULL,NULL,'2011-03-10 05:55:59','system','system','2011-03-10 05:56:02',0,'',NULL),(288,'anand@p.com',84,1,NULL,NULL,'2011-03-10 13:30:16','system','system','2011-03-10 13:30:16',0,'',NULL),(289,'122-234-2345',84,2,NULL,NULL,'2011-03-10 13:30:16','system','system','2011-03-10 13:30:16',0,'',NULL),(290,'234-234-3456',84,3,NULL,NULL,'2011-03-10 13:30:16','system','system','2011-03-10 13:30:16',0,'',3),(291,'www.sf.com',84,7,NULL,NULL,'2011-03-10 13:30:16','system','system','2011-03-10 13:30:16',0,'',NULL),(292,'anand@gmail.com',85,1,NULL,NULL,'2011-03-11 05:17:10','system','system','2011-03-11 05:17:22',0,'',NULL),(293,'111-111-1111',85,2,NULL,NULL,'2011-03-11 05:17:10','system','system','2011-03-11 05:17:22',0,'',NULL),(294,'222-222-2222',85,3,NULL,NULL,'2011-03-11 05:17:10','system','system','2011-03-11 05:17:22',0,'',3),(295,'www.default.com',85,7,NULL,NULL,'2011-03-11 05:17:10','system','system','2011-03-11 05:17:22',0,'',NULL),(296,'sagar@gmail.com',87,1,NULL,NULL,'2011-03-11 06:12:08','system','system','2011-03-11 06:24:25',1,'',NULL),(297,'221-123-4543',87,2,NULL,NULL,'2011-03-11 06:12:08','system','system','2011-03-11 06:24:25',1,'',NULL),(298,'233-334-2322',87,3,NULL,NULL,'2011-03-11 06:12:08','system','system','2011-03-11 06:12:12',0,'',3),(299,'www.default.com',87,7,NULL,NULL,'2011-03-11 06:12:08','system','system','2011-03-11 06:24:25',1,'',NULL),(300,'deepu@yahoo.com',88,1,NULL,NULL,'2011-03-11 06:28:31','system','system','2011-03-11 06:28:31',0,'',NULL),(301,'222-111-4444',88,2,NULL,NULL,'2011-03-11 06:28:31','system','system','2011-03-11 06:28:31',0,'',NULL),(302,'111-234-4356',88,3,NULL,NULL,'2011-03-11 06:28:31','system','system','2011-03-11 06:28:31',0,'',3),(303,'www.yahoo.com',88,7,NULL,NULL,'2011-03-11 06:28:31','system','system','2011-03-11 06:28:31',0,'',NULL),(304,'suhas@gmail.com',89,1,NULL,NULL,'2011-03-11 06:33:03','system','system','2011-03-11 06:33:03',0,'',NULL),(305,'132-456-7890',89,2,NULL,NULL,'2011-03-11 06:33:03','system','system','2011-03-11 06:33:03',0,'',NULL),(306,'234-123-5678',89,3,NULL,NULL,'2011-03-11 06:33:03','system','system','2011-03-11 06:33:03',0,'',3),(307,'www.gmail.com',89,7,NULL,NULL,'2011-03-11 06:33:03','system','system','2011-03-11 06:33:03',0,'',NULL),(308,'sfafsaW@gfh.hdf',90,1,NULL,NULL,'2011-04-03 09:06:27','system','system','2011-04-04 12:46:33',1,'',NULL),(309,'123-456-4588',90,2,NULL,NULL,'2011-04-03 09:06:27','system','system','2011-04-04 12:46:33',1,'',NULL),(310,'666-444-4444',90,3,NULL,NULL,'2011-04-03 09:06:27','system','system','2011-04-03 09:06:31',0,'',3),(311,'222-444-6666',90,3,NULL,NULL,'2011-04-03 09:06:27','system','system','2011-04-03 09:06:31',0,'',4),(312,'www.default.com',90,7,NULL,NULL,'2011-04-03 09:06:27','system','system','2011-04-04 12:46:33',1,'',NULL),(313,'sfafsaW@gfh.hdf',91,1,NULL,NULL,'2011-04-03 09:06:31','system','system','2011-04-03 09:06:34',0,'',NULL),(314,'123-456-4588',91,2,NULL,NULL,'2011-04-03 09:06:31','system','system','2011-04-03 09:06:34',0,'',NULL),(315,'666-444-4444',91,3,NULL,NULL,'2011-04-03 09:06:31','system','system','2011-04-03 09:06:34',0,'',3),(316,'222-444-6666',91,3,NULL,NULL,'2011-04-03 09:06:31','system','system','2011-04-03 09:06:34',0,'',4),(317,'www.default.com',91,7,NULL,NULL,'2011-04-03 09:06:31','system','system','2011-04-03 09:06:34',0,'',NULL),(318,'manju@gmail.com',93,1,NULL,NULL,'2011-04-03 13:14:17','system','system','2011-04-03 13:14:20',0,'',NULL),(319,'222-236-1234',93,2,NULL,NULL,'2011-04-03 13:14:17','system','system','2011-04-03 13:14:20',0,'',NULL),(320,'444-123-4562',93,3,NULL,NULL,'2011-04-03 13:14:17','system','system','2011-04-03 13:14:20',0,'',3),(321,'www.default.com',93,7,NULL,NULL,'2011-04-03 13:14:17','system','system','2011-04-03 13:14:20',0,'',NULL),(322,'manju@gmail.com',94,1,NULL,NULL,'2011-04-03 13:33:02','system','patil.anand677@gmail.com','2011-05-29 13:34:10',2,'',NULL),(323,'222-236-1234',94,2,NULL,NULL,'2011-04-03 13:33:02','system','patil.anand677@gmail.com','2011-05-29 13:34:10',2,'',NULL),(324,'444-123-4562',94,3,NULL,NULL,'2011-04-03 13:33:02','system','system','2011-04-03 13:33:06',0,'',3),(325,'www.default.com',94,7,NULL,NULL,'2011-04-03 13:33:02','system','patil.anand677@gmail.com','2011-05-29 13:34:10',2,'',NULL),(326,'manju@gmail.com',96,1,NULL,NULL,'2011-04-04 07:12:57','system','system','2011-04-04 07:30:00',2,'',NULL),(327,'123-234-1234',96,2,NULL,NULL,'2011-04-04 07:12:57','system','system','2011-04-04 07:30:00',2,'',NULL),(328,'123-234-1234',96,3,NULL,NULL,'2011-04-04 07:12:57','system','system','2011-04-04 07:15:05',1,'',3),(329,'433-322-2424',96,3,NULL,NULL,'2011-04-04 07:12:57','system','system','2011-04-04 07:15:05',1,'',3),(330,'www.default.com',96,7,NULL,NULL,'2011-04-04 07:12:57','system','system','2011-04-04 07:30:00',2,'',NULL),(331,'um@gmail.com',97,1,NULL,NULL,'2011-04-04 07:20:58','system','system','2011-04-04 07:21:01',0,'',NULL),(332,'123-234-1234',97,2,NULL,NULL,'2011-04-04 07:20:58','system','system','2011-04-04 07:21:01',0,'',NULL),(333,'123-234-1234',97,3,NULL,NULL,'2011-04-04 07:20:58','system','system','2011-04-04 07:21:01',0,'',3),(334,'433-322-2424',97,3,NULL,NULL,'2011-04-04 07:20:58','system','system','2011-04-04 07:21:01',0,'',4),(335,'www.default.com',97,7,NULL,NULL,'2011-04-04 07:20:58','system','system','2011-04-04 07:21:01',0,'',NULL),(336,'123@dd.com',98,1,NULL,NULL,'2011-04-04 07:53:12','system','system','2011-04-04 07:55:40',1,'',NULL),(337,'123-343-1111',98,2,NULL,NULL,'2011-04-04 07:53:12','system','system','2011-04-04 07:55:40',1,'',NULL),(338,'123-343-1111',98,3,NULL,NULL,'2011-04-04 07:53:12','system','system','2011-04-04 07:55:40',1,'',3),(339,'212-344-4234',98,3,NULL,NULL,'2011-04-04 07:53:12','system','system','2011-04-04 07:55:40',1,'',4),(340,'www.sf.com',98,7,NULL,NULL,'2011-04-04 07:53:12','system','system','2011-04-04 07:55:40',1,'',NULL),(341,'r@yahoo.com',99,1,NULL,NULL,'2011-04-04 08:52:31','system','system','2011-04-04 09:19:40',1,'',NULL),(342,'123-343-1111',99,2,NULL,NULL,'2011-04-04 08:52:31','system','system','2011-04-04 09:19:40',1,'',NULL),(343,'213-432-1234',99,3,NULL,NULL,'2011-04-04 08:52:31','system','system','2011-04-04 09:19:40',1,'',3),(344,'212-344-4234',99,3,NULL,NULL,'2011-04-04 08:52:31','system','system','2011-04-04 09:19:40',1,'',4),(345,'www.sf.com',99,7,NULL,NULL,'2011-04-04 08:52:31','system','system','2011-04-04 09:19:40',1,'',NULL),(346,'123@dd.com',100,1,NULL,NULL,'2011-04-04 11:56:30','system','system','2011-04-04 11:56:30',0,'',NULL),(347,'123-343-1111',100,2,NULL,NULL,'2011-04-04 11:56:30','system','system','2011-04-04 11:56:30',0,'',NULL),(348,'123-343-1111',100,3,NULL,NULL,'2011-04-04 11:56:30','system','system','2011-04-04 11:56:30',0,'',3),(349,'123afff@bfb.com',100,7,NULL,NULL,'2011-04-04 11:56:30','system','system','2011-04-04 11:56:30',0,'',NULL),(350,'aad@d.Com',103,1,NULL,NULL,'2011-04-05 12:06:35','system','system','2011-04-05 12:06:35',0,'',NULL),(351,'123-343-1111',103,2,NULL,NULL,'2011-04-05 12:06:35','system','system','2011-04-05 12:06:35',0,'',NULL),(352,'123-343-1111',103,3,NULL,NULL,'2011-04-05 12:06:35','system','system','2011-04-05 12:06:35',0,'',3),(353,'333-124-1343',103,3,NULL,NULL,'2011-04-05 12:06:35','system','system','2011-04-05 12:06:35',0,'',4),(354,'www.sf.com',103,7,NULL,NULL,'2011-04-05 12:06:35','system','system','2011-04-05 12:06:35',0,'',NULL),(355,'aad@d.Com',104,1,NULL,NULL,'2011-04-05 12:17:51','system','system','2011-04-05 12:17:51',0,'',NULL),(356,'123-343-1111',104,2,NULL,NULL,'2011-04-05 12:17:51','system','system','2011-04-05 12:17:51',0,'',NULL),(357,'123-343-1111',104,3,NULL,NULL,'2011-04-05 12:17:51','system','system','2011-04-05 12:17:51',0,'',3),(358,'333-124-1343',104,3,NULL,NULL,'2011-04-05 12:17:51','system','system','2011-04-05 12:17:51',0,'',4),(359,'www.sf.com',104,7,NULL,NULL,'2011-04-05 12:17:51','system','system','2011-04-05 12:17:51',0,'',NULL),(360,'r@yahoo.com',105,1,NULL,NULL,'2011-04-05 12:25:33','system','system','2011-04-05 12:25:33',0,'',NULL),(361,'123-343-1111',105,2,NULL,NULL,'2011-04-05 12:25:33','system','system','2011-04-05 12:25:33',0,'',NULL),(362,'123-343-1111',105,3,NULL,NULL,'2011-04-05 12:25:33','system','system','2011-04-05 12:25:33',0,'',3),(363,'212-344-4234',105,3,NULL,NULL,'2011-04-05 12:25:33','system','system','2011-04-05 12:25:33',0,'',4),(364,'www.sf.com',105,7,NULL,NULL,'2011-04-05 12:25:33','system','system','2011-04-05 12:25:33',0,'',NULL),(365,'r@yahoo.com',106,1,NULL,NULL,'2011-04-05 12:28:08','system','system','2011-04-05 12:28:08',0,'',NULL),(366,'123-343-1111',106,2,NULL,NULL,'2011-04-05 12:28:08','system','system','2011-04-05 12:28:08',0,'',NULL),(367,'123-343-1111',106,3,NULL,NULL,'2011-04-05 12:28:08','system','system','2011-04-05 12:28:08',0,'',3),(368,'333-124-1343',106,3,NULL,NULL,'2011-04-05 12:28:08','system','system','2011-04-05 12:28:08',0,'',4),(369,'ass.qwe.com',106,7,NULL,NULL,'2011-04-05 12:28:08','system','system','2011-04-05 12:28:08',0,'',NULL),(370,'aa@rt.com',107,1,NULL,NULL,'2011-04-05 12:59:03','system','system','2011-04-05 12:59:06',0,'',NULL),(371,'123-234-1234',107,2,NULL,NULL,'2011-04-05 12:59:03','system','system','2011-04-05 12:59:06',0,'',NULL),(372,'322-221-2121',107,3,NULL,NULL,'2011-04-05 12:59:03','system','system','2011-04-05 12:59:06',0,'',3),(373,'322-221-2121',107,3,NULL,NULL,'2011-04-05 12:59:03','system','system','2011-04-05 12:59:06',0,'',3),(374,'www.default.com',107,7,NULL,NULL,'2011-04-05 12:59:03','system','system','2011-04-05 12:59:06',0,'',NULL),(375,'aa@rt.com',108,1,NULL,NULL,'2011-04-06 07:38:55','system','patil.anand677@gmail.com','2011-04-16 11:20:53',12,'',NULL),(376,'123-234-1234',108,2,NULL,NULL,'2011-04-06 07:38:55','system','patil.anand677@gmail.com','2011-04-16 11:20:53',12,'',NULL),(377,'124-444-2141',108,3,NULL,NULL,'2011-04-06 07:38:55','system','patil.anand677@gmail.com','2011-04-16 11:20:53',12,'',3),(378,'124-444-2141',108,3,NULL,NULL,'2011-04-06 07:38:55','system','patil.anand677@gmail.com','2011-04-16 11:20:53',12,'',3),(379,'www.default.com',108,7,NULL,NULL,'2011-04-06 07:38:55','system','patil.anand677@gmail.com','2011-04-16 11:20:53',12,'',NULL),(380,'aa@rt.combnfddddddddddhm',109,1,NULL,NULL,'2011-04-06 10:31:37','system','system','2011-04-06 10:31:40',0,'',NULL),(381,'123-234-1234',109,2,NULL,NULL,'2011-04-06 10:31:37','system','system','2011-04-06 10:31:40',0,'',NULL),(382,'124-444-2141',109,3,NULL,NULL,'2011-04-06 10:31:37','system','system','2011-04-06 10:31:40',0,'',3),(383,'www.default.com',109,7,NULL,NULL,'2011-04-06 10:31:37','system','system','2011-04-06 10:31:40',0,'',NULL),(384,'aa@rt.com',110,1,NULL,NULL,'2011-04-06 11:43:12','system','system','2011-04-06 11:43:15',0,'',NULL),(385,'123-234-1234',110,2,NULL,NULL,'2011-04-06 11:43:12','system','system','2011-04-06 11:43:15',0,'',NULL),(386,'124-444-2141',110,3,NULL,NULL,'2011-04-06 11:43:12','system','system','2011-04-06 11:43:15',0,'',3),(387,'www.default.com',110,7,NULL,NULL,'2011-04-06 11:43:12','system','system','2011-04-06 11:43:15',0,'',NULL),(388,'aa@rt.combnfddddddddddhm',111,1,NULL,NULL,'2011-04-06 11:45:40','system','system','2011-04-06 11:47:30',4,'',NULL),(389,'123-234-1234',111,2,NULL,NULL,'2011-04-06 11:45:40','system','system','2011-04-06 11:47:30',4,'',NULL),(390,'124-444-2141',111,3,NULL,NULL,'2011-04-06 11:45:40','system','system','2011-04-06 11:47:30',4,'',3),(391,'www.default.com',111,7,NULL,NULL,'2011-04-06 11:45:40','system','system','2011-04-06 11:47:30',4,'',NULL),(392,'123@dd.comjhgggggggggggggg',112,1,NULL,NULL,'2011-04-06 11:55:25','system','system','2011-04-06 11:56:04',1,'',NULL),(393,'123-343-1111',112,2,NULL,NULL,'2011-04-06 11:55:25','system','system','2011-04-06 11:56:04',1,'',NULL),(394,'123-343-1111',112,3,NULL,NULL,'2011-04-06 11:55:25','system','system','2011-04-06 11:56:04',1,'',3),(395,'333-124-1343',112,3,NULL,NULL,'2011-04-06 11:55:25','system','system','2011-04-06 11:56:04',1,'',3),(396,'www.sf.com',112,7,NULL,NULL,'2011-04-06 11:55:25','system','system','2011-04-06 11:56:04',1,'',NULL),(397,'123@dd.comsdfghghjklfghjkfghyjdfghjdfrtgdertgsdgtr',113,1,NULL,NULL,'2011-04-06 12:01:40','system','system','2011-04-06 12:08:42',11,'',NULL),(398,'123-343-1111',113,2,NULL,NULL,'2011-04-06 12:01:40','system','system','2011-04-06 12:08:42',11,'',NULL),(399,'123-343-1111',113,3,NULL,NULL,'2011-04-06 12:01:40','system','system','2011-04-06 12:08:42',11,'',4),(400,'www.sf.com',113,7,NULL,NULL,'2011-04-06 12:01:40','system','system','2011-04-06 12:08:42',11,'',NULL),(402,'123@dd.comwwwwwwwwwwhhhhhhhhhhwwwwwwwwwwasdfgsdert',115,1,NULL,NULL,'2011-04-07 06:00:19','system','system','2011-04-07 06:01:08',2,'',NULL),(403,'123-343-1111',115,2,NULL,NULL,'2011-04-07 06:00:19','system','system','2011-04-07 06:01:08',2,'',NULL),(404,'123-343-1111',115,3,NULL,NULL,'2011-04-07 06:00:19','system','system','2011-04-07 06:01:08',2,'',3),(405,'www.sf.com',115,7,NULL,NULL,'2011-04-07 06:00:19','system','system','2011-04-07 06:01:08',2,'',NULL),(406,'aad@d.Com',116,1,NULL,NULL,'2011-04-07 06:12:11','system','system','2011-04-07 06:12:11',0,'',NULL),(407,'123-343-1111',116,2,NULL,NULL,'2011-04-07 06:12:11','system','system','2011-04-07 06:12:11',0,'',NULL),(408,'123-343-1111',116,3,NULL,NULL,'2011-04-07 06:12:11','system','system','2011-04-07 06:12:11',0,'',3),(409,'333-124-1343',116,3,NULL,NULL,'2011-04-07 06:12:11','system','system','2011-04-07 06:12:11',0,'',3),(410,'www.sf.com',116,7,NULL,NULL,'2011-04-07 06:12:11','system','system','2011-04-07 06:12:11',0,'',NULL),(411,'aad@d.Com',117,1,NULL,NULL,'2011-04-07 06:13:12','system','system','2011-04-07 06:14:48',3,'',NULL),(412,'123-343-1111',117,2,NULL,NULL,'2011-04-07 06:13:12','system','system','2011-04-07 06:14:48',3,'',NULL),(413,'123-343-1111',117,3,NULL,NULL,'2011-04-07 06:13:12','system','system','2011-04-07 06:14:48',3,'',3),(414,'www.sf.com',117,7,NULL,NULL,'2011-04-07 06:13:12','system','system','2011-04-07 06:14:48',3,'',NULL),(415,'aa@rt.com',118,1,NULL,NULL,'2011-04-07 10:34:29','system','system','2011-04-07 10:41:40',6,'',NULL),(416,'123-234-1234',118,2,NULL,NULL,'2011-04-07 10:34:29','system','system','2011-04-07 10:41:40',6,'',NULL),(417,'124-444-2141',118,3,NULL,NULL,'2011-04-07 10:34:29','system','system','2011-04-07 10:41:40',6,'',3),(418,'www.default.com',118,7,NULL,NULL,'2011-04-07 10:34:29','system','system','2011-04-07 10:41:40',6,'',NULL),(419,'aa@rt.comasdfghjklpoiuytrewqasdfghjklmnbasdcfasdw',119,1,NULL,NULL,'2011-04-07 10:54:38','system','system','2011-04-07 10:59:44',6,'',NULL),(420,'123-234-1234',119,2,NULL,NULL,'2011-04-07 10:54:38','system','system','2011-04-07 10:59:44',6,'',NULL),(421,'124-444-2141',119,3,NULL,NULL,'2011-04-07 10:54:38','system','system','2011-04-07 10:59:44',6,'',3),(422,'124-444-2141',119,3,NULL,NULL,'2011-04-07 10:54:38','system','system','2011-04-07 10:59:44',6,'',3),(423,'www.default.com',119,7,NULL,NULL,'2011-04-07 10:54:38','system','system','2011-04-07 10:59:44',6,'',NULL),(424,'aad@d.Comfasdfghjklmnbvcxzqwertyuioasdfgaqwerasdfg',122,1,NULL,NULL,'2011-04-08 05:19:58','system','system','2011-04-08 05:21:12',4,'',NULL),(425,'123-343-1111',122,2,NULL,NULL,'2011-04-08 05:19:58','system','system','2011-04-08 05:21:12',4,'',NULL),(426,'123-343-1111',122,3,NULL,NULL,'2011-04-08 05:19:58','system','system','2011-04-08 05:21:12',4,'',3),(427,'www.sf.com',122,7,NULL,NULL,'2011-04-08 05:19:58','system','system','2011-04-08 05:21:12',4,'',NULL),(428,'aad@d.Comqwertyuioplkjhgfdsazxcvbnmlkjhgfdsaqwerty',123,1,NULL,NULL,'2011-04-08 07:50:19','system','system','2011-04-08 07:53:22',4,'',NULL),(429,'123-343-1111',123,2,NULL,NULL,'2011-04-08 07:50:19','system','system','2011-04-08 07:53:22',4,'',NULL),(430,'123-343-1111',123,3,NULL,NULL,'2011-04-08 07:50:19','system','system','2011-04-08 07:53:22',4,'',3),(431,'www.sf.com',123,7,NULL,NULL,'2011-04-08 07:50:19','system','system','2011-04-08 07:53:22',4,'',NULL),(432,'harsh@gmail.com',124,1,NULL,NULL,'2011-04-10 06:53:46','system','system','2011-04-10 06:53:46',0,'',NULL),(433,'222-222-2222',124,2,NULL,NULL,'2011-04-10 06:53:46','system','system','2011-04-10 06:53:46',0,'',NULL),(434,'222-222-2222',124,3,NULL,NULL,'2011-04-10 06:53:46','system','system','2011-04-10 06:53:46',0,'',3),(435,'111-111-1111',124,3,NULL,NULL,'2011-04-10 06:53:46','system','system','2011-04-10 06:53:46',0,'',3),(436,'www.saiAutomobile.com',124,7,NULL,NULL,'2011-04-10 06:53:46','system','system','2011-04-10 06:53:46',0,'',NULL),(437,'tanveer@gamil.om',125,1,NULL,NULL,'2011-04-10 09:37:19','system','system','2011-04-11 12:22:48',1,'',NULL),(438,'222-222-1111',125,2,NULL,NULL,'2011-04-10 09:37:19','system','system','2011-04-11 12:22:48',1,'',NULL),(439,'222-222-2222',125,3,NULL,NULL,'2011-04-10 09:37:19','system','system','2011-04-10 09:37:23',0,'',3),(440,'www.default.com',125,7,NULL,NULL,'2011-04-10 09:37:19','system','system','2011-04-11 12:22:48',1,'',NULL),(441,'harsh@gmail.com',126,1,NULL,NULL,'2011-04-11 11:02:49','system','system','2011-04-11 11:04:37',2,'',NULL),(442,'222-222-2222',126,2,NULL,NULL,'2011-04-11 11:02:49','system','system','2011-04-11 11:04:37',2,'',NULL),(443,'222-222-2222',126,3,NULL,NULL,'2011-04-11 11:02:49','system','system','2011-04-11 11:04:37',2,'',3),(444,'www.Circuit.com',126,7,NULL,NULL,'2011-04-11 11:02:49','system','system','2011-04-11 11:04:37',2,'',NULL),(449,'all_is_well@gmail.com',131,1,NULL,NULL,'2011-04-11 12:26:26','system','system','2011-04-11 12:26:26',0,'',NULL),(450,'222-222-2222',131,2,NULL,NULL,'2011-04-11 12:26:26','system','system','2011-04-11 12:26:26',0,'',NULL),(451,'222-222-2222',131,3,NULL,NULL,'2011-04-11 12:26:26','system','system','2011-04-11 12:26:26',0,'',3),(452,'www.saiAutomobile.com',131,7,NULL,NULL,'2011-04-11 12:26:26','system','system','2011-04-11 12:26:26',0,'',NULL),(453,'accenture@gmail.com',132,1,NULL,NULL,'2011-04-12 05:57:10','system','anand@gmail.com','2011-04-12 05:57:15',2,'',NULL),(454,'222-222-1111',132,2,NULL,NULL,'2011-04-12 05:57:10','system','anand@gmail.com','2011-04-12 05:57:15',2,'',NULL),(455,'222-222-2222',132,3,NULL,NULL,'2011-04-12 05:57:10','system','anand@gmail.com','2011-04-12 05:57:15',2,'',3),(456,'111-222-3333',132,3,NULL,NULL,'2011-04-12 05:57:10','system','anand@gmail.com','2011-04-12 05:57:15',2,'',4),(457,'www.default.com',132,7,NULL,NULL,'2011-04-12 05:57:10','system','anand@gmail.com','2011-04-12 05:57:15',2,'',NULL),(458,'tanveer@gamil.omkggggggggggggggggggggggggggh',133,1,NULL,NULL,'2011-04-12 06:25:25','system','anand@gmail.com','2011-04-12 06:27:15',10,'',NULL),(459,'222-222-1111',133,2,NULL,NULL,'2011-04-12 06:25:25','system','anand@gmail.com','2011-04-12 06:27:15',10,'',NULL),(460,'222-222-2222',133,3,NULL,NULL,'2011-04-12 06:25:25','system','anand@gmail.com','2011-04-12 06:27:15',10,'',3),(461,'123-456-7890',133,3,NULL,NULL,'2011-04-12 06:25:25','system','anand@gmail.com','2011-04-12 06:27:15',10,'',4),(462,'www.default.com',133,7,NULL,NULL,'2011-04-12 06:25:25','system','anand@gmail.com','2011-04-12 06:27:15',10,'',NULL),(463,'preety@gmail.com',134,1,NULL,NULL,'2011-04-12 07:54:37','system','anand@gmail.com','2011-04-12 07:54:40',2,'',NULL),(464,'222-222-1111',134,2,NULL,NULL,'2011-04-12 07:54:37','system','anand@gmail.com','2011-04-12 07:54:40',2,'',NULL),(465,'222-222-2222',134,3,NULL,NULL,'2011-04-12 07:54:37','system','anand@gmail.com','2011-04-12 07:54:40',2,'',3),(466,'www.default.com',134,7,NULL,NULL,'2011-04-12 07:54:37','system','anand@gmail.com','2011-04-12 07:54:40',2,'',NULL),(467,'preety@gmail.com',135,1,NULL,NULL,'2011-04-12 07:55:47','system','anand@gmail.com','2011-04-12 07:55:50',2,'',NULL),(468,'222-222-1111',135,2,NULL,NULL,'2011-04-12 07:55:47','system','anand@gmail.com','2011-04-12 07:55:50',2,'',NULL),(469,'222-222-2222',135,3,NULL,NULL,'2011-04-12 07:55:47','system','anand@gmail.com','2011-04-12 07:55:50',2,'',4),(470,'www.default.com',135,7,NULL,NULL,'2011-04-12 07:55:47','system','anand@gmail.com','2011-04-12 07:55:50',2,'',NULL),(471,'patil.sd@gmail.comdnfghjklpoiuytwqasdfghjklpoiuytr',136,1,NULL,NULL,'2011-04-13 05:16:00','system','patil.anand677@gmail.com','2011-04-13 05:16:03',2,'',NULL),(472,'111-222-3333',136,2,NULL,NULL,'2011-04-13 05:16:00','system','patil.anand677@gmail.com','2011-04-13 05:16:03',2,'',NULL),(473,'112-445-4567',136,3,NULL,NULL,'2011-04-13 05:16:00','system','patil.anand677@gmail.com','2011-04-13 05:16:03',2,'',3),(474,'www.default.com',136,7,NULL,NULL,'2011-04-13 05:16:00','system','patil.anand677@gmail.com','2011-04-13 05:16:03',2,'',NULL),(525,'patil.sd@gmail.comqwertyuioplkjhgfdsazxcvbnmkluytf',149,1,NULL,NULL,'2011-04-14 05:22:59','system','patil.anand677@gmail.com','2011-04-14 05:25:31',6,'',NULL),(526,'111-222-3333',149,2,NULL,NULL,'2011-04-14 05:22:59','system','patil.anand677@gmail.com','2011-04-14 05:25:31',6,'',NULL),(527,'112-445-4567',149,3,NULL,NULL,'2011-04-14 05:23:00','system','patil.anand677@gmail.com','2011-04-14 05:25:31',6,'',3),(528,'222-555-6789',149,3,NULL,NULL,'2011-04-14 05:23:00','system','patil.anand677@gmail.com','2011-04-14 05:25:31',6,'',4),(529,'www.default.com',149,7,NULL,NULL,'2011-04-14 05:22:59','system','patil.anand677@gmail.com','2011-04-14 05:25:31',6,'',NULL),(530,'patil.sd@gmail.com',150,1,NULL,NULL,'2011-04-14 05:28:37','system','patil.anand677@gmail.com','2011-04-14 05:33:43',16,'',NULL),(531,'111-222-3333',150,2,NULL,NULL,'2011-04-14 05:28:37','system','patil.anand677@gmail.com','2011-04-14 05:33:43',16,'',NULL),(532,'112-445-4567',150,3,NULL,NULL,'2011-04-14 05:28:37','system','patil.anand677@gmail.com','2011-04-14 05:33:43',16,'',3),(533,'222-555-6789',150,3,NULL,NULL,'2011-04-14 05:28:37','system','patil.anand677@gmail.com','2011-04-14 05:33:43',16,'',4),(534,'www.default.com',150,7,NULL,NULL,'2011-04-14 05:28:37','system','patil.anand677@gmail.com','2011-04-14 05:33:43',16,'',NULL),(535,'patil.sd@gmail.com',151,1,NULL,NULL,'2011-04-14 05:50:00','system','patil.anand677@gmail.com','2011-04-14 05:50:05',2,'',NULL),(536,'111-222-3333',151,2,NULL,NULL,'2011-04-14 05:50:00','system','patil.anand677@gmail.com','2011-04-14 05:50:05',2,'',NULL),(537,'112-445-4567',151,3,NULL,NULL,'2011-04-14 05:50:00','system','patil.anand677@gmail.com','2011-04-14 05:50:05',2,'',3),(538,'222-555-6789',151,3,NULL,NULL,'2011-04-14 05:50:00','system','patil.anand677@gmail.com','2011-04-14 05:50:05',2,'',4),(539,'www.default.com',151,7,NULL,NULL,'2011-04-14 05:50:00','system','patil.anand677@gmail.com','2011-04-14 05:50:05',2,'',NULL),(540,'patil.sd@gmail.comqwertyuioplkjhgfdsazxcvbnmkluytf',152,1,NULL,NULL,'2011-04-14 05:52:08','system','patil.anand677@gmail.com','2011-04-14 05:52:45',4,'',NULL),(541,'111-222-3333',152,2,NULL,NULL,'2011-04-14 05:52:08','system','patil.anand677@gmail.com','2011-04-14 05:52:45',4,'',NULL),(542,'112-445-4567',152,3,NULL,NULL,'2011-04-14 05:52:08','system','patil.anand677@gmail.com','2011-04-14 05:52:45',4,'',3),(543,'www.default.com',152,7,NULL,NULL,'2011-04-14 05:52:08','system','patil.anand677@gmail.com','2011-04-14 05:52:45',4,'',NULL),(544,'patil.sd@gmail.com',153,1,NULL,NULL,'2011-04-14 06:08:38','system','patil.anand677@gmail.com','2011-04-14 06:09:09',4,'',NULL),(545,'111-222-3333',153,2,NULL,NULL,'2011-04-14 06:08:38','system','patil.anand677@gmail.com','2011-04-14 06:09:09',4,'',NULL),(546,'112-445-4567',153,3,NULL,NULL,'2011-04-14 06:08:38','system','patil.anand677@gmail.com','2011-04-14 06:09:09',4,'',3),(547,'www.default.com',153,7,NULL,NULL,'2011-04-14 06:08:38','system','patil.anand677@gmail.com','2011-04-14 06:09:09',4,'',NULL),(556,'patil.sd@gmail.com',156,1,NULL,NULL,'2011-04-15 05:19:41','system','patil.anand677@gmail.com','2011-04-15 05:19:46',2,'',NULL),(557,'111-222-3333',156,2,NULL,NULL,'2011-04-15 05:19:41','system','patil.anand677@gmail.com','2011-04-15 05:19:46',2,'',NULL),(558,'112-445-4567',156,3,NULL,NULL,'2011-04-15 05:19:41','system','patil.anand677@gmail.com','2011-04-15 05:19:46',2,'',3),(559,'www.default.com',156,7,NULL,NULL,'2011-04-15 05:19:41','system','patil.anand677@gmail.com','2011-04-15 05:19:46',2,'',NULL),(560,'patil.sd@gmail.com',157,1,NULL,NULL,'2011-04-15 12:10:37','system','patil.anand677@gmail.com','2011-04-15 12:11:36',4,'',NULL),(561,'123-456-6666',157,2,NULL,NULL,'2011-04-15 12:10:37','system','patil.anand677@gmail.com','2011-04-15 12:11:36',4,'',NULL),(562,'112-445-4567',157,3,NULL,NULL,'2011-04-15 12:10:37','system','patil.anand677@gmail.com','2011-04-15 12:11:36',4,'',3),(563,'www.default.com',157,7,NULL,NULL,'2011-04-15 12:10:37','system','patil.anand677@gmail.com','2011-04-15 12:11:36',4,'',NULL),(564,'sagar_123@gmail.com',158,1,NULL,NULL,'2011-04-15 12:20:01','system','sagar_bannikal_098@yahoo.com','2011-04-15 12:20:06',2,'',NULL),(565,'222-333-4444',158,2,NULL,NULL,'2011-04-15 12:20:01','system','sagar_bannikal_098@yahoo.com','2011-04-15 12:20:06',2,'',NULL),(566,'222-333-4444',158,3,NULL,NULL,'2011-04-15 12:20:01','system','sagar_bannikal_098@yahoo.com','2011-04-15 12:20:06',2,'',3),(567,'www.default.com',158,7,NULL,NULL,'2011-04-15 12:20:01','system','sagar_bannikal_098@yahoo.com','2011-04-15 12:20:06',2,'',NULL),(568,'patil.sd@gmail.com',159,1,NULL,NULL,'2011-04-15 12:49:32','system','patil.anand677@gmail.com','2011-04-15 12:49:57',4,'',NULL),(569,'111-222-3333',159,2,NULL,NULL,'2011-04-15 12:49:32','system','patil.anand677@gmail.com','2011-04-15 12:49:57',4,'',NULL),(570,'112-445-4567',159,3,NULL,NULL,'2011-04-15 12:49:32','system','patil.anand677@gmail.com','2011-04-15 12:49:57',4,'',3),(571,'www.default.com',159,7,NULL,NULL,'2011-04-15 12:49:32','system','patil.anand677@gmail.com','2011-04-15 12:49:57',4,'',NULL),(572,'patil.sd@gmail.com',160,1,NULL,NULL,'2011-04-15 12:56:29','system','patil.anand677@gmail.com','2011-04-15 12:59:47',14,'',NULL),(573,'111-222-3333',160,2,NULL,NULL,'2011-04-15 12:56:29','system','patil.anand677@gmail.com','2011-04-15 12:59:47',14,'',NULL),(574,'112-445-4567',160,3,NULL,NULL,'2011-04-15 12:56:29','system','patil.anand677@gmail.com','2011-04-15 12:59:47',14,'',3),(575,'www.default.com',160,7,NULL,NULL,'2011-04-15 12:56:29','system','patil.anand677@gmail.com','2011-04-15 12:59:47',14,'',NULL),(576,'patil.sd@gmail.com',161,1,NULL,NULL,'2011-04-16 05:51:51','system','patil.anand677@gmail.com','2011-04-16 05:51:55',2,'',NULL),(577,'111-222-3333',161,2,NULL,NULL,'2011-04-16 05:51:51','system','patil.anand677@gmail.com','2011-04-16 05:51:55',2,'',NULL),(578,'112-445-4567',161,3,NULL,NULL,'2011-04-16 05:51:51','system','patil.anand677@gmail.com','2011-04-16 05:51:55',2,'',3),(579,'www.default.com',161,7,NULL,NULL,'2011-04-16 05:51:51','system','patil.anand677@gmail.com','2011-04-16 05:51:55',2,'',NULL),(580,'patil.sd@gmail.com',162,1,NULL,NULL,'2011-04-16 05:54:44','system','patil.anand677@gmail.com','2011-04-16 05:54:47',2,'',NULL),(581,'111-222-3333',162,2,NULL,NULL,'2011-04-16 05:54:44','system','patil.anand677@gmail.com','2011-04-16 05:54:47',2,'',NULL),(582,'112-445-4567',162,3,NULL,NULL,'2011-04-16 05:54:44','system','patil.anand677@gmail.com','2011-04-16 05:54:47',2,'',3),(583,'www.default.com',162,7,NULL,NULL,'2011-04-16 05:54:44','system','patil.anand677@gmail.com','2011-04-16 05:54:47',2,'',NULL),(584,'sagar@gmail.com',163,1,NULL,NULL,'2011-04-16 06:47:31','system','patil.anand677@gmail.com','2011-04-16 07:05:30',4,'',NULL),(585,'122-125-1236',163,2,NULL,NULL,'2011-04-16 06:47:31','system','patil.anand677@gmail.com','2011-04-16 07:05:30',4,'',NULL),(586,'112-445-4567',163,3,NULL,NULL,'2011-04-16 06:47:31','system','patil.anand677@gmail.com','2011-04-16 07:05:30',4,'',3),(587,'www.default.com',163,7,NULL,NULL,'2011-04-16 06:47:31','system','patil.anand677@gmail.com','2011-04-16 07:05:30',4,'',NULL),(588,'patil.sd@gmail.com',164,1,NULL,NULL,'2011-04-16 07:46:01','system','patil.anand677@gmail.com','2011-04-16 07:48:43',4,'',NULL),(589,'111-222-3333',164,2,NULL,NULL,'2011-04-16 07:46:01','system','patil.anand677@gmail.com','2011-04-16 07:48:43',4,'',NULL),(590,'112-445-4567',164,3,NULL,NULL,'2011-04-16 07:46:01','system','patil.anand677@gmail.com','2011-04-16 07:48:43',4,'',3),(591,'www.default.com',164,7,NULL,NULL,'2011-04-16 07:46:01','system','patil.anand677@gmail.com','2011-04-16 07:48:43',4,'',NULL),(592,'patil.sd@gmail.com',165,1,NULL,NULL,'2011-04-16 11:10:04','system','patil.anand677@gmail.com','2011-04-16 11:24:12',4,'',NULL),(593,'111-222-3333',165,2,NULL,NULL,'2011-04-16 11:10:04','system','patil.anand677@gmail.com','2011-04-16 11:24:12',4,'',NULL),(594,'112-445-4567',165,3,NULL,NULL,'2011-04-16 11:10:04','system','patil.anand677@gmail.com','2011-04-16 11:24:12',4,'',3),(595,'www.default.com',165,7,NULL,NULL,'2011-04-16 11:10:04','system','patil.anand677@gmail.com','2011-04-16 11:24:12',4,'',NULL),(596,'manju@gmail.com',166,1,NULL,NULL,'2011-04-16 11:28:45','system','patil.anand677@gmail.com','2011-04-16 11:28:49',2,'',NULL),(597,'222-124-1234',166,2,NULL,NULL,'2011-04-16 11:28:45','system','patil.anand677@gmail.com','2011-04-16 11:28:49',2,'',NULL),(598,'123-456-6789',166,3,NULL,NULL,'2011-04-16 11:28:45','system','patil.anand677@gmail.com','2011-04-16 11:28:49',2,'',3),(599,'www.default.com',166,7,NULL,NULL,'2011-04-16 11:28:45','system','patil.anand677@gmail.com','2011-04-16 11:28:49',2,'',NULL),(600,'manju@gmail.com',167,1,NULL,NULL,'2011-04-16 11:31:23','system','patil.anand677@gmail.com','2011-04-16 11:31:27',2,'',NULL),(601,'222-124-1234',167,2,NULL,NULL,'2011-04-16 11:31:23','system','patil.anand677@gmail.com','2011-04-16 11:31:27',2,'',NULL),(602,'123-456-6789',167,3,NULL,NULL,'2011-04-16 11:31:23','system','patil.anand677@gmail.com','2011-04-16 11:31:27',2,'',3),(603,'www.default.com',167,7,NULL,NULL,'2011-04-16 11:31:23','system','patil.anand677@gmail.com','2011-04-16 11:31:27',2,'',NULL),(604,'manju@gmail.com',168,1,NULL,NULL,'2011-04-16 11:45:14','system','patil.anand677@gmail.com','2011-04-16 11:45:18',2,'',NULL),(605,'222-124-1234',168,2,NULL,NULL,'2011-04-16 11:45:14','system','patil.anand677@gmail.com','2011-04-16 11:45:18',2,'',NULL),(606,'123-456-6789',168,3,NULL,NULL,'2011-04-16 11:45:14','system','patil.anand677@gmail.com','2011-04-16 11:45:18',2,'',3),(607,'www.default.com',168,7,NULL,NULL,'2011-04-16 11:45:14','system','patil.anand677@gmail.com','2011-04-16 11:45:18',2,'',NULL),(608,'patil.sd@gmail.com',169,1,NULL,NULL,'2011-04-18 10:24:25','system','patil.anand677@gmail.com','2011-04-18 10:24:29',2,'',NULL),(609,'111-222-3333',169,2,NULL,NULL,'2011-04-18 10:24:25','system','patil.anand677@gmail.com','2011-04-18 10:24:29',2,'',NULL),(610,'112-445-4567',169,3,NULL,NULL,'2011-04-18 10:24:25','system','patil.anand677@gmail.com','2011-04-18 10:24:29',2,'',3),(611,'222-555-6789',169,3,NULL,NULL,'2011-04-18 10:24:25','system','patil.anand677@gmail.com','2011-04-18 10:24:29',2,'',4),(612,'www.default.com',169,7,NULL,NULL,'2011-04-18 10:24:25','system','patil.anand677@gmail.com','2011-04-18 10:24:29',2,'',NULL),(613,'patil.sd@gmail.com',170,1,NULL,NULL,'2011-04-18 10:26:14','system','patil.anand677@gmail.com','2011-04-18 10:26:18',2,'',NULL),(614,'111-222-3333',170,2,NULL,NULL,'2011-04-18 10:26:14','system','patil.anand677@gmail.com','2011-04-18 10:26:18',2,'',NULL),(615,'112-445-4567',170,3,NULL,NULL,'2011-04-18 10:26:14','system','patil.anand677@gmail.com','2011-04-18 10:26:18',2,'',3),(616,'222-555-6789',170,3,NULL,NULL,'2011-04-18 10:26:14','system','patil.anand677@gmail.com','2011-04-18 10:26:18',2,'',4),(617,'www.default.com',170,7,NULL,NULL,'2011-04-18 10:26:14','system','patil.anand677@gmail.com','2011-04-18 10:26:18',2,'',NULL),(618,'patil.sd@gmail.com',171,1,NULL,NULL,'2011-04-18 10:26:59','system','patil.anand677@gmail.com','2011-04-18 10:27:02',2,'',NULL),(619,'111-222-3333',171,2,NULL,NULL,'2011-04-18 10:26:59','system','patil.anand677@gmail.com','2011-04-18 10:27:02',2,'',NULL),(620,'112-445-4567',171,3,NULL,NULL,'2011-04-18 10:26:59','system','patil.anand677@gmail.com','2011-04-18 10:27:02',2,'',3),(621,'www.default.com',171,7,NULL,NULL,'2011-04-18 10:26:59','system','patil.anand677@gmail.com','2011-04-18 10:27:02',2,'',NULL),(622,'as@gmail.com',172,1,NULL,NULL,'2011-04-19 05:13:30','system','patil.anand677@gmail.com','2011-04-19 05:13:33',2,'',NULL),(623,'111-222-3333',172,2,NULL,NULL,'2011-04-19 05:13:30','system','patil.anand677@gmail.com','2011-04-19 05:13:33',2,'',NULL),(624,'112-445-4567',172,3,NULL,NULL,'2011-04-19 05:13:30','system','patil.anand677@gmail.com','2011-04-19 05:13:33',2,'',3),(625,'www.default.com',172,7,NULL,NULL,'2011-04-19 05:13:30','system','patil.anand677@gmail.com','2011-04-19 05:13:33',2,'',NULL),(626,'ra@gmail.com',173,1,NULL,NULL,'2011-04-25 05:45:38','system','patil.anand677@gmail.com','2011-04-25 05:47:37',3,'',NULL),(627,'123-145-1254',173,2,NULL,NULL,'2011-04-25 05:45:38','system','patil.anand677@gmail.com','2011-04-25 05:47:37',3,'',NULL),(628,'123-456-4789',173,3,NULL,NULL,'2011-04-25 05:45:38','system','patil.anand677@gmail.com','2011-04-25 05:47:37',3,'',3),(629,'345-789-1234',173,3,NULL,NULL,'2011-04-25 05:45:38','system','patil.anand677@gmail.com','2011-04-25 05:47:37',3,'',4),(630,'www.gmail.com',173,7,NULL,NULL,'2011-04-25 05:45:38','system','patil.anand677@gmail.com','2011-04-25 05:47:37',3,'',NULL),(631,'aa@rt.com',174,1,NULL,NULL,'2011-04-25 05:55:09','system','patil.anand677@gmail.com','2011-04-25 05:55:13',2,'',NULL),(632,'111-222-3333',174,2,NULL,NULL,'2011-04-25 05:55:09','system','patil.anand677@gmail.com','2011-04-25 05:55:13',2,'',NULL),(633,'112-445-4567',174,3,NULL,NULL,'2011-04-25 05:55:09','system','patil.anand677@gmail.com','2011-04-25 05:55:13',2,'',3),(634,'222-555-6789',174,3,NULL,NULL,'2011-04-25 05:55:09','system','patil.anand677@gmail.com','2011-04-25 05:55:13',2,'',4),(635,'www.default.com',174,7,NULL,NULL,'2011-04-25 05:55:09','system','patil.anand677@gmail.com','2011-04-25 05:55:13',2,'',NULL),(636,'patil.sd@gmail.com',175,1,NULL,NULL,'2011-04-25 11:19:12','system','patil.anand677@gmail.com','2011-04-25 11:19:16',2,'',NULL),(637,'111-222-3333',175,2,NULL,NULL,'2011-04-25 11:19:12','system','patil.anand677@gmail.com','2011-04-25 11:19:16',2,'',NULL),(638,'112-445-4567',175,3,NULL,NULL,'2011-04-25 11:19:12','system','patil.anand677@gmail.com','2011-04-25 11:19:16',2,'',3),(639,'www.default.com',175,7,NULL,NULL,'2011-04-25 11:19:12','system','patil.anand677@gmail.com','2011-04-25 11:19:16',2,'',NULL),(640,'ra@gmail.com',176,1,NULL,NULL,'2011-04-25 11:29:22','system','patil.anand677@gmail.com','2011-04-25 11:29:22',1,'',NULL),(641,'123-145-1254',176,2,NULL,NULL,'2011-04-25 11:29:22','system','patil.anand677@gmail.com','2011-04-25 11:29:22',1,'',NULL),(642,'123-456-4789',176,3,NULL,NULL,'2011-04-25 11:29:22','system','patil.anand677@gmail.com','2011-04-25 11:29:22',1,'',3),(643,'www.gmail.com',176,7,NULL,NULL,'2011-04-25 11:29:22','system','patil.anand677@gmail.com','2011-04-25 11:29:22',1,'',NULL),(644,'ra@gmail.com',177,1,NULL,NULL,'2011-04-25 11:30:50','system','patil.anand677@gmail.com','2011-04-25 11:30:50',1,'',NULL),(645,'123-145-1254',177,2,NULL,NULL,'2011-04-25 11:30:50','system','patil.anand677@gmail.com','2011-04-25 11:30:50',1,'',NULL),(646,'123-456-4789',177,3,NULL,NULL,'2011-04-25 11:30:50','system','patil.anand677@gmail.com','2011-04-25 11:30:50',1,'',3),(647,'www.gmail.com',177,7,NULL,NULL,'2011-04-25 11:30:50','system','patil.anand677@gmail.com','2011-04-25 11:30:50',1,'',NULL),(648,'patil.sd@gmail.com',178,1,NULL,NULL,'2011-04-25 12:56:50','system','patil.anand677@gmail.com','2011-04-25 12:56:54',2,'',NULL),(649,'111-222-3333',178,2,NULL,NULL,'2011-04-25 12:56:50','system','patil.anand677@gmail.com','2011-04-25 12:56:54',2,'',NULL),(650,'112-445-4567',178,3,NULL,NULL,'2011-04-25 12:56:50','system','patil.anand677@gmail.com','2011-04-25 12:56:54',2,'',3),(651,'www.default.com',178,7,NULL,NULL,'2011-04-25 12:56:50','system','patil.anand677@gmail.com','2011-04-25 12:56:54',2,'',NULL),(652,'patil.sd@gmail.com',179,1,NULL,NULL,'2011-04-26 13:37:41','system','patil.anand677@gmail.com','2011-04-26 13:37:44',2,'',NULL),(653,'111-222-3333',179,2,NULL,NULL,'2011-04-26 13:37:41','system','patil.anand677@gmail.com','2011-04-26 13:37:44',2,'',NULL),(654,'112-445-4567',179,3,NULL,NULL,'2011-04-26 13:37:41','system','patil.anand677@gmail.com','2011-04-26 13:37:44',2,'',3),(655,'www.default.com',179,7,NULL,NULL,'2011-04-26 13:37:41','system','patil.anand677@gmail.com','2011-04-26 13:37:44',2,'',NULL),(656,'sa@gmail.com',180,1,NULL,NULL,'2011-04-30 05:08:13','system','anand@gmail.com','2011-04-30 05:08:17',2,'',NULL),(657,'222-111-3333',180,2,NULL,NULL,'2011-04-30 05:08:13','system','anand@gmail.com','2011-04-30 05:08:17',2,'',NULL),(658,'555-222-3336',180,3,NULL,NULL,'2011-04-30 05:08:13','system','anand@gmail.com','2011-04-30 05:08:17',2,'',3),(659,'www.default.com',180,7,NULL,NULL,'2011-04-30 05:08:13','system','anand@gmail.com','2011-04-30 05:08:17',2,'',NULL),(660,'anil@gmail.com',181,1,NULL,NULL,'2011-04-30 07:39:05','system','anand@gmail.com','2011-04-30 07:39:05',1,'',NULL),(661,'123-111-2222',181,2,NULL,NULL,'2011-04-30 07:39:05','system','anand@gmail.com','2011-04-30 07:39:05',1,'',NULL),(662,'444-555-6666',181,3,NULL,NULL,'2011-04-30 07:39:05','system','anand@gmail.com','2011-04-30 07:39:05',1,'',3),(663,'www.gmail.com',181,7,NULL,NULL,'2011-04-30 07:39:05','system','anand@gmail.com','2011-04-30 07:39:05',1,'',NULL),(664,'raju@gmail.com',182,1,NULL,NULL,'2011-04-30 07:48:45','system','anand@gmail.com','2011-04-30 08:06:41',3,'',NULL),(665,'111-222-3333',182,2,NULL,NULL,'2011-04-30 07:48:45','system','anand@gmail.com','2011-04-30 08:06:41',3,'',NULL),(666,'124-324-1234',182,3,NULL,NULL,'2011-04-30 07:48:45','system','anand@gmail.com','2011-04-30 08:06:41',3,'',3),(667,'www.gmail.com',182,7,NULL,NULL,'2011-04-30 07:48:45','system','anand@gmail.com','2011-04-30 08:06:41',3,'',NULL),(668,'ma@gmail.com',183,1,NULL,NULL,'2011-05-12 13:19:34','system','patil.anand677@gmail.com','2011-05-12 13:19:36',1,'',NULL),(669,'111-222-3333',183,2,NULL,NULL,'2011-05-12 13:19:34','system','patil.anand677@gmail.com','2011-05-12 13:19:36',1,'',NULL),(670,'145-123-1452',183,3,NULL,NULL,'2011-05-12 13:19:34','system','patil.anand677@gmail.com','2011-05-12 13:19:36',1,'',3),(671,'www.gmail.com',183,7,NULL,NULL,'2011-05-12 13:19:34','system','patil.anand677@gmail.com','2011-05-12 13:19:36',1,'',NULL),(672,'ma@gmail.com',184,1,NULL,NULL,'2011-05-12 13:22:03','system','patil.anand677@gmail.com','2011-05-12 13:22:03',1,'',NULL),(673,'111-222-3333',184,2,NULL,NULL,'2011-05-12 13:22:03','system','patil.anand677@gmail.com','2011-05-12 13:22:03',1,'',NULL),(674,'145-123-1452',184,3,NULL,NULL,'2011-05-12 13:22:03','system','patil.anand677@gmail.com','2011-05-12 13:22:03',1,'',3),(675,'www.gmail.com',184,7,NULL,NULL,'2011-05-12 13:22:03','system','patil.anand677@gmail.com','2011-05-12 13:22:03',1,'',NULL),(676,'ma@gmail.com',185,1,NULL,NULL,'2011-05-12 13:23:19','system','patil.anand677@gmail.com','2011-05-12 13:23:19',1,'',NULL),(677,'111-222-3333',185,2,NULL,NULL,'2011-05-12 13:23:19','system','patil.anand677@gmail.com','2011-05-12 13:23:19',1,'',NULL),(678,'145-123-1452',185,3,NULL,NULL,'2011-05-12 13:23:19','system','patil.anand677@gmail.com','2011-05-12 13:23:19',1,'',3),(679,'www.gmail.com',185,7,NULL,NULL,'2011-05-12 13:23:19','system','patil.anand677@gmail.com','2011-05-12 13:23:19',1,'',NULL),(680,'ma@gmail.com',186,1,NULL,NULL,'2011-05-12 13:24:37','system','patil.anand677@gmail.com','2011-05-12 13:24:37',1,'',NULL),(681,'111-222-3333',186,2,NULL,NULL,'2011-05-12 13:24:37','system','patil.anand677@gmail.com','2011-05-12 13:24:37',1,'',NULL),(682,'145-123-1452',186,3,NULL,NULL,'2011-05-12 13:24:37','system','patil.anand677@gmail.com','2011-05-12 13:24:37',1,'',3),(683,'www.gmail.com',186,7,NULL,NULL,'2011-05-12 13:24:37','system','patil.anand677@gmail.com','2011-05-12 13:24:37',1,'',NULL),(684,'ma@gmail.com',187,1,NULL,NULL,'2011-05-12 13:54:20','system','patil.anand677@gmail.com','2011-05-12 13:54:20',1,'',NULL),(685,'111-222-3333',187,2,NULL,NULL,'2011-05-12 13:54:20','system','patil.anand677@gmail.com','2011-05-12 13:54:20',1,'',NULL),(686,'145-123-1452',187,3,NULL,NULL,'2011-05-12 13:54:20','system','patil.anand677@gmail.com','2011-05-12 13:54:20',1,'',3),(687,'www.gmail.com',187,7,NULL,NULL,'2011-05-12 13:54:20','system','patil.anand677@gmail.com','2011-05-12 13:54:20',1,'',NULL),(688,'ma@gmail.com',188,1,NULL,NULL,'2011-05-12 13:55:29','system','patil.anand677@gmail.com','2011-05-12 13:55:29',1,'',NULL),(689,'111-222-3333',188,2,NULL,NULL,'2011-05-12 13:55:29','system','patil.anand677@gmail.com','2011-05-12 13:55:29',1,'',NULL),(690,'145-123-1452',188,3,NULL,NULL,'2011-05-12 13:55:29','system','patil.anand677@gmail.com','2011-05-12 13:55:29',1,'',3),(691,'www.gmail.com',188,7,NULL,NULL,'2011-05-12 13:55:29','system','patil.anand677@gmail.com','2011-05-12 13:55:29',1,'',NULL),(692,'ma@gmail.com',189,1,NULL,NULL,'2011-05-12 13:56:42','system','patil.anand677@gmail.com','2011-05-12 13:56:42',1,'',NULL),(693,'111-222-3333',189,2,NULL,NULL,'2011-05-12 13:56:42','system','patil.anand677@gmail.com','2011-05-12 13:56:42',1,'',NULL),(694,'145-123-1452',189,3,NULL,NULL,'2011-05-12 13:56:42','system','patil.anand677@gmail.com','2011-05-12 13:56:42',1,'',3),(695,'www.gmail.com',189,7,NULL,NULL,'2011-05-12 13:56:42','system','patil.anand677@gmail.com','2011-05-12 13:56:42',1,'',NULL),(696,'ma@gmail.com',190,1,NULL,NULL,'2011-05-12 13:57:29','system','patil.anand677@gmail.com','2011-05-12 13:57:29',1,'',NULL),(697,'111-222-3333',190,2,NULL,NULL,'2011-05-12 13:57:29','system','patil.anand677@gmail.com','2011-05-12 13:57:29',1,'',NULL),(698,'145-123-1452',190,3,NULL,NULL,'2011-05-12 13:57:29','system','patil.anand677@gmail.com','2011-05-12 13:57:29',1,'',3),(699,'www.gmail.com',190,7,NULL,NULL,'2011-05-12 13:57:29','system','patil.anand677@gmail.com','2011-05-12 13:57:29',1,'',NULL),(700,'an@gmail.com',191,1,NULL,NULL,'2011-05-14 04:10:45','system','patil.anand677@gmail.com','2011-05-14 04:10:52',2,'',NULL),(701,'111-222-4563',191,2,NULL,NULL,'2011-05-14 04:10:45','system','patil.anand677@gmail.com','2011-05-14 04:10:52',2,'',NULL),(702,'123-456-7896',191,3,NULL,NULL,'2011-05-14 04:10:45','system','patil.anand677@gmail.com','2011-05-14 04:10:52',2,'',3),(703,'www.default.com',191,7,NULL,NULL,'2011-05-14 04:10:45','system','patil.anand677@gmail.com','2011-05-14 04:10:52',2,'',NULL),(710,'ma@gmail.com',197,1,NULL,NULL,'2011-05-23 04:23:47','system','patil.anand677@gmail.com','2011-05-23 04:23:48',1,'',NULL),(711,'111-222-3333',197,2,NULL,NULL,'2011-05-23 04:23:47','system','patil.anand677@gmail.com','2011-05-23 04:23:48',1,'',NULL),(712,'145-123-1452',197,3,NULL,NULL,'2011-05-23 04:23:47','system','patil.anand677@gmail.com','2011-05-23 04:23:48',1,'',3),(713,'123-456-4569',197,3,NULL,NULL,'2011-05-23 04:23:47','system','patil.anand677@gmail.com','2011-05-23 04:23:48',1,'',4),(714,'www.gmail.com',197,7,NULL,NULL,'2011-05-23 04:23:47','system','patil.anand677@gmail.com','2011-05-23 04:23:48',1,'',NULL),(715,'rraniga@gmail.com',200,1,NULL,NULL,'2011-05-24 03:07:50','system','rraniga@uniserve.com','2011-05-24 03:08:14',2,'',NULL),(718,'604-588-1187',200,2,NULL,NULL,'2011-05-24 03:07:50','system','rraniga@uniserve.com','2011-05-24 03:08:14',2,'',NULL),(720,'604-588-8377',200,3,NULL,NULL,'2011-05-24 03:07:51','system','rraniga@uniserve.com','2011-05-24 03:08:14',2,'',3),(722,'604-716-4659',200,3,NULL,NULL,'2011-05-24 03:07:51','system','rraniga@uniserve.com','2011-05-24 03:08:14',2,'',5),(724,'604-588-8040',200,3,NULL,NULL,'2011-05-24 03:07:51','system','rraniga@uniserve.com','2011-05-24 03:08:14',2,'',4),(725,'www.default.com',200,7,NULL,NULL,'2011-05-24 03:07:50','system','rraniga@uniserve.com','2011-05-24 03:08:14',2,'',NULL),(727,'sagar@gmail.com',201,1,NULL,NULL,'2011-05-25 06:58:21','system','patil.anand677@gmail.com','2011-05-25 06:58:34',2,'',NULL),(728,'111-222-4563',201,2,NULL,NULL,'2011-05-25 06:58:21','system','patil.anand677@gmail.com','2011-05-25 06:58:34',2,'',NULL),(729,'123-456-7896',201,3,NULL,NULL,'2011-05-25 06:58:21','system','patil.anand677@gmail.com','2011-05-25 06:58:34',2,'',3),(730,'www.default.com',201,7,NULL,NULL,'2011-05-25 06:58:21','system','patil.anand677@gmail.com','2011-05-25 06:58:34',2,'',NULL),(731,'sa@gmail.com',202,1,NULL,NULL,'2011-05-25 09:31:24','system','patil.anand677@gmail.com','2011-05-25 09:31:37',2,'',NULL),(732,'111-222-4563',202,2,NULL,NULL,'2011-05-25 09:31:24','system','patil.anand677@gmail.com','2011-05-25 09:31:37',2,'',NULL),(733,'123-456-78963',202,3,NULL,NULL,'2011-05-25 09:31:24','system','patil.anand677@gmail.com','2011-05-25 09:31:37',2,'',3),(734,'www.default.com',202,7,NULL,NULL,'2011-05-25 09:31:24','system','patil.anand677@gmail.com','2011-05-25 09:31:37',2,'',NULL),(735,'sa@gmail.com',203,1,NULL,NULL,'2011-05-25 09:37:35','system','patil.anand677@gmail.com','2011-05-25 09:37:48',2,'',NULL),(736,'111-222-4563',203,2,NULL,NULL,'2011-05-25 09:37:35','system','patil.anand677@gmail.com','2011-05-25 09:37:48',2,'',NULL),(737,'123-456-78963',203,3,NULL,NULL,'2011-05-25 09:37:35','system','patil.anand677@gmail.com','2011-05-25 09:37:48',2,'',3),(738,'145-321-1456',203,3,NULL,NULL,'2011-05-25 09:37:35','system','patil.anand677@gmail.com','2011-05-25 09:37:48',2,'',4),(739,'www.default.com',203,7,NULL,NULL,'2011-05-25 09:37:35','system','patil.anand677@gmail.com','2011-05-25 09:37:48',2,'',NULL),(740,'ma@gmail.com',204,1,NULL,NULL,'2011-05-25 10:30:15','system','patil.anand677@gmail.com','2011-05-25 10:30:16',1,'',NULL),(741,'111-222-3333',204,2,NULL,NULL,'2011-05-25 10:30:15','system','patil.anand677@gmail.com','2011-05-25 10:30:16',1,'',NULL),(742,'145-123-1452',204,3,NULL,NULL,'2011-05-25 10:30:15','system','patil.anand677@gmail.com','2011-05-25 10:30:16',1,'',3),(743,'123-456-4569',204,3,NULL,NULL,'2011-05-25 10:30:15','system','patil.anand677@gmail.com','2011-05-25 10:30:16',1,'',4),(744,'www.gmail.com',204,7,NULL,NULL,'2011-05-25 10:30:15','system','patil.anand677@gmail.com','2011-05-25 10:30:16',1,'',NULL),(745,'ma@gmail.com',205,1,NULL,NULL,'2011-05-25 10:50:44','system','patil.anand677@gmail.com','2011-05-25 10:50:45',1,'',NULL),(746,'111-222-3333',205,2,NULL,NULL,'2011-05-25 10:50:44','system','patil.anand677@gmail.com','2011-05-25 10:50:45',1,'',NULL),(747,'145-123-1452',205,3,NULL,NULL,'2011-05-25 10:50:44','system','patil.anand677@gmail.com','2011-05-25 10:50:45',1,'',3),(748,'123-456-4569',205,3,NULL,NULL,'2011-05-25 10:50:44','system','patil.anand677@gmail.com','2011-05-25 10:50:45',1,'',4),(749,'www.gmail.com',205,7,NULL,NULL,'2011-05-25 10:50:44','system','patil.anand677@gmail.com','2011-05-25 10:50:45',1,'',NULL),(750,'ma@gmail.com',206,1,NULL,NULL,'2011-05-25 10:52:20','system','patil.anand677@gmail.com','2011-05-25 10:52:20',1,'',NULL),(751,'111-222-3333',206,2,NULL,NULL,'2011-05-25 10:52:20','system','patil.anand677@gmail.com','2011-05-25 10:52:20',1,'',NULL),(752,'145-123-1452',206,3,NULL,NULL,'2011-05-25 10:52:20','system','patil.anand677@gmail.com','2011-05-25 10:52:20',1,'',3),(753,'www.gmail.com',206,7,NULL,NULL,'2011-05-25 10:52:20','system','patil.anand677@gmail.com','2011-05-25 10:52:20',1,'',NULL),(754,'ma@gmail.com',207,1,NULL,NULL,'2011-05-25 10:53:41','system','patil.anand677@gmail.com','2011-05-25 10:53:42',1,'',NULL),(755,'111-222-3333',207,2,NULL,NULL,'2011-05-25 10:53:41','system','patil.anand677@gmail.com','2011-05-25 10:53:42',1,'',NULL),(756,'145-123-1452',207,3,NULL,NULL,'2011-05-25 10:53:41','system','patil.anand677@gmail.com','2011-05-25 10:53:42',1,'',4),(757,'www.gmail.com',207,7,NULL,NULL,'2011-05-25 10:53:41','system','patil.anand677@gmail.com','2011-05-25 10:53:42',1,'',NULL),(758,'ma@gmail.com',208,1,NULL,NULL,'2011-05-27 04:44:37','system','patil.anand677@gmail.com','2011-05-27 04:44:38',1,'',NULL),(759,'111-222-3333',208,2,NULL,NULL,'2011-05-27 04:44:37','system','patil.anand677@gmail.com','2011-05-27 04:44:38',1,'',NULL),(760,'145-123-1452',208,3,NULL,NULL,'2011-05-27 04:44:37','system','patil.anand677@gmail.com','2011-05-27 04:44:38',1,'',3),(761,'www.gmail.com',208,7,NULL,NULL,'2011-05-27 04:44:37','system','patil.anand677@gmail.com','2011-05-27 04:44:38',1,'',NULL),(762,'sagar@gmail.com',209,1,NULL,NULL,'2011-05-27 06:48:11','system','patil.anand677@gmail.com','2011-05-27 06:48:16',2,'',NULL),(763,'111-222-4563',209,2,NULL,NULL,'2011-05-27 06:48:11','system','patil.anand677@gmail.com','2011-05-27 06:48:16',2,'',NULL),(764,'123-456-78963',209,3,NULL,NULL,'2011-05-27 06:48:11','system','patil.anand677@gmail.com','2011-05-27 06:48:16',2,'',3),(765,'www.default.com',209,7,NULL,NULL,'2011-05-27 06:48:11','system','patil.anand677@gmail.com','2011-05-27 06:48:16',2,'',NULL),(766,'ra@gmail.com',212,1,NULL,NULL,'2011-05-31 05:05:28','system','patil.anand677@gmail.com','2011-05-31 05:05:28',1,'',NULL),(767,'111-222-3333',212,2,NULL,NULL,'2011-05-31 05:05:28','system','patil.anand677@gmail.com','2011-05-31 05:05:28',1,'',NULL),(768,'145-123-1452',212,3,NULL,NULL,'2011-05-31 05:05:28','system','patil.anand677@gmail.com','2011-05-31 05:05:28',1,'',3),(769,'123-456-4569',212,3,NULL,NULL,'2011-05-31 05:05:28','system','patil.anand677@gmail.com','2011-05-31 05:05:28',1,'',4),(770,'www.gmail.com',212,7,NULL,NULL,'2011-05-31 05:05:28','system','patil.anand677@gmail.com','2011-05-31 05:05:28',1,'',NULL),(771,'ra@gmail.com',213,1,NULL,NULL,'2011-05-31 05:08:16','system','patil.anand677@gmail.com','2011-05-31 05:08:16',1,'',NULL),(772,'111-222-3333',213,2,NULL,NULL,'2011-05-31 05:08:16','system','patil.anand677@gmail.com','2011-05-31 05:08:16',1,'',NULL),(773,'145-123-1452',213,3,NULL,NULL,'2011-05-31 05:08:16','system','patil.anand677@gmail.com','2011-05-31 05:08:16',1,'',3),(774,'www.gmail.com',213,7,NULL,NULL,'2011-05-31 05:08:16','system','patil.anand677@gmail.com','2011-05-31 05:08:16',1,'',NULL),(775,'ma@gmail.com',214,1,NULL,NULL,'2011-05-31 05:11:20','system','patil.anand677@gmail.com','2011-05-31 05:11:20',1,'',NULL),(776,'111-222-3333',214,2,NULL,NULL,'2011-05-31 05:11:20','system','patil.anand677@gmail.com','2011-05-31 05:11:20',1,'',NULL),(777,'145-123-1452',214,3,NULL,NULL,'2011-05-31 05:11:20','system','patil.anand677@gmail.com','2011-05-31 05:11:20',1,'',3),(778,'www.gmail.com',214,7,NULL,NULL,'2011-05-31 05:11:20','system','patil.anand677@gmail.com','2011-05-31 05:11:20',1,'',NULL),(779,'ma@gmail.com',215,1,NULL,NULL,'2011-05-31 05:14:38','system','patil.anand677@gmail.com','2011-05-31 05:14:38',1,'',NULL),(780,'111-222-3333',215,2,NULL,NULL,'2011-05-31 05:14:38','system','patil.anand677@gmail.com','2011-05-31 05:14:38',1,'',NULL),(781,'145-123-1452',215,3,NULL,NULL,'2011-05-31 05:14:38','system','patil.anand677@gmail.com','2011-05-31 05:14:38',1,'',3),(782,'www.gmail.com',215,7,NULL,NULL,'2011-05-31 05:14:38','system','patil.anand677@gmail.com','2011-05-31 05:14:38',1,'',NULL),(783,'rajesh@gmail.com',217,1,NULL,NULL,'2011-06-01 11:45:35','system','sagar_bannikal_098@yahoo.com','2011-06-01 11:45:50',2,'',NULL),(784,'65444',217,2,NULL,NULL,'2011-06-01 11:45:35','system','sagar_bannikal_098@yahoo.com','2011-06-01 11:45:50',2,'',NULL),(785,'9945209742',217,3,NULL,NULL,'2011-06-01 11:45:35','system','sagar_bannikal_098@yahoo.com','2011-06-01 11:45:50',2,'',5),(786,'www.default.com',217,7,NULL,NULL,'2011-06-01 11:45:35','system','sagar_bannikal_098@yahoo.com','2011-06-01 11:45:50',2,'',NULL),(788,'ma@gmail.com',218,1,NULL,NULL,'2011-06-01 13:49:28','system','anand@gmail.com','2011-06-01 13:49:28',1,'',NULL),(789,'111-222-3333',218,2,NULL,NULL,'2011-06-01 13:49:28','system','anand@gmail.com','2011-06-01 13:49:28',1,'',NULL),(790,'145-123-1452',218,3,NULL,NULL,'2011-06-01 13:49:28','system','anand@gmail.com','2011-06-01 13:49:28',1,'',3),(791,'www.gmail.com',218,7,NULL,NULL,'2011-06-01 13:49:28','system','anand@gmail.com','2011-06-01 13:49:28',1,'',NULL),(792,'ra@gmail.com',220,1,NULL,NULL,'2011-06-01 14:00:43','system','anand@gmail.com','2011-06-01 14:00:43',1,'',NULL),(793,'111-222-3333',220,2,NULL,NULL,'2011-06-01 14:00:43','system','anand@gmail.com','2011-06-01 14:00:43',1,'',NULL),(794,'145-123-1452',220,3,NULL,NULL,'2011-06-01 14:00:43','system','anand@gmail.com','2011-06-01 14:00:43',1,'',3),(795,'123-456-4569',220,3,NULL,NULL,'2011-06-01 14:00:43','system','anand@gmail.com','2011-06-01 14:00:43',1,'',4),(796,'www.gmail.com',220,7,NULL,NULL,'2011-06-01 14:00:43','system','anand@gmail.com','2011-06-01 14:00:43',1,'',NULL),(800,'sa@gmail.com',222,1,NULL,NULL,'2011-06-06 06:42:03','system','patil.anand677@gmail.com','2011-06-06 06:42:03',1,'',NULL),(801,'111-222-3333',222,2,NULL,NULL,'2011-06-06 06:42:03','system','patil.anand677@gmail.com','2011-06-06 06:42:03',1,'',NULL),(802,'145-123-1452',222,3,NULL,NULL,'2011-06-06 06:42:03','system','patil.anand677@gmail.com','2011-06-06 06:42:03',1,'',3),(803,'123-456-4569',222,3,NULL,NULL,'2011-06-06 06:42:03','system','patil.anand677@gmail.com','2011-06-06 06:42:03',1,'',4),(804,'www.gmail.com',222,7,NULL,NULL,'2011-06-06 06:42:03','system','patil.anand677@gmail.com','2011-06-06 06:42:03',1,'',NULL),(805,'ma@gmail.com',223,1,NULL,NULL,'2011-06-06 06:53:48','system','patil.anand677@gmail.com','2011-06-06 06:53:49',1,'',NULL),(806,'111-222-3333',223,2,NULL,NULL,'2011-06-06 06:53:48','system','patil.anand677@gmail.com','2011-06-06 06:53:49',1,'',NULL),(807,'145-123-1452',223,3,NULL,NULL,'2011-06-06 06:53:48','system','patil.anand677@gmail.com','2011-06-06 06:53:49',1,'',3),(808,'www.gmail.com',223,7,NULL,NULL,'2011-06-06 06:53:48','system','patil.anand677@gmail.com','2011-06-06 06:53:49',1,'',NULL),(814,'anil@gmail.com',225,1,NULL,NULL,'2011-06-06 07:45:49','system','patil.anand677@gmail.com','2011-06-06 07:45:53',2,'',NULL),(815,'111-222-4563',225,2,NULL,NULL,'2011-06-06 07:45:49','system','patil.anand677@gmail.com','2011-06-06 07:45:53',2,'',NULL),(816,'123-456-78963',225,3,NULL,NULL,'2011-06-06 07:45:49','system','patil.anand677@gmail.com','2011-06-06 07:45:53',2,'',3),(817,'www.default.com',225,7,NULL,NULL,'2011-06-06 07:45:49','system','patil.anand677@gmail.com','2011-06-06 07:45:53',2,'',NULL),(818,'sagar@gmail.com',226,1,NULL,NULL,'2011-06-06 10:07:11','system','patil.anand677@gmail.com','2011-06-06 10:07:15',2,'',NULL),(819,'111-222-4563',226,2,NULL,NULL,'2011-06-06 10:07:11','system','patil.anand677@gmail.com','2011-06-06 10:07:15',2,'',NULL),(820,'123-456-78963',226,3,NULL,NULL,'2011-06-06 10:07:11','system','patil.anand677@gmail.com','2011-06-06 10:07:15',2,'',3),(821,'333-111-1234',226,3,NULL,NULL,'2011-06-06 10:07:11','system','patil.anand677@gmail.com','2011-06-06 10:07:15',2,'',3),(822,'www.default.com',226,7,NULL,NULL,'2011-06-06 10:07:11','system','patil.anand677@gmail.com','2011-06-06 10:07:15',2,'',NULL),(823,'san@gmail.com',211,1,NULL,NULL,'2011-06-06 10:09:19','system','patil.anand677@gmail.com','2011-07-29 10:45:11',4,'',NULL),(824,'111-222-4563',211,2,NULL,NULL,'2011-06-06 10:09:19','system','patil.anand677@gmail.com','2011-07-29 10:45:11',4,'',NULL),(825,'123-456-78963',211,3,NULL,NULL,'2011-06-06 10:09:19','system','patil.anand677@gmail.com','2011-06-06 10:09:21',2,'',3),(826,'333-111-1234',211,3,NULL,NULL,'2011-06-06 10:09:19','system','patil.anand677@gmail.com','2011-06-06 10:09:21',2,'',4),(827,'www.default.com',211,7,NULL,NULL,'2011-06-06 10:09:19','system','patil.anand677@gmail.com','2011-07-29 10:45:11',4,'',NULL),(828,'anil@gmail.com',227,1,NULL,NULL,'2011-06-06 10:30:27','system','patil.anand677@gmail.com','2011-06-06 10:30:31',2,'',NULL),(829,'111-222-4563',227,2,NULL,NULL,'2011-06-06 10:30:27','system','patil.anand677@gmail.com','2011-06-06 10:30:31',2,'',NULL),(830,'123-456-78963',227,3,NULL,NULL,'2011-06-06 10:30:27','system','patil.anand677@gmail.com','2011-06-06 10:30:31',2,'',3),(831,'www.default.com',227,7,NULL,NULL,'2011-06-06 10:30:27','system','patil.anand677@gmail.com','2011-06-06 10:30:31',2,'',NULL),(832,'ma@gmail.com',228,1,NULL,NULL,'2011-06-06 10:57:52','system','patil.anand677@gmail.com','2011-06-06 10:57:52',1,'',NULL),(833,'111-222-3333',228,2,NULL,NULL,'2011-06-06 10:57:52','system','patil.anand677@gmail.com','2011-06-06 10:57:52',1,'',NULL),(834,'145-123-1452',228,3,NULL,NULL,'2011-06-06 10:57:52','system','patil.anand677@gmail.com','2011-06-06 10:57:52',1,'',3),(835,'123-456-4569',228,3,NULL,NULL,'2011-06-06 10:57:52','system','patil.anand677@gmail.com','2011-06-06 10:57:52',1,'',4),(836,'www.gmail.com',228,7,NULL,NULL,'2011-06-06 10:57:52','system','patil.anand677@gmail.com','2011-06-06 10:57:52',1,'',NULL),(837,'ma@gmail.com',229,1,NULL,NULL,'2011-06-06 11:07:15','system','patil.anand677@gmail.com','2011-06-06 11:07:15',1,'',NULL),(838,'111-222-3333',229,2,NULL,NULL,'2011-06-06 11:07:15','system','patil.anand677@gmail.com','2011-06-06 11:07:15',1,'',NULL),(839,'145-123-1452',229,3,NULL,NULL,'2011-06-06 11:07:15','system','patil.anand677@gmail.com','2011-06-06 11:07:15',1,'',3),(840,'123-456-4569',229,3,NULL,NULL,'2011-06-06 11:07:15','system','patil.anand677@gmail.com','2011-06-06 11:07:15',1,'',4),(841,'www.gmail.com',229,7,NULL,NULL,'2011-06-06 11:07:15','system','patil.anand677@gmail.com','2011-06-06 11:07:15',1,'',NULL),(842,'ma@gmail.com',230,1,NULL,NULL,'2011-06-06 11:14:40','system','patil.anand677@gmail.com','2011-06-06 11:14:40',1,'',NULL),(843,'111-222-3333',230,2,NULL,NULL,'2011-06-06 11:14:40','system','patil.anand677@gmail.com','2011-06-06 11:14:40',1,'',NULL),(844,'145-123-1452',230,3,NULL,NULL,'2011-06-06 11:14:40','system','patil.anand677@gmail.com','2011-06-06 11:14:40',1,'',3),(845,'123-456-4569',230,3,NULL,NULL,'2011-06-06 11:14:40','system','patil.anand677@gmail.com','2011-06-06 11:14:40',1,'',4),(846,'www.gmail.com',230,7,NULL,NULL,'2011-06-06 11:14:40','system','patil.anand677@gmail.com','2011-06-06 11:14:40',1,'',NULL),(847,'ra@gmail.com',231,1,NULL,NULL,'2011-06-06 11:39:56','system','patil.anand677@gmail.com','2011-06-06 11:39:56',1,'',NULL),(848,'111-222-3333',231,2,NULL,NULL,'2011-06-06 11:39:56','system','patil.anand677@gmail.com','2011-06-06 11:39:56',1,'',NULL),(849,'145-123-1452',231,3,NULL,NULL,'2011-06-06 11:39:56','system','patil.anand677@gmail.com','2011-06-06 11:39:56',1,'',3),(850,'123-456-4569',231,3,NULL,NULL,'2011-06-06 11:39:56','system','patil.anand677@gmail.com','2011-06-06 11:39:56',1,'',4),(851,'www.gmail.com',231,7,NULL,NULL,'2011-06-06 11:39:56','system','patil.anand677@gmail.com','2011-06-06 11:39:56',1,'',NULL),(857,'anil@gmail.com',233,1,NULL,NULL,'2011-06-06 11:43:34','system','patil.anand677@gmail.com','2011-06-06 11:45:09',4,'',NULL),(858,'111-222-4563',233,2,NULL,NULL,'2011-06-06 11:43:34','system','patil.anand677@gmail.com','2011-06-06 11:45:09',4,'',NULL),(859,'123-456-7896',233,3,NULL,NULL,'2011-06-06 11:43:34','system','patil.anand677@gmail.com','2011-06-06 11:45:09',4,'',3),(860,'www.default.com',233,7,NULL,NULL,'2011-06-06 11:43:34','system','patil.anand677@gmail.com','2011-06-06 11:45:09',4,'',NULL),(861,'333-111-1234',233,3,NULL,NULL,'2011-06-06 11:45:08','system','patil.anand677@gmail.com','2011-06-06 11:45:09',2,'',4),(862,'ma@gmail.com',234,1,NULL,NULL,'2011-06-06 11:47:21','system','patil.anand677@gmail.com','2011-06-06 11:47:24',2,'',NULL),(863,'111-222-4563',234,2,NULL,NULL,'2011-06-06 11:47:21','system','patil.anand677@gmail.com','2011-06-06 11:47:24',2,'',NULL),(864,'123-456-7896',234,3,NULL,NULL,'2011-06-06 11:47:21','system','patil.anand677@gmail.com','2011-06-06 11:47:24',2,'',3),(865,'333-111-1234',234,3,NULL,NULL,'2011-06-06 11:47:21','system','patil.anand677@gmail.com','2011-06-06 11:47:24',2,'',4),(866,'www.default.com',234,7,NULL,NULL,'2011-06-06 11:47:21','system','patil.anand677@gmail.com','2011-06-06 11:47:24',2,'',NULL),(867,'anil@gmail.com',236,1,NULL,NULL,'2011-06-08 07:32:12','system','patil.anand677@gmail.com','2011-06-08 07:32:18',2,'',NULL),(868,'111-222-4563',236,2,NULL,NULL,'2011-06-08 07:32:12','system','patil.anand677@gmail.com','2011-06-08 07:32:18',2,'',NULL),(869,'123-456-7896',236,3,NULL,NULL,'2011-06-08 07:32:12','system','patil.anand677@gmail.com','2011-06-08 07:32:18',2,'',3),(870,'333-111-1234',236,3,NULL,NULL,'2011-06-08 07:32:12','system','patil.anand677@gmail.com','2011-06-08 07:32:18',2,'',4),(871,'www.default.com',236,7,NULL,NULL,'2011-06-08 07:32:12','system','patil.anand677@gmail.com','2011-06-08 07:32:18',2,'',NULL),(872,'sa@gmail.com',237,1,NULL,NULL,'2011-06-08 07:37:11','system','patil.anand677@gmail.com','2011-06-08 07:37:12',2,'',NULL),(873,'111-222-3333',237,2,NULL,NULL,'2011-06-08 07:37:11','system','patil.anand677@gmail.com','2011-06-08 07:37:12',2,'',NULL),(874,'145-123-1452',237,3,NULL,NULL,'2011-06-08 07:37:11','system','patil.anand677@gmail.com','2011-06-08 07:37:12',2,'',3),(875,'123-456-4569',237,3,NULL,NULL,'2011-06-08 07:37:11','system','patil.anand677@gmail.com','2011-06-08 07:37:12',2,'',4),(876,'www.gmail.com',237,7,NULL,NULL,'2011-06-08 07:37:11','system','patil.anand677@gmail.com','2011-06-08 07:37:12',2,'',NULL),(877,'sa@gmail.com',238,1,NULL,NULL,'2011-06-08 07:40:36','system','patil.anand677@gmail.com','2011-06-08 07:40:36',1,'',NULL),(878,'111-222-3333',238,2,NULL,NULL,'2011-06-08 07:40:36','system','patil.anand677@gmail.com','2011-06-08 07:40:36',1,'',NULL),(879,'145-123-1452',238,3,NULL,NULL,'2011-06-08 07:40:36','system','patil.anand677@gmail.com','2011-06-08 07:40:36',1,'',3),(880,'www.gmail.com',238,7,NULL,NULL,'2011-06-08 07:40:36','system','patil.anand677@gmail.com','2011-06-08 07:40:36',1,'',NULL),(881,'ra@gmail.com',239,1,NULL,NULL,'2011-06-08 07:42:08','system','patil.anand677@gmail.com','2011-06-08 07:42:09',1,'',NULL),(882,'111-222-3333',239,2,NULL,NULL,'2011-06-08 07:42:08','system','patil.anand677@gmail.com','2011-06-08 07:42:09',1,'',NULL),(883,'145-123-1452',239,3,NULL,NULL,'2011-06-08 07:42:08','system','patil.anand677@gmail.com','2011-06-08 07:42:09',1,'',3),(884,'www.gmail.com',239,7,NULL,NULL,'2011-06-08 07:42:08','system','patil.anand677@gmail.com','2011-06-08 07:42:09',1,'',NULL),(885,'ma@gmail.com',240,1,NULL,NULL,'2011-06-08 07:44:03','system','patil.anand677@gmail.com','2011-06-08 07:44:03',1,'',NULL),(886,'111-222-3333',240,2,NULL,NULL,'2011-06-08 07:44:03','system','patil.anand677@gmail.com','2011-06-08 07:44:03',1,'',NULL),(887,'145-123-1452',240,3,NULL,NULL,'2011-06-08 07:44:03','system','patil.anand677@gmail.com','2011-06-08 07:44:03',1,'',3),(888,'www.gmail.com',240,7,NULL,NULL,'2011-06-08 07:44:03','system','patil.anand677@gmail.com','2011-06-08 07:44:03',1,'',NULL),(889,'ma@gmail.com',241,1,NULL,NULL,'2011-06-08 07:45:30','system','patil.anand677@gmail.com','2011-06-08 07:45:30',1,'',NULL),(890,'111-222-3333',241,2,NULL,NULL,'2011-06-08 07:45:30','system','patil.anand677@gmail.com','2011-06-08 07:45:30',1,'',NULL),(891,'145-123-1452',241,3,NULL,NULL,'2011-06-08 07:45:30','system','patil.anand677@gmail.com','2011-06-08 07:45:30',1,'',3),(892,'www.gmail.com',241,7,NULL,NULL,'2011-06-08 07:45:30','system','patil.anand677@gmail.com','2011-06-08 07:45:30',1,'',NULL),(893,'Jm@hotmail.com',243,1,NULL,NULL,'2011-06-09 01:49:12','system','rraniga@uniserve.com','2011-06-09 01:49:17',2,'',NULL),(894,'604-588-8377',243,2,NULL,NULL,'2011-06-09 01:49:12','system','rraniga@uniserve.com','2011-06-09 01:49:17',2,'',NULL),(895,'604-588-1187',243,3,NULL,NULL,'2011-06-09 01:49:12','system','rraniga@uniserve.com','2011-06-09 01:49:17',2,'',3),(896,'604-111-8987',243,3,NULL,NULL,'2011-06-09 01:49:12','system','rraniga@uniserve.com','2011-06-09 01:49:17',2,'',4),(897,'778-123-4568',243,3,NULL,NULL,'2011-06-09 01:49:12','system','rraniga@uniserve.com','2011-06-09 01:49:17',2,'',5),(898,'www.default.com',243,7,NULL,NULL,'2011-06-09 01:49:12','system','rraniga@uniserve.com','2011-06-09 01:49:17',2,'',NULL),(899,'ref@dgr.cm',244,1,NULL,NULL,'2011-06-09 02:09:19','system','rraniga@uniserve.com','2011-06-09 02:09:19',2,'',NULL),(900,'604-588-7968',244,2,NULL,NULL,'2011-06-09 02:09:19','system','rraniga@uniserve.com','2011-06-09 02:09:19',2,'',NULL),(901,'604-895-6591',244,3,NULL,NULL,'2011-06-09 02:09:19','system','rraniga@uniserve.com','2011-06-09 02:09:19',2,'',3),(902,'www.grf.com',244,7,NULL,NULL,'2011-06-09 02:09:19','system','rraniga@uniserve.com','2011-06-09 02:09:19',2,'',NULL),(903,'Raina@scotiabank.com',245,1,NULL,NULL,'2011-06-09 02:17:39','system','rraniga@uniserve.com','2011-06-09 02:20:23',2,'',NULL),(904,'604-512-8978',245,2,NULL,NULL,'2011-06-09 02:17:39','system','rraniga@uniserve.com','2011-06-09 02:20:23',2,'',NULL),(905,'604-588-7356',245,3,NULL,NULL,'2011-06-09 02:17:39','system','rraniga@uniserve.com','2011-06-09 02:20:23',2,'',3),(906,'www.scotiabank.com',245,7,NULL,NULL,'2011-06-09 02:17:39','system','rraniga@uniserve.com','2011-06-09 02:20:23',2,'',NULL),(907,'ert@dft.com',246,1,NULL,NULL,'2011-06-09 02:25:25','system','rraniga@uniserve.com','2011-06-09 02:25:25',1,'',NULL),(908,'604-569-8963',246,2,NULL,NULL,'2011-06-09 02:25:25','system','rraniga@uniserve.com','2011-06-09 02:25:25',1,'',NULL),(909,'604-588-7698',246,3,NULL,NULL,'2011-06-09 02:25:25','system','rraniga@uniserve.com','2011-06-09 02:25:25',1,'',5),(910,'www.dfg.com',246,7,NULL,NULL,'2011-06-09 02:25:25','system','rraniga@uniserve.com','2011-06-09 02:25:25',1,'',NULL),(911,'efb@dfre.com',247,1,NULL,NULL,'2011-06-09 02:30:23','system','rraniga@uniserve.com','2011-06-09 02:30:23',1,'',NULL),(912,'604-568-9878',247,2,NULL,NULL,'2011-06-09 02:30:23','system','rraniga@uniserve.com','2011-06-09 02:30:23',1,'',NULL),(913,'604-532-8965',247,3,NULL,NULL,'2011-06-09 02:30:23','system','rraniga@uniserve.com','2011-06-09 02:30:23',1,'',3),(914,'www.AAA.com',247,7,NULL,NULL,'2011-06-09 02:30:23','system','rraniga@uniserve.com','2011-06-09 02:30:23',1,'',NULL),(915,'lind@cc.com',248,1,NULL,NULL,'2011-06-09 02:33:05','system','rraniga@uniserve.com','2011-06-09 02:33:05',1,'',NULL),(916,'604-568-9878',248,2,NULL,NULL,'2011-06-09 02:33:05','system','rraniga@uniserve.com','2011-06-09 02:33:05',1,'',NULL),(917,'604-532-8965',248,3,NULL,NULL,'2011-06-09 02:33:05','system','rraniga@uniserve.com','2011-06-09 02:33:05',1,'',3),(918,'wwwcomputershare.com',248,7,NULL,NULL,'2011-06-09 02:33:05','system','rraniga@uniserve.com','2011-06-09 02:33:05',1,'',NULL),(919,'ra@gmail.com',249,1,NULL,NULL,'2011-06-11 13:07:41','system','patil.anand677@gmail.com','2011-06-11 13:07:41',2,'',NULL),(920,'111-222-3333',249,2,NULL,NULL,'2011-06-11 13:07:41','system','patil.anand677@gmail.com','2011-06-11 13:07:41',2,'',NULL),(921,'145-123-1452',249,3,NULL,NULL,'2011-06-11 13:07:41','system','patil.anand677@gmail.com','2011-06-11 13:07:41',2,'',3),(922,'123-456-4569',249,3,NULL,NULL,'2011-06-11 13:07:41','system','patil.anand677@gmail.com','2011-06-11 13:07:41',2,'',4),(923,'www.gmail.com',249,7,NULL,NULL,'2011-06-11 13:07:41','system','patil.anand677@gmail.com','2011-06-11 13:07:41',2,'',NULL),(924,'anil@gmail.com',250,1,NULL,NULL,'2011-06-11 14:04:58','system','patil.anand677@gmail.com','2011-06-11 14:06:30',6,'',NULL),(925,'111-222-4563',250,2,NULL,NULL,'2011-06-11 14:04:58','system','patil.anand677@gmail.com','2011-06-11 14:06:30',6,'',NULL),(926,'123-456-7896',250,3,NULL,NULL,'2011-06-11 14:04:58','system','patil.anand677@gmail.com','2011-06-11 14:06:30',6,'',3),(927,'www.default.com',250,7,NULL,NULL,'2011-06-11 14:04:58','system','patil.anand677@gmail.com','2011-06-11 14:06:30',6,'',NULL),(928,'anil@gmail.com',251,1,NULL,NULL,'2011-06-13 12:48:29','system','patil.anand677@gmail.com','2011-06-13 12:48:35',2,'',NULL),(929,'111-222-4563',251,2,NULL,NULL,'2011-06-13 12:48:29','system','patil.anand677@gmail.com','2011-06-13 12:48:35',2,'',NULL),(930,'123-456-7896',251,3,NULL,NULL,'2011-06-13 12:48:29','system','patil.anand677@gmail.com','2011-06-13 12:48:35',2,'',3),(931,'www.default.com',251,7,NULL,NULL,'2011-06-13 12:48:29','system','patil.anand677@gmail.com','2011-06-13 12:48:35',2,'',NULL),(932,'aa@gmail.com',252,1,NULL,NULL,'2011-06-13 13:21:06','system','patil.anand677@gmail.com','2011-06-13 13:21:12',2,'',NULL),(933,'111-222-4563',252,2,NULL,NULL,'2011-06-13 13:21:06','system','patil.anand677@gmail.com','2011-06-13 13:21:12',2,'',NULL),(934,'123-456-7896',252,3,NULL,NULL,'2011-06-13 13:21:06','system','patil.anand677@gmail.com','2011-06-13 13:21:12',2,'',3),(935,'333-111-1234',252,3,NULL,NULL,'2011-06-13 13:21:06','system','patil.anand677@gmail.com','2011-06-13 13:21:12',2,'',4),(936,'www.default.com',252,7,NULL,NULL,'2011-06-13 13:21:06','system','patil.anand677@gmail.com','2011-06-13 13:21:12',2,'',NULL),(937,'aad@d.Com',254,1,NULL,NULL,'2011-06-14 04:01:15','system','sagar_bannikal_098@yahoo.com','2011-06-14 04:01:15',2,'',NULL),(938,'123-343-1111',254,2,NULL,NULL,'2011-06-14 04:01:15','system','sagar_bannikal_098@yahoo.com','2011-06-14 04:01:15',2,'',NULL),(939,'123-343-1111',254,3,NULL,NULL,'2011-06-14 04:01:15','system','sagar_bannikal_098@yahoo.com','2011-06-14 04:01:15',2,'',3),(940,'212-344-4234',254,3,NULL,NULL,'2011-06-14 04:01:15','system','sagar_bannikal_098@yahoo.com','2011-06-14 04:01:15',2,'',4),(941,'www.sf.com',254,7,NULL,NULL,'2011-06-14 04:01:15','system','sagar_bannikal_098@yahoo.com','2011-06-14 04:01:15',2,'',NULL),(942,'anil@gmail.com',255,1,NULL,NULL,'2011-06-14 10:44:56','system','patil.anand677@gmail.com','2011-06-14 10:45:02',2,'',NULL),(943,'111-222-4563',255,2,NULL,NULL,'2011-06-14 10:44:56','system','patil.anand677@gmail.com','2011-06-14 10:45:02',2,'',NULL),(944,'123-456-7896',255,3,NULL,NULL,'2011-06-14 10:44:56','system','patil.anand677@gmail.com','2011-06-14 10:45:02',2,'',3),(945,'www.default.com',255,7,NULL,NULL,'2011-06-14 10:44:56','system','patil.anand677@gmail.com','2011-06-14 10:45:02',2,'',NULL),(946,'ma@gmail.com',256,1,NULL,NULL,'2011-06-15 10:25:59','system','patil.anand677@gmail.com','2011-06-15 10:26:00',2,'',NULL),(947,'111-222-3333',256,2,NULL,NULL,'2011-06-15 10:25:59','system','patil.anand677@gmail.com','2011-06-15 10:26:00',2,'',NULL),(948,'145-123-1452',256,3,NULL,NULL,'2011-06-15 10:25:59','system','patil.anand677@gmail.com','2011-06-15 10:26:00',2,'',3),(949,'www.gmail.com',256,7,NULL,NULL,'2011-06-15 10:25:59','system','patil.anand677@gmail.com','2011-06-15 10:26:00',2,'',NULL),(950,'ma@gmail.com',257,1,NULL,NULL,'2011-06-15 10:43:59','system','patil.anand677@gmail.com','2011-06-15 10:43:59',1,'',NULL),(951,'111-222-3333',257,2,NULL,NULL,'2011-06-15 10:43:59','system','patil.anand677@gmail.com','2011-06-15 10:43:59',1,'',NULL),(952,'145-123-1452',257,3,NULL,NULL,'2011-06-15 10:43:59','system','patil.anand677@gmail.com','2011-06-15 10:43:59',1,'',3),(953,'www.gmail.com',257,7,NULL,NULL,'2011-06-15 10:43:59','system','patil.anand677@gmail.com','2011-06-15 10:43:59',1,'',NULL),(954,'ma@gmail.com',258,1,NULL,NULL,'2011-06-15 10:47:01','system','patil.anand677@gmail.com','2011-06-15 10:47:01',1,'',NULL),(955,'111-222-3333',258,2,NULL,NULL,'2011-06-15 10:47:01','system','patil.anand677@gmail.com','2011-06-15 10:47:01',1,'',NULL),(956,'145-123-1452',258,3,NULL,NULL,'2011-06-15 10:47:01','system','patil.anand677@gmail.com','2011-06-15 10:47:01',1,'',3),(957,'www.gmail.com',258,7,NULL,NULL,'2011-06-15 10:47:01','system','patil.anand677@gmail.com','2011-06-15 10:47:01',1,'',NULL),(958,'ma@gmail.com',259,1,NULL,NULL,'2011-06-15 10:49:54','system','patil.anand677@gmail.com','2011-06-15 10:49:54',1,'',NULL),(959,'111-222-3333',259,2,NULL,NULL,'2011-06-15 10:49:54','system','patil.anand677@gmail.com','2011-06-15 10:49:54',1,'',NULL),(960,'145-123-1452',259,3,NULL,NULL,'2011-06-15 10:49:54','system','patil.anand677@gmail.com','2011-06-15 10:49:54',1,'',3),(961,'www.gmail.com',259,7,NULL,NULL,'2011-06-15 10:49:54','system','patil.anand677@gmail.com','2011-06-15 10:49:54',1,'',NULL),(962,'apoorvada@yahoo.com',266,1,NULL,NULL,'2011-06-21 06:44:48','system','admin@firm.com','2011-06-21 06:44:48',2,'',NULL),(963,'222-222-2222',266,2,NULL,NULL,'2011-06-21 06:44:48','system','admin@firm.com','2011-06-21 06:44:48',2,'',NULL),(964,'666-333-7777',266,3,NULL,NULL,'2011-06-21 06:44:48','system','admin@firm.com','2011-06-21 06:44:48',2,'',3),(965,'666-333-7778',266,3,NULL,NULL,'2011-06-21 06:44:48','system','admin@firm.com','2011-06-21 06:44:48',2,'',4),(966,'www.jal.com',266,7,NULL,NULL,'2011-06-21 06:44:48','system','admin@firm.com','2011-06-21 06:44:48',2,'',NULL),(967,'apoorvada@yahoo.com',267,1,NULL,NULL,'2011-06-21 06:55:13','system','admin@firm.com','2011-07-01 06:41:34',8,'',NULL),(968,'333-444-5555',267,2,NULL,NULL,'2011-06-21 06:55:13','system','admin@firm.com','2011-07-01 06:41:34',8,'',NULL),(969,'666-555-7777',267,3,NULL,NULL,'2011-06-21 06:55:13','system','admin@firm.com','2011-06-21 07:06:57',4,'',3),(970,'www.default.com',267,7,NULL,NULL,'2011-06-21 06:55:13','system','admin@firm.com','2011-07-01 06:41:34',8,'',NULL),(971,'apoorvada@yahoo.com',268,1,NULL,NULL,'2011-06-21 06:59:32','system','admin@firm.com','2011-06-21 06:59:32',1,'',NULL),(972,'222-222-2222',268,2,NULL,NULL,'2011-06-21 06:59:32','system','admin@firm.com','2011-06-21 06:59:32',1,'',NULL),(973,'666-333-7777',268,3,NULL,NULL,'2011-06-21 06:59:32','system','admin@firm.com','2011-06-21 06:59:32',1,'',3),(974,'www.jal.com',268,7,NULL,NULL,'2011-06-21 06:59:32','system','admin@firm.com','2011-06-21 06:59:32',1,'',NULL),(975,'apoorvada@yahoo.com',269,1,NULL,NULL,'2011-06-21 07:00:58','system','admin@firm.com','2011-06-21 07:00:58',1,'',NULL),(976,'222-222-2222',269,2,NULL,NULL,'2011-06-21 07:00:58','system','admin@firm.com','2011-06-21 07:00:58',1,'',NULL),(977,'666-333-7777',269,3,NULL,NULL,'2011-06-21 07:00:58','system','admin@firm.com','2011-06-21 07:00:58',1,'',3),(978,'www.jal.com',269,7,NULL,NULL,'2011-06-21 07:00:58','system','admin@firm.com','2011-06-21 07:00:58',1,'',NULL),(979,'apoorvada@yahoo.com',270,1,NULL,NULL,'2011-06-21 07:02:30','system','admin@firm.com','2011-06-21 07:02:30',1,'',NULL),(980,'222-222-2222',270,2,NULL,NULL,'2011-06-21 07:02:30','system','admin@firm.com','2011-06-21 07:02:30',1,'',NULL),(981,'666-333-7777',270,3,NULL,NULL,'2011-06-21 07:02:30','system','admin@firm.com','2011-06-21 07:02:30',1,'',3),(982,'www.jal.com',270,7,NULL,NULL,'2011-06-21 07:02:30','system','admin@firm.com','2011-06-21 07:02:30',1,'',NULL),(983,'apoorvada@yahoo.com',271,1,NULL,NULL,'2011-06-21 07:03:33','system','admin@firm.com','2011-06-21 07:03:33',1,'',NULL),(984,'222-222-2222',271,2,NULL,NULL,'2011-06-21 07:03:33','system','admin@firm.com','2011-06-21 07:03:33',1,'',NULL),(985,'666-333-7777',271,3,NULL,NULL,'2011-06-21 07:03:33','system','admin@firm.com','2011-06-21 07:03:33',1,'',3),(986,'www.jal.com',271,7,NULL,NULL,'2011-06-21 07:03:33','system','admin@firm.com','2011-06-21 07:03:33',1,'',NULL),(987,'apoorvada@yahoo.com',272,1,NULL,NULL,'2011-06-21 07:08:02','system','admin@firm.com','2011-06-21 07:08:07',2,'',NULL),(988,'333-444-5555',272,2,NULL,NULL,'2011-06-21 07:08:02','system','admin@firm.com','2011-06-21 07:08:07',2,'',NULL),(989,'666-555-7777',272,3,NULL,NULL,'2011-06-21 07:08:02','system','admin@firm.com','2011-06-21 07:08:07',2,'',3),(990,'www.default.com',272,7,NULL,NULL,'2011-06-21 07:08:02','system','admin@firm.com','2011-06-21 07:08:07',2,'',NULL),(991,'anil@gmail.com',273,1,NULL,NULL,'2011-06-21 13:34:53','system','patil.anand677@gmail.com','2011-06-21 13:35:00',2,'',NULL),(992,'111-222-4563',273,2,NULL,NULL,'2011-06-21 13:34:53','system','patil.anand677@gmail.com','2011-06-21 13:35:00',2,'',NULL),(993,'123-456-7896',273,3,NULL,NULL,'2011-06-21 13:34:53','system','patil.anand677@gmail.com','2011-06-21 13:35:00',2,'',4),(994,'www.default.com',273,7,NULL,NULL,'2011-06-21 13:34:53','system','patil.anand677@gmail.com','2011-06-21 13:35:00',2,'',NULL),(995,'anil@gmail.com',274,1,NULL,NULL,'2011-06-24 11:43:14','system','patil.anand677@gmail.com','2011-06-24 11:43:19',2,'',NULL),(996,'111-222-4563',274,2,NULL,NULL,'2011-06-24 11:43:14','system','patil.anand677@gmail.com','2011-06-24 11:43:19',2,'',NULL),(997,'123-456-7896',274,3,NULL,NULL,'2011-06-24 11:43:14','system','patil.anand677@gmail.com','2011-06-24 11:43:19',2,'',3),(998,'333-111-1234',274,3,NULL,NULL,'2011-06-24 11:43:14','system','patil.anand677@gmail.com','2011-06-24 11:43:19',2,'',4),(999,'www.default.com',274,7,NULL,NULL,'2011-06-24 11:43:14','system','patil.anand677@gmail.com','2011-06-24 11:43:19',2,'',NULL),(1024,'apoorvada@yahoo.com',288,1,NULL,NULL,'2011-06-28 06:03:17','system','sagar_bannikal_098@yahoo.com','2011-06-28 06:03:18',1,'',NULL),(1025,'222-222-2222',288,2,NULL,NULL,'2011-06-28 06:03:17','system','sagar_bannikal_098@yahoo.com','2011-06-28 06:03:18',1,'',NULL),(1026,'666-333-7777',288,3,NULL,NULL,'2011-06-28 06:03:17','system','sagar_bannikal_098@yahoo.com','2011-06-28 06:03:18',1,'',3),(1027,'www.jal.com',288,7,NULL,NULL,'2011-06-28 06:03:17','system','sagar_bannikal_098@yahoo.com','2011-06-28 06:03:18',1,'',NULL),(1028,'apoorvada@yahoo.com',289,1,NULL,NULL,'2011-06-28 06:08:10','system','sagar_bannikal_098@yahoo.com','2011-07-01 09:27:08',2,'',NULL),(1029,'222-222-2222',289,2,NULL,NULL,'2011-06-28 06:08:10','system','sagar_bannikal_098@yahoo.com','2011-07-01 09:27:08',2,'',NULL),(1030,'666-333-7777',289,3,NULL,NULL,'2011-06-28 06:08:10','system','sagar_bannikal_098@yahoo.com','2011-07-01 09:27:08',2,'',3),(1031,'www.jal.com',289,7,NULL,NULL,'2011-06-28 06:08:10','system','sagar_bannikal_098@yahoo.com','2011-07-01 09:27:08',2,'',NULL),(1032,'apoorvada@yahoo.com',290,1,NULL,NULL,'2011-06-28 06:08:57','system','sagar_bannikal_098@yahoo.com','2011-06-28 06:08:57',2,'',NULL),(1033,'222-222-2222',290,2,NULL,NULL,'2011-06-28 06:08:57','system','sagar_bannikal_098@yahoo.com','2011-06-28 06:08:57',2,'',NULL),(1034,'666-333-7777',290,3,NULL,NULL,'2011-06-28 06:08:57','system','sagar_bannikal_098@yahoo.com','2011-06-28 06:08:57',2,'',3),(1035,'www.jal.com',290,7,NULL,NULL,'2011-06-28 06:08:57','system','sagar_bannikal_098@yahoo.com','2011-06-28 06:08:57',2,'',NULL),(1064,'anil@gmail.com',298,1,NULL,NULL,'2011-06-28 13:14:08','system','patil.anand677@gmail.com','2011-06-28 13:14:14',2,'',NULL),(1065,'111-222-4563',298,2,NULL,NULL,'2011-06-28 13:14:08','system','patil.anand677@gmail.com','2011-06-28 13:14:14',2,'',NULL),(1066,'123-456-7896',298,3,NULL,NULL,'2011-06-28 13:14:08','system','patil.anand677@gmail.com','2011-06-28 13:14:14',2,'',3),(1067,'www.default.com',298,7,NULL,NULL,'2011-06-28 13:14:08','system','patil.anand677@gmail.com','2011-06-28 13:14:14',2,'',NULL),(1068,'sande45234@gmail.com',299,1,NULL,NULL,'2011-06-28 13:22:53','system','sagar_bannikal_098@yahoo.com','2011-06-28 13:23:48',4,'',NULL),(1069,'123-234-1234',299,2,NULL,NULL,'2011-06-28 13:22:53','system','sagar_bannikal_098@yahoo.com','2011-06-28 13:23:48',4,'',NULL),(1070,'124-444-2141',299,3,NULL,NULL,'2011-06-28 13:22:53','system','sagar_bannikal_098@yahoo.com','2011-06-28 13:23:00',2,'',3),(1071,'www.default.com',299,7,NULL,NULL,'2011-06-28 13:22:53','system','sagar_bannikal_098@yahoo.com','2011-06-28 13:23:48',4,'',NULL),(1072,'sande234rsd@gmail.com',300,1,NULL,NULL,'2011-06-30 06:24:46','system','sagar_bannikal_098@yahoo.com','2011-06-30 06:54:31',6,'',NULL),(1073,'123-234-1234',300,2,NULL,NULL,'2011-06-30 06:24:46','system','sagar_bannikal_098@yahoo.com','2011-06-30 06:54:31',6,'',NULL),(1074,'124-444-2141',300,3,NULL,NULL,'2011-06-30 06:24:46','system','sagar_bannikal_098@yahoo.com','2011-06-30 06:25:23',4,'',3),(1075,'www.default.com',300,7,NULL,NULL,'2011-06-30 06:24:46','system','sagar_bannikal_098@yahoo.com','2011-06-30 06:54:31',6,'',NULL),(1076,'aad@d.Com',301,1,NULL,NULL,'2011-06-30 06:56:18','system','sagar_bannikal_098@yahoo.com','2011-06-30 06:56:19',1,'',NULL),(1077,'123-343-1111',301,2,NULL,NULL,'2011-06-30 06:56:18','system','sagar_bannikal_098@yahoo.com','2011-06-30 06:56:19',1,'',NULL),(1078,'123-343-1111',301,3,NULL,NULL,'2011-06-30 06:56:18','system','sagar_bannikal_098@yahoo.com','2011-06-30 06:56:19',1,'',3),(1079,'www.sf.com',301,7,NULL,NULL,'2011-06-30 06:56:18','system','sagar_bannikal_098@yahoo.com','2011-06-30 06:56:19',1,'',NULL),(1080,'aad@d.Com',302,1,NULL,NULL,'2011-06-30 06:58:18','system','sagar_bannikal_098@yahoo.com','2011-06-30 06:58:18',1,'',NULL),(1081,'123-343-1111',302,2,NULL,NULL,'2011-06-30 06:58:18','system','sagar_bannikal_098@yahoo.com','2011-06-30 06:58:18',1,'',NULL),(1082,'123-343-1111',302,3,NULL,NULL,'2011-06-30 06:58:18','system','sagar_bannikal_098@yahoo.com','2011-06-30 06:58:18',1,'',4),(1083,'www.sf.com',302,7,NULL,NULL,'2011-06-30 06:58:18','system','sagar_bannikal_098@yahoo.com','2011-06-30 06:58:18',1,'',NULL),(1084,'ao@gmail.com',303,1,NULL,NULL,'2011-06-30 10:39:31','system','patil.anand677@gmail.com','2011-06-30 10:39:36',2,'',NULL),(1085,'111-222-4563',303,2,NULL,NULL,'2011-06-30 10:39:31','system','patil.anand677@gmail.com','2011-06-30 10:39:36',2,'',NULL),(1086,'123-456-7896',303,3,NULL,NULL,'2011-06-30 10:39:32','system','patil.anand677@gmail.com','2011-06-30 10:39:36',2,'',3),(1087,'www.default.com',303,7,NULL,NULL,'2011-06-30 10:39:31','system','patil.anand677@gmail.com','2011-06-30 10:39:36',2,'',NULL),(1088,'aad@d.Com',304,1,NULL,NULL,'2011-06-30 10:55:26','system','sagar_bannikal_098@yahoo.com','2011-06-30 10:55:26',1,'',NULL),(1089,'123-343-1111',304,2,NULL,NULL,'2011-06-30 10:55:26','system','sagar_bannikal_098@yahoo.com','2011-06-30 10:55:26',1,'',NULL),(1090,'123-343-1111',304,3,NULL,NULL,'2011-06-30 10:55:26','system','sagar_bannikal_098@yahoo.com','2011-06-30 10:55:26',1,'',3),(1091,'www.sf.com',304,7,NULL,NULL,'2011-06-30 10:55:26','system','sagar_bannikal_098@yahoo.com','2011-06-30 10:55:26',1,'',NULL),(1092,'sa@gmail.com',305,1,NULL,NULL,'2011-06-30 10:57:55','system','patil.anand677@gmail.com','2011-06-30 10:57:55',1,'',NULL),(1093,'111-222-3333',305,2,NULL,NULL,'2011-06-30 10:57:55','system','patil.anand677@gmail.com','2011-06-30 10:57:55',1,'',NULL),(1094,'145-123-1452',305,3,NULL,NULL,'2011-06-30 10:57:55','system','patil.anand677@gmail.com','2011-06-30 10:57:55',1,'',3),(1095,'www.gmail.com',305,7,NULL,NULL,'2011-06-30 10:57:55','system','patil.anand677@gmail.com','2011-06-30 10:57:55',1,'',NULL),(1100,'um@gmail.com',307,1,NULL,NULL,'2011-06-30 11:22:52','system','patil.anand677@gmail.com','2011-06-30 11:22:57',2,'',NULL),(1101,'111-222-4563',307,2,NULL,NULL,'2011-06-30 11:22:52','system','patil.anand677@gmail.com','2011-06-30 11:22:57',2,'',NULL),(1102,'123-456-7896',307,3,NULL,NULL,'2011-06-30 11:22:52','system','patil.anand677@gmail.com','2011-06-30 11:22:57',2,'',3),(1103,'www.default.com',307,7,NULL,NULL,'2011-06-30 11:22:52','system','patil.anand677@gmail.com','2011-06-30 11:22:57',2,'',NULL),(1104,'apoorvada@yahoo.com',308,1,NULL,NULL,'2011-07-01 06:40:38','system','admin@firm.com','2011-07-01 06:40:45',2,'',NULL),(1105,'333-444-5555',308,2,NULL,NULL,'2011-07-01 06:40:38','system','admin@firm.com','2011-07-01 06:40:45',2,'',NULL),(1106,'666-555-7777',308,3,NULL,NULL,'2011-07-01 06:40:38','system','admin@firm.com','2011-07-01 06:40:45',2,'',3),(1107,'www.default.com',308,7,NULL,NULL,'2011-07-01 06:40:38','system','admin@firm.com','2011-07-01 06:40:45',2,'',NULL),(1108,'apoorvada@yahoo.com',309,1,NULL,NULL,'2011-07-01 06:43:31','system','admin@firm.com','2011-07-01 06:43:31',1,'',NULL),(1109,'222-222-2222',309,2,NULL,NULL,'2011-07-01 06:43:31','system','admin@firm.com','2011-07-01 06:43:31',1,'',NULL),(1110,'666-333-7777',309,3,NULL,NULL,'2011-07-01 06:43:31','system','admin@firm.com','2011-07-01 06:43:31',1,'',3),(1111,'www.jal.com',309,7,NULL,NULL,'2011-07-01 06:43:31','system','admin@firm.com','2011-07-01 06:43:31',1,'',NULL),(1112,'apoorvada@yahoo.com',310,1,NULL,NULL,'2011-07-01 06:44:34','system','admin@firm.com','2011-07-01 06:44:34',1,'',NULL),(1113,'222-222-2222',310,2,NULL,NULL,'2011-07-01 06:44:34','system','admin@firm.com','2011-07-01 06:44:34',1,'',NULL),(1114,'666-333-7777',310,3,NULL,NULL,'2011-07-01 06:44:34','system','admin@firm.com','2011-07-01 06:44:34',1,'',3),(1115,'www.jal.com',310,7,NULL,NULL,'2011-07-01 06:44:34','system','admin@firm.com','2011-07-01 06:44:34',1,'',NULL),(1116,'apoorvada@yahoo.com',311,1,NULL,NULL,'2011-07-01 06:47:11','system','admin@firm.com','2011-07-01 06:47:11',1,'',NULL),(1117,'222-222-2222',311,2,NULL,NULL,'2011-07-01 06:47:11','system','admin@firm.com','2011-07-01 06:47:11',1,'',NULL),(1118,'666-333-7777',311,3,NULL,NULL,'2011-07-01 06:47:11','system','admin@firm.com','2011-07-01 06:47:11',1,'',3),(1119,'www.jal.com',311,7,NULL,NULL,'2011-07-01 06:47:11','system','admin@firm.com','2011-07-01 06:47:11',1,'',NULL),(1120,'aad@d.Com',312,1,NULL,NULL,'2011-07-01 09:44:42','system','sagar_bannikal_098@yahoo.com','2011-07-01 09:44:42',1,'',NULL),(1121,'123-343-1111',312,2,NULL,NULL,'2011-07-01 09:44:42','system','sagar_bannikal_098@yahoo.com','2011-07-01 09:44:42',1,'',NULL),(1122,'123-343-1111',312,3,NULL,NULL,'2011-07-01 09:44:42','system','sagar_bannikal_098@yahoo.com','2011-07-01 09:44:42',1,'',3),(1123,'www.sf.com',312,7,NULL,NULL,'2011-07-01 09:44:42','system','sagar_bannikal_098@yahoo.com','2011-07-01 09:44:42',1,'',NULL),(1124,'vi@gmail.com',313,1,NULL,NULL,'2011-07-03 06:33:55','system','anand@gmail.com','2011-07-03 06:34:03',2,'',NULL),(1125,'111-222-3333',313,2,NULL,NULL,'2011-07-03 06:33:55','system','anand@gmail.com','2011-07-03 06:34:03',2,'',NULL),(1126,'112-445-4567',313,3,NULL,NULL,'2011-07-03 06:33:55','system','anand@gmail.com','2011-07-03 06:34:03',2,'',3),(1127,'www.default.com',313,7,NULL,NULL,'2011-07-03 06:33:55','system','anand@gmail.com','2011-07-03 06:34:03',2,'',NULL),(1128,'patil.sd@gmail.com',314,1,NULL,NULL,'2011-07-03 06:53:50','system','anand@gmail.com','2011-07-03 06:53:58',2,'',NULL),(1129,'111-222-3333',314,2,NULL,NULL,'2011-07-03 06:53:50','system','anand@gmail.com','2011-07-03 06:53:58',2,'',NULL),(1130,'112-445-4567',314,3,NULL,NULL,'2011-07-03 06:53:50','system','anand@gmail.com','2011-07-03 06:53:58',2,'',3),(1131,'www.default.com',314,7,NULL,NULL,'2011-07-03 06:53:50','system','anand@gmail.com','2011-07-03 06:53:58',2,'',NULL),(1132,'sandfdsf234@gmail.com',315,1,NULL,NULL,'2011-07-03 07:10:07','system','sagar_bannikal_098@yahoo.com','2011-07-03 07:10:14',2,'',NULL),(1133,'123-234-1234',315,2,NULL,NULL,'2011-07-03 07:10:07','system','sagar_bannikal_098@yahoo.com','2011-07-03 07:10:14',2,'',NULL),(1134,'124-444-2141',315,3,NULL,NULL,'2011-07-03 07:10:08','system','sagar_bannikal_098@yahoo.com','2011-07-03 07:10:14',2,'',4),(1135,'www.default.com',315,7,NULL,NULL,'2011-07-03 07:10:07','system','sagar_bannikal_098@yahoo.com','2011-07-03 07:10:14',2,'',NULL),(1136,'anil@gmail.com',319,1,NULL,NULL,'2011-07-07 11:41:48','system','patil.anand677@gmail.com','2011-07-07 11:41:56',2,'',NULL),(1137,'111-222-4563',319,2,NULL,NULL,'2011-07-07 11:41:48','system','patil.anand677@gmail.com','2011-07-07 11:41:56',2,'',NULL),(1138,'123-456-7896',319,3,NULL,NULL,'2011-07-07 11:41:48','system','patil.anand677@gmail.com','2011-07-07 11:41:56',2,'',3),(1139,'www.default.com',319,7,NULL,NULL,'2011-07-07 11:41:48','system','patil.anand677@gmail.com','2011-07-07 11:41:56',2,'',NULL),(1140,'ra@gmail.com',320,1,NULL,NULL,'2011-07-07 11:45:33','system','patil.anand677@gmail.com','2011-07-07 11:45:34',1,'',NULL),(1141,'111-222-3333',320,2,NULL,NULL,'2011-07-07 11:45:33','system','patil.anand677@gmail.com','2011-07-07 11:45:34',1,'',NULL),(1142,'145-123-1452',320,3,NULL,NULL,'2011-07-07 11:45:33','system','patil.anand677@gmail.com','2011-07-07 11:45:34',1,'',3),(1143,'www.gmail.com',320,7,NULL,NULL,'2011-07-07 11:45:33','system','patil.anand677@gmail.com','2011-07-07 11:45:34',1,'',NULL),(1144,'sa@gmail.com',321,1,NULL,NULL,'2011-07-07 11:48:33','system','patil.anand677@gmail.com','2011-07-07 11:48:33',1,'',NULL),(1145,'111-222-3333',321,2,NULL,NULL,'2011-07-07 11:48:33','system','patil.anand677@gmail.com','2011-07-07 11:48:33',1,'',NULL),(1146,'145-123-1452',321,3,NULL,NULL,'2011-07-07 11:48:33','system','patil.anand677@gmail.com','2011-07-07 11:48:33',1,'',3),(1147,'www.gmail.com',321,7,NULL,NULL,'2011-07-07 11:48:33','system','patil.anand677@gmail.com','2011-07-07 11:48:33',1,'',NULL),(1148,'rraniga@uniserve.com',323,1,NULL,NULL,'2011-07-13 21:46:02','system','rraniga@uniserve.com','2011-07-13 21:46:07',2,'',NULL),(1149,'604-599-3967',323,2,NULL,NULL,'2011-07-13 21:46:02','system','rraniga@uniserve.com','2011-07-13 21:46:07',2,'',NULL),(1150,'604-599-2345',323,3,NULL,NULL,'2011-07-13 21:46:02','system','rraniga@uniserve.com','2011-07-13 21:46:07',2,'',3),(1151,'www.default.com',323,7,NULL,NULL,'2011-07-13 21:46:02','system','rraniga@uniserve.com','2011-07-13 21:46:08',2,'',NULL),(1152,'aa@gmail.com',324,1,NULL,NULL,'2011-07-17 12:53:44','system','patil.anand677@gmail.com','2011-07-17 12:54:11',2,'',NULL),(1153,'123-123-1234',324,2,NULL,NULL,'2011-07-17 12:53:44','system','patil.anand677@gmail.com','2011-07-17 12:54:11',2,'',NULL),(1154,'124-123-1423',324,3,NULL,NULL,'2011-07-17 12:53:44','system','patil.anand677@gmail.com','2011-07-17 12:54:11',2,'',3),(1155,'www.default.com',324,7,NULL,NULL,'2011-07-17 12:53:44','system','patil.anand677@gmail.com','2011-07-17 12:54:11',2,'',NULL),(1156,'apoorvada@yahoo.com',326,1,NULL,NULL,'2011-07-18 13:00:15','system','apoorvada@yahoo.com','2011-07-19 07:24:10',6,'',NULL),(1157,'222-222-2222',326,2,NULL,NULL,'2011-07-18 13:00:15','system','apoorvada@yahoo.com','2011-07-19 07:24:10',6,'',NULL),(1159,'www.default.com',326,7,NULL,NULL,'2011-07-18 13:00:15','system','apoorvada@yahoo.com','2011-07-19 07:24:10',6,'',NULL),(1160,'aa@gmail.com',328,1,NULL,NULL,'2011-07-18 13:21:17','system','aa@gmail.com','2011-07-18 13:24:03',6,'',NULL),(1161,'123-123-1234',328,2,NULL,NULL,'2011-07-18 13:21:17','system','aa@gmail.com','2011-07-18 13:24:03',6,'',NULL),(1163,'www.default.com',328,7,NULL,NULL,'2011-07-18 13:21:17','system','aa@gmail.com','2011-07-18 13:24:03',6,'',NULL),(1164,'apoorvada123@yahoo.com',329,1,NULL,NULL,'2011-07-19 07:04:20','system','apoorvada123@yahoo.com','2011-07-19 07:07:01',4,'',NULL),(1165,'333-444-5555',329,2,NULL,NULL,'2011-07-19 07:04:20','system','apoorvada123@yahoo.com','2011-07-19 07:07:01',4,'',NULL),(1167,'www.default.com',329,7,NULL,NULL,'2011-07-19 07:04:20','system','apoorvada123@yahoo.com','2011-07-19 07:07:01',4,'',NULL),(1168,'ap@gmail.com',330,1,NULL,NULL,'2011-07-19 11:53:07','system','patil.anand677@gmail.com','2011-07-19 11:53:25',2,'',NULL),(1169,'123-123-1234',330,2,NULL,NULL,'2011-07-19 11:53:07','system','patil.anand677@gmail.com','2011-07-19 11:53:25',2,'',NULL),(1170,'124-123-1423',330,3,NULL,NULL,'2011-07-19 11:53:07','system','patil.anand677@gmail.com','2011-07-19 11:53:25',2,'',3),(1171,'222-333-4444',330,3,NULL,NULL,'2011-07-19 11:53:07','system','patil.anand677@gmail.com','2011-07-19 11:53:25',2,'',4),(1172,'www.default.com',330,7,NULL,NULL,'2011-07-19 11:53:07','system','patil.anand677@gmail.com','2011-07-19 11:53:25',2,'',NULL),(1173,'so@gmail.com',331,1,NULL,NULL,'2011-07-21 12:03:14','system','patil.anand677@gmail.com','2011-07-21 12:05:58',4,'',NULL),(1174,'123-123-1234',331,2,NULL,NULL,'2011-07-21 12:03:14','system','patil.anand677@gmail.com','2011-07-21 12:05:58',4,'',NULL),(1175,'222-333-1234',331,3,NULL,NULL,'2011-07-21 12:03:14','system','patil.anand677@gmail.com','2011-07-21 12:05:58',4,'',3),(1176,'111-222-3333',331,3,NULL,NULL,'2011-07-21 12:03:14','system','patil.anand677@gmail.com','2011-07-21 12:05:58',4,'',4),(1177,'www.default.com',331,7,NULL,NULL,'2011-07-21 12:03:14','system','patil.anand677@gmail.com','2011-07-21 12:05:58',4,'',NULL),(1178,'an@gmail.com',332,1,NULL,NULL,'2011-07-21 12:18:57','system','patil.anand677@gmail.com','2011-07-21 12:18:58',2,'',NULL),(1179,'111-222-3333',332,2,NULL,NULL,'2011-07-21 12:18:57','system','patil.anand677@gmail.com','2011-07-21 12:18:58',2,'',NULL),(1180,'222-111-4444',332,3,NULL,NULL,'2011-07-21 12:18:57','system','patil.anand677@gmail.com','2011-07-21 12:18:58',2,'',3),(1181,'111-333-2222',332,3,NULL,NULL,'2011-07-21 12:18:57','system','patil.anand677@gmail.com','2011-07-21 12:18:58',2,'',4),(1182,'gmail.com',332,7,NULL,NULL,'2011-07-21 12:18:57','system','patil.anand677@gmail.com','2011-07-21 12:18:58',2,'',NULL),(1183,'ma@gmail.com',333,1,NULL,NULL,'2011-07-22 09:16:44','system','patil.anand677@gmail.com','2011-07-22 09:16:50',2,'',NULL),(1184,'123-123-1245',333,2,NULL,NULL,'2011-07-22 09:16:44','system','patil.anand677@gmail.com','2011-07-22 09:16:50',2,'',NULL),(1185,'222-111-3333',333,3,NULL,NULL,'2011-07-22 09:16:44','system','patil.anand677@gmail.com','2011-07-22 09:16:50',2,'',3),(1186,'333-222-1111',333,3,NULL,NULL,'2011-07-22 09:16:44','system','patil.anand677@gmail.com','2011-07-22 09:16:50',2,'',4),(1187,'www.default.com',333,7,NULL,NULL,'2011-07-22 09:16:44','system','patil.anand677@gmail.com','2011-07-22 09:16:50',2,'',NULL),(1188,'sanjeevbiradar77@gmail.com',334,1,NULL,NULL,'2011-07-24 12:33:14','system','sagar_bannikal_098@yahoo.com','2011-07-24 12:33:26',2,'',NULL),(1189,'123-456-7890',334,2,NULL,NULL,'2011-07-24 12:33:14','system','sagar_bannikal_098@yahoo.com','2011-07-24 12:33:26',2,'',NULL),(1190,'646-222-3333',334,3,NULL,NULL,'2011-07-24 12:33:14','system','sagar_bannikal_098@yahoo.com','2011-07-24 12:33:26',2,'',4),(1191,'www.default.com',334,7,NULL,NULL,'2011-07-24 12:33:14','system','sagar_bannikal_098@yahoo.com','2011-07-24 12:33:26',2,'',NULL),(1192,'sanjeevbiradar77@gmail.com',335,1,NULL,NULL,'2011-07-24 12:33:31','system','sagar_bannikal_098@yahoo.com','2011-07-24 12:33:43',2,'',NULL),(1193,'123-456-7890',335,2,NULL,NULL,'2011-07-24 12:33:31','system','sagar_bannikal_098@yahoo.com','2011-07-24 12:33:43',2,'',NULL),(1194,'646-222-3333',335,3,NULL,NULL,'2011-07-24 12:33:31','system','sagar_bannikal_098@yahoo.com','2011-07-24 12:33:43',2,'',4),(1195,'www.default.com',335,7,NULL,NULL,'2011-07-24 12:33:31','system','sagar_bannikal_098@yahoo.com','2011-07-24 12:33:43',2,'',NULL),(1196,'aa@gmail.com',336,1,NULL,NULL,'2011-07-25 11:58:12','system','anand@gmail.com','2011-07-25 11:58:12',1,'',NULL),(1197,'123-123-1234',336,2,NULL,NULL,'2011-07-25 11:58:12','system','anand@gmail.com','2011-07-25 11:58:12',1,'',NULL),(1198,'145-123-1234',336,3,NULL,NULL,'2011-07-25 11:58:12','system','anand@gmail.com','2011-07-25 11:58:12',1,'',3),(1199,'www.gmail.com',336,7,NULL,NULL,'2011-07-25 11:58:12','system','anand@gmail.com','2011-07-25 11:58:12',1,'',NULL),(1200,'ra@gmail.com',338,1,NULL,NULL,'2011-07-29 09:51:14','system','patil.anand677@gmail.com','2011-07-29 09:52:56',4,'',NULL),(1201,'123-123-1245',338,2,NULL,NULL,'2011-07-29 09:51:14','system','patil.anand677@gmail.com','2011-07-29 09:52:56',4,'',NULL),(1202,'222-111-3333',338,3,NULL,NULL,'2011-07-29 09:51:14','system','patil.anand677@gmail.com','2011-07-29 09:52:56',4,'',3),(1203,'333-222-1111',338,3,NULL,NULL,'2011-07-29 09:51:14','system','patil.anand677@gmail.com','2011-07-29 09:52:56',4,'',4),(1204,'ra@gmail.com',339,1,NULL,NULL,'2011-07-29 10:14:11','system','patil.anand677@gmail.com','2011-07-29 10:23:24',6,'',NULL),(1205,'123-123-1245',339,2,NULL,NULL,'2011-07-29 10:14:11','system','patil.anand677@gmail.com','2011-07-29 10:23:24',6,'',NULL),(1206,'222-111-3333',339,3,NULL,NULL,'2011-07-29 10:14:11','system','patil.anand677@gmail.com','2011-07-29 10:23:24',6,'',3),(1207,'333-222-1111',339,3,NULL,NULL,'2011-07-29 10:14:11','system','patil.anand677@gmail.com','2011-07-29 10:23:24',6,'',4),(1208,'ap@gmail.com',340,1,NULL,NULL,'2011-07-29 10:28:43','system','patil.anand677@gmail.com','2011-07-29 10:31:05',4,'',NULL),(1209,'123-123-1234',340,2,NULL,NULL,'2011-07-29 10:28:43','system','patil.anand677@gmail.com','2011-07-29 10:31:05',4,'',NULL),(1210,'124-123-1423',340,3,NULL,NULL,'2011-07-29 10:28:43','system','patil.anand677@gmail.com','2011-07-29 10:31:05',4,'',3),(1211,'222-333-4444',340,3,NULL,NULL,'2011-07-29 10:28:43','system','patil.anand677@gmail.com','2011-07-29 10:31:05',4,'',4);
/*!40000 ALTER TABLE `communication` ENABLE KEYS */;
UNLOCK TABLES;

--
-- Table structure for table `jurisdiction`
--

DROP TABLE IF EXISTS `jurisdiction`;
/*!40101 SET @saved_cs_client     = @@character_set_client */;
/*!40101 SET character_set_client = utf8 */;
CREATE TABLE `jurisdiction` (
  `id` mediumint(8) unsigned NOT NULL AUTO_INCREMENT,
  `country` varchar(50) DEFAULT NULL,
  `state` varchar(50) DEFAULT NULL,
  `county` varchar(50) DEFAULT NULL,
  `city` varchar(50) DEFAULT NULL,
  `active_flag` bit(1) NOT NULL,
  `create_date` timestamp NULL DEFAULT NULL,
  `create_user_id` varchar(25) DEFAULT NULL,
  `last_update_user_id` varchar(30) DEFAULT NULL,
  `last_update_date` timestamp NULL DEFAULT NULL,
  `version` int(11) NOT NULL DEFAULT '0',
  `country_code` bigint(20) unsigned DEFAULT NULL,
  `state_code` bigint(20) unsigned DEFAULT NULL,
  `timezone` bigint(20) unsigned DEFAULT NULL,
  PRIMARY KEY (`id`)
) ENGINE=InnoDB AUTO_INCREMENT=37 DEFAULT CHARSET=latin1;
/*!40101 SET character_set_client = @saved_cs_client */;

--
-- Dumping data for table `jurisdiction`
--

LOCK TABLES `jurisdiction` WRITE;
/*!40000 ALTER TABLE `jurisdiction` DISABLE KEYS */;
INSERT INTO `jurisdiction` VALUES (1,'usa','va','fairfax','fairfax','',NULL,NULL,NULL,NULL,0,NULL,NULL,1),(2,'usa','va','fairfax','falls church','',NULL,NULL,NULL,NULL,0,NULL,NULL,1),(3,'canada','bc',NULL,'vancuar','',NULL,NULL,NULL,NULL,0,NULL,NULL,2),(4,'canada','mo','vo','toronto','',NULL,'system',NULL,NULL,1,NULL,NULL,1),(5,'India','karnataka','India','Bangalore','','2011-02-02 14:46:25','system',NULL,NULL,0,NULL,NULL,2),(6,'canada','co','vo','toronto','','2011-02-02 14:52:26','system',NULL,NULL,0,NULL,NULL,3),(7,'canada','sa','usa','bangalore','','2011-02-16 06:45:49','system',NULL,NULL,0,NULL,NULL,2),(8,'america','uas','america','canada','\0','2011-02-16 10:55:33','system','sagar_bannikal_098@yahoo.com','2011-06-28 09:12:24',1,NULL,NULL,3),(9,'america','uas','america','canada','\0','2011-02-16 11:03:01','system','admin@firm.com','2011-06-25 14:28:49',1,NULL,NULL,3),(10,'India','Karnataka','Canada','bangalore','\0','2011-02-21 11:31:21','system','patil.anand677@gmail.com','2011-07-30 10:56:44',3,NULL,NULL,3),(11,'America','sa','usa','canada','','2011-02-21 11:37:27','system',NULL,NULL,0,NULL,NULL,2),(12,'USA','va','america','canada','','2011-02-21 11:39:15','system',NULL,NULL,0,NULL,NULL,6),(13,'India','Karnataka','RanNgagar','bangalore','','2011-02-22 12:08:29','system',NULL,NULL,0,NULL,NULL,1),(14,'EQWE!#!$!1','@#$$$$$','','','','2011-03-01 05:12:59','system',NULL,NULL,11,NULL,NULL,4),(15,'canada','@#$$$$$','@$@$gfdgd134','134SD#!2@#','','2011-03-02 07:44:53','system',NULL,NULL,0,NULL,NULL,3),(16,'canada','uas','america','canada','','2011-03-12 12:59:05','system',NULL,NULL,0,NULL,NULL,4),(17,'america','uas','usa','canada','','2011-04-05 13:30:37','system',NULL,NULL,0,NULL,NULL,2),(18,'India','Karnataka','america','bangalore','','2011-04-06 05:42:51','system',NULL,NULL,0,NULL,NULL,5),(19,'CANADA','va','america','bangalore','','2011-04-06 05:48:31','system',NULL,NULL,3,NULL,NULL,6),(20,'USAfdhdhffffffffssssssssssssssjsssssssssssssssshhh','saggggggggggggggggggggggghhihhhhhhhhhhhhhhhhhhhhhh','americahdfsssssssssssssssssssssssssshhhhhhhhhhjhhh','bangaloregsssssssssssssssssssssssssssssssssssssssj','','2011-04-07 11:04:03','system',NULL,NULL,2,NULL,NULL,2),(21,'India','aaa','asd','adoni','','2011-04-12 06:02:58',NULL,'anand@gmail.com','2011-04-12 06:02:58',1,NULL,NULL,1),(22,'sdfds','Karnataka','Adoni','Bangalore','','2011-04-12 06:24:35',NULL,'anand@gmail.com','2011-04-12 06:24:35',1,NULL,NULL,6),(23,'Indiaghhhhhhhhh','Andrahhhhhhhhhhhhhhhhhhhhhhhhhhhhhhhhhh','sdfsdl;kyujydhfghfdhfdghfdh','Bangalore','','2011-04-12 07:38:24',NULL,'anand@gmail.com','2011-04-12 07:39:25',3,NULL,NULL,7),(24,'Canada','Karnataka','Karnataka','Banagalore','','2011-04-16 07:52:36',NULL,'patil.anand677@gmail.com','2011-04-16 07:52:36',1,NULL,NULL,3),(25,'India','Karnataka','Karnataka','Banagalore','','2011-04-18 10:39:51',NULL,'patil.anand677@gmail.com','2011-04-18 10:39:51',1,NULL,NULL,2),(26,'India','Karnataka','Karnataka','Mangalore','','2011-04-18 10:41:26',NULL,'patil.anand677@gmail.com','2011-04-18 10:41:26',1,NULL,NULL,6),(27,'India','Karnataka','Karnataka','Banagalore','','2011-04-19 05:25:48',NULL,'patil.anand677@gmail.com','2011-04-19 05:25:48',1,NULL,NULL,2),(28,'India','Karnataka','Karnataka','Banagalore','','2011-04-25 05:57:47',NULL,'patil.anand677@gmail.com','2011-04-25 05:57:47',1,NULL,NULL,1),(29,'Bangalore','Karnataka','Mumbai','Mangalore','','2011-04-30 05:11:05',NULL,'anand@gmail.com','2011-04-30 05:13:24',3,NULL,NULL,3),(30,'India','karnataka','Banglore','Mangalore','','2011-04-30 08:41:16',NULL,'anand@gmail.com','2011-04-30 09:08:57',2,NULL,NULL,6),(31,'USA','UAS','America','Canada','','2011-05-25 07:02:16',NULL,'patil.anand677@gmail.com','2011-05-25 07:02:16',1,NULL,NULL,4),(32,'India','Karnataka','Bnagalore','BANGALORE','','2011-05-27 04:25:23',NULL,'patil.anand677@gmail.com','2011-05-27 04:25:24',1,NULL,NULL,5),(33,'India','Karnataka','Bnagalore','BELGAUM District','','2011-06-18 07:50:04',NULL,'anand@gmail.com','2011-06-18 07:50:04',1,NULL,NULL,2),(34,'India','Karnataka','Bnagalore','BANGALORE','','2011-06-24 11:03:33',NULL,'patil.anand677@gmail.com','2011-06-24 11:03:33',1,NULL,NULL,1),(35,'arfsdg','gdgdfsh','dghh','fghfj','\0','2011-06-28 06:43:11',NULL,'patil.anand677@gmail.com','2011-06-30 10:48:03',2,NULL,NULL,1),(36,'America','US','Bnagalore','BANGALORE','\0','2011-06-30 10:42:51',NULL,'patil.anand677@gmail.com','2011-06-30 10:47:44',3,NULL,NULL,2);
/*!40000 ALTER TABLE `jurisdiction` ENABLE KEYS */;
UNLOCK TABLES;

--
-- Table structure for table `person_type`
--

DROP TABLE IF EXISTS `person_type`;
/*!40101 SET @saved_cs_client     = @@character_set_client */;
/*!40101 SET character_set_client = utf8 */;
CREATE TABLE `person_type` (
  `id` tinyint(3) unsigned NOT NULL,
  `type` varchar(50) NOT NULL,
  `active_flag` bit(1) NOT NULL,
  `create_date` timestamp NOT NULL DEFAULT CURRENT_TIMESTAMP ON UPDATE CURRENT_TIMESTAMP,
  `create_user_id` varchar(25) NOT NULL,
  `last_update_user_id` varchar(30) DEFAULT NULL,
  `version` int(11) NOT NULL DEFAULT '0',
  `last_update_date` timestamp NULL DEFAULT NULL,
  PRIMARY KEY (`id`)
) ENGINE=InnoDB DEFAULT CHARSET=latin1;
/*!40101 SET character_set_client = @saved_cs_client */;

--
-- Dumping data for table `person_type`
--

LOCK TABLES `person_type` WRITE;
/*!40000 ALTER TABLE `person_type` DISABLE KEYS */;
INSERT INTO `person_type` VALUES (1,'STAFF','','2010-06-22 08:21:14','system','system',0,'2010-06-22 08:00:00'),(2,'PARTNER','','2010-06-22 08:21:59','system','system',0,'2010-06-22 08:00:00'),(3,'INSURANCE_AGENT','','2010-06-22 08:23:03','system','system',0,'2010-06-22 08:00:00'),(4,'LAWYER','','2010-06-22 08:23:52','system','system',0,'2010-06-22 08:00:00'),(5,'SHAREHOLDER','','2010-06-22 08:24:45','system','system',0,'2010-06-22 08:00:00'),(6,'BANK_EMPLOYEE','','2010-07-15 04:18:12','system','system',0,'2010-06-22 08:00:00');
/*!40000 ALTER TABLE `person_type` ENABLE KEYS */;
UNLOCK TABLES;

--
-- Table structure for table `filing_reminder`
--

DROP TABLE IF EXISTS `filing_reminder`;
/*!40101 SET @saved_cs_client     = @@character_set_client */;
/*!40101 SET character_set_client = utf8 */;
CREATE TABLE `filing_reminder` (
  `id` bigint(20) unsigned NOT NULL AUTO_INCREMENT,
  `tax_practice_info_id` bigint(20) unsigned NOT NULL,
  `reminder_day` int(11) unsigned NOT NULL,
  PRIMARY KEY (`id`)
) ENGINE=MyISAM AUTO_INCREMENT=3 DEFAULT CHARSET=latin1;
/*!40101 SET character_set_client = @saved_cs_client */;

--
-- Dumping data for table `filing_reminder`
--

LOCK TABLES `filing_reminder` WRITE;
/*!40000 ALTER TABLE `filing_reminder` DISABLE KEYS */;
/*!40000 ALTER TABLE `filing_reminder` ENABLE KEYS */;
UNLOCK TABLES;

--
-- Table structure for table `party_relationship`
--

DROP TABLE IF EXISTS `party_relationship`;
/*!40101 SET @saved_cs_client     = @@character_set_client */;
/*!40101 SET character_set_client = utf8 */;
CREATE TABLE `party_relationship` (
  `id` bigint(20) unsigned NOT NULL AUTO_INCREMENT,
  `subject` bigint(20) unsigned NOT NULL,
  `object` bigint(20) unsigned NOT NULL,
  `relationship_name` varchar(255) DEFAULT NULL,
  `relationship_type` tinyint(3) unsigned NOT NULL,
  `create_date` timestamp NULL DEFAULT NULL,
  `create_user_id` varchar(30) DEFAULT NULL,
  `active_flag` bit(1) DEFAULT NULL,
  `version` int(11) NOT NULL DEFAULT '0',
  `last_update_user_id` varchar(30) DEFAULT NULL,
  `last_update_date` timestamp NULL DEFAULT NULL,
  PRIMARY KEY (`id`),
  KEY `fk28add711e26427d4` (`subject`),
  KEY `fk28add711abcbbce1` (`object`),
  KEY `fk_party_relationship_has_type` (`relationship_type`),
  CONSTRAINT `fk_party_relationship_has_type` FOREIGN KEY (`relationship_type`) REFERENCES `relationship_type` (`id`),
  CONSTRAINT `fk_party_relationship_is_for_object` FOREIGN KEY (`object`) REFERENCES `party` (`party_id`),
  CONSTRAINT `fk_party_relationship_is_for_subject_party` FOREIGN KEY (`subject`) REFERENCES `party` (`party_id`)
) ENGINE=InnoDB AUTO_INCREMENT=350 DEFAULT CHARSET=latin1;
/*!40101 SET character_set_client = @saved_cs_client */;

--
-- Dumping data for table `party_relationship`
--

LOCK TABLES `party_relationship` WRITE;
/*!40000 ALTER TABLE `party_relationship` DISABLE KEYS */;
INSERT INTO `party_relationship` VALUES (142,299,298,NULL,1,'2011-02-02 06:54:42','system','',0,NULL,NULL),(143,300,298,NULL,3,'2011-02-02 06:56:59','system','',0,NULL,NULL),(144,301,298,NULL,3,'2011-02-03 03:55:22','system','',0,NULL,NULL),(145,302,298,NULL,9,'2011-02-03 03:56:36','system','',0,NULL,NULL),(146,307,306,NULL,2,'2011-02-04 01:29:10','system','',0,NULL,NULL),(147,309,308,NULL,2,'2011-02-04 02:55:56','system','',0,NULL,NULL),(148,311,310,NULL,2,'2011-02-04 03:01:56','system','',0,NULL,NULL),(149,313,312,NULL,2,'2011-02-04 03:05:12','system','',0,NULL,NULL),(150,315,314,NULL,2,'2011-02-04 03:08:39','system','',0,NULL,NULL),(151,317,316,NULL,2,'2011-02-04 03:12:25','system','',0,NULL,NULL),(152,318,314,NULL,1,'2011-02-08 02:46:51','system','',0,NULL,NULL),(154,320,310,NULL,1,'2011-02-08 05:26:25','system','',0,NULL,NULL),(155,321,310,NULL,1,'2011-02-08 05:28:19','system','',0,NULL,NULL),(156,322,320,NULL,3,'2011-02-08 05:51:44','system','',0,NULL,NULL),(157,322,320,NULL,7,'2011-02-08 05:56:36','system','',0,NULL,NULL),(158,323,303,NULL,3,'2011-02-08 14:38:57','system','',0,NULL,NULL),(159,324,310,NULL,2,'2011-02-09 02:54:18','system','',0,NULL,NULL),(160,325,310,NULL,2,'2011-02-09 02:54:19','system','',0,NULL,NULL),(161,326,310,NULL,2,'2011-02-09 02:54:19','system','',0,NULL,NULL),(162,327,310,NULL,9,'2011-02-09 03:34:43','system','',0,NULL,NULL),(163,328,310,NULL,9,'2011-02-09 03:35:26','system','',0,NULL,NULL),(164,329,310,NULL,9,'2011-02-09 03:39:44','system','',0,NULL,NULL),(165,330,314,NULL,9,'2011-02-09 04:03:40','system','',0,NULL,NULL),(166,331,310,NULL,11,'2011-02-09 05:11:41','system','',0,NULL,NULL),(167,333,332,NULL,2,'2011-02-09 06:55:42','system','',0,NULL,NULL),(168,334,332,NULL,1,'2011-02-09 06:58:06','system','',0,NULL,NULL),(169,335,334,NULL,3,'2011-02-09 07:03:58','system','',0,NULL,NULL),(170,336,332,NULL,3,'2011-02-09 07:04:55','system','',0,NULL,NULL),(171,337,299,NULL,3,'2011-02-10 06:41:03','system','',0,NULL,NULL),(172,338,318,NULL,3,'2011-02-10 06:47:57','system','',0,NULL,NULL),(173,339,314,NULL,3,'2011-02-10 06:49:47','system','',0,NULL,NULL),(174,340,314,NULL,9,'2011-02-13 00:40:25','system','',0,NULL,NULL),(175,338,318,NULL,7,'2011-02-14 11:57:36','system','',0,NULL,NULL),(176,341,314,NULL,12,'2011-02-14 12:02:38','system','',0,NULL,NULL),(177,342,310,NULL,3,'2011-02-15 04:46:34','system','',0,NULL,NULL),(178,344,343,NULL,2,'2011-02-15 07:00:12','system','',0,NULL,NULL),(179,345,343,NULL,1,'2011-02-15 07:40:17','system','',0,NULL,NULL),(180,346,345,NULL,3,'2011-02-15 07:49:58','system','',0,NULL,NULL),(181,346,345,NULL,7,'2011-02-15 07:52:46','system','',0,NULL,NULL),(182,347,345,NULL,3,'2011-02-15 08:20:48','system','',0,NULL,NULL),(183,348,345,NULL,3,'2011-02-15 09:09:33','system','',0,NULL,NULL),(184,348,345,NULL,7,'2011-02-15 09:15:45','system','',0,NULL,NULL),(185,347,345,NULL,7,'2011-02-15 10:12:31','system','',0,NULL,NULL),(186,349,343,NULL,9,'2011-02-15 10:14:28','system','',0,NULL,NULL),(187,350,343,NULL,9,'2011-02-15 10:14:52','system','',0,NULL,NULL),(188,351,343,NULL,12,'2011-02-15 10:30:57','system','',0,NULL,NULL),(189,352,343,NULL,12,'2011-02-15 10:31:18','system','',0,NULL,NULL),(190,353,343,NULL,10,'2011-02-15 10:39:19','system','',0,NULL,NULL),(191,354,343,NULL,11,'2011-02-15 10:56:51','system','',0,NULL,NULL),(192,355,343,NULL,3,'2011-02-15 11:39:25','system','',0,NULL,NULL),(193,357,332,NULL,1,'2011-02-16 04:11:47','system','',0,NULL,NULL),(194,358,357,NULL,3,'2011-02-16 04:13:20','system','',0,NULL,NULL),(195,359,332,NULL,3,'2011-02-16 04:34:42','system','',0,NULL,NULL),(196,362,361,NULL,3,'2011-02-16 06:14:14','system','',0,NULL,NULL),(197,363,298,NULL,3,'2011-02-16 06:20:01','system','',0,NULL,NULL),(198,364,298,NULL,3,'2011-02-16 06:21:39','system','',0,NULL,NULL),(199,365,298,NULL,2,'2011-02-16 06:33:54','system','',0,NULL,NULL),(200,366,298,NULL,3,'2011-02-16 06:44:00','system','',0,NULL,NULL),(201,367,343,NULL,1,'2011-02-16 09:55:52','system','',0,NULL,NULL),(202,368,367,NULL,3,'2011-02-16 10:01:44','system','',0,NULL,NULL),(203,368,367,NULL,7,'2011-02-16 10:03:13','system','',0,NULL,NULL),(204,369,367,NULL,3,'2011-02-16 10:06:32','system','',0,NULL,NULL),(205,369,367,NULL,7,'2011-02-16 10:07:23','system','',0,NULL,NULL),(206,371,345,NULL,3,'2011-02-16 13:28:46','system','',0,NULL,NULL),(207,371,345,NULL,7,'2011-02-17 07:12:19','system','',0,NULL,NULL),(208,372,345,NULL,3,'2011-02-17 07:26:26','system','',0,NULL,NULL),(209,373,345,NULL,3,'2011-02-17 11:16:30','system','',0,NULL,NULL),(210,374,343,NULL,3,'2011-02-17 12:54:15','system','',0,NULL,NULL),(211,375,343,NULL,3,'2011-02-17 13:11:45','system','',0,NULL,NULL),(212,376,343,NULL,3,'2011-02-18 06:31:22','system','',0,NULL,NULL),(213,379,378,NULL,2,'2011-02-18 12:18:01','system','',0,NULL,NULL),(214,380,343,NULL,1,'2011-02-19 06:26:16','system','',0,NULL,NULL),(215,381,345,NULL,3,'2011-02-19 07:17:04','system','',0,NULL,NULL),(216,382,343,NULL,1,'2011-02-19 08:01:41','system','',0,NULL,NULL),(217,383,343,NULL,3,'2011-02-21 08:47:06','system','',0,NULL,NULL),(218,384,343,NULL,2,'2011-02-21 08:53:56','system','',0,NULL,NULL),(219,385,343,NULL,3,'2011-02-21 09:03:57','system','',0,NULL,NULL),(220,386,303,NULL,3,'2011-02-21 09:58:20','system','',0,NULL,NULL),(221,387,303,NULL,3,'2011-02-21 09:59:28','system','',0,NULL,NULL),(222,390,389,NULL,3,'2011-02-21 10:28:46','system','',0,NULL,NULL),(223,391,389,NULL,3,'2011-02-21 10:30:22','system','',0,NULL,NULL),(224,392,298,NULL,3,'2011-02-21 10:34:34','system','',0,NULL,NULL),(225,393,298,NULL,3,'2011-02-21 10:57:45','system','',0,NULL,NULL),(226,394,298,NULL,3,'2011-02-21 11:22:01','system','',0,NULL,NULL),(227,395,298,NULL,3,'2011-02-21 11:23:41','system','',0,NULL,NULL),(228,396,298,NULL,3,'2011-02-21 11:24:47','system','',0,NULL,NULL),(229,397,343,NULL,1,'2011-02-22 12:22:50','system','',0,NULL,NULL),(230,398,345,NULL,3,'2011-02-23 12:39:59','system','',0,NULL,NULL),(231,399,345,NULL,3,'2011-02-23 13:15:14','system','',0,NULL,NULL),(232,400,343,NULL,1,'2011-02-24 06:38:44','system','',0,NULL,NULL),(233,401,343,NULL,1,'2011-02-24 09:50:48','system','',0,NULL,NULL),(234,402,345,NULL,3,'2011-02-24 11:18:20','system','',0,NULL,NULL),(235,403,314,NULL,3,'2011-02-25 05:27:50','system','',0,NULL,NULL),(236,404,314,NULL,1,'2011-02-26 23:15:03','system','',0,NULL,NULL),(237,405,343,NULL,3,'2011-02-27 07:21:45','system','',0,NULL,NULL),(238,406,343,NULL,3,'2011-02-28 13:06:50','system','',0,NULL,NULL),(239,411,343,NULL,1,'2011-03-01 06:54:06','system','',0,NULL,NULL),(240,415,343,NULL,3,'2011-03-01 13:41:29','system','',0,NULL,NULL),(241,416,404,NULL,3,'2011-03-01 13:53:46','system','',0,NULL,NULL),(242,416,404,NULL,7,'2011-03-01 13:56:38','system','',0,NULL,NULL),(243,417,314,NULL,3,'2011-03-01 14:02:20','system','',0,NULL,NULL),(244,420,419,NULL,3,'2011-03-01 14:07:58','system','',0,NULL,NULL),(245,421,419,NULL,3,'2011-03-02 03:57:13','system','',0,NULL,NULL),(246,423,345,NULL,3,'2011-03-02 06:06:39','system','',0,NULL,NULL),(247,372,345,NULL,7,'2011-03-08 09:35:24','system','',0,NULL,NULL),(248,373,345,NULL,7,'2011-03-08 09:36:31','system','',0,NULL,NULL),(249,424,343,NULL,1,'2011-03-08 12:22:23','system','',0,NULL,NULL),(250,425,345,NULL,3,'2011-03-08 13:08:03','system','',0,NULL,NULL),(251,426,424,NULL,3,'2011-03-08 13:26:59','system','',0,NULL,NULL),(252,427,424,NULL,3,'2011-03-08 13:58:04','system','',0,NULL,NULL),(253,428,345,NULL,3,'2011-03-10 05:53:02','system','',0,NULL,NULL),(254,429,345,NULL,3,'2011-03-10 05:56:02','system','',0,NULL,NULL),(255,430,370,NULL,3,'2011-03-11 05:17:22','system','',0,NULL,NULL),(256,431,370,NULL,1,'2011-03-11 06:04:01','system','',0,NULL,NULL),(257,432,431,NULL,3,'2011-03-11 06:12:12','system','',0,NULL,NULL),(258,432,431,NULL,7,'2011-03-11 06:24:25','system','',0,NULL,NULL),(259,433,345,NULL,3,'2011-04-03 09:06:31','system','',0,NULL,NULL),(260,434,345,NULL,3,'2011-04-03 09:06:34','system','',0,NULL,NULL),(261,435,343,NULL,1,'2011-04-03 09:51:55','system','',0,NULL,NULL),(262,436,345,NULL,3,'2011-04-03 13:14:20','system','',0,NULL,NULL),(263,437,345,NULL,3,'2011-04-03 13:33:06','system','',0,NULL,NULL),(264,438,343,NULL,1,'2011-04-04 05:38:54','system','',0,NULL,NULL),(265,439,345,NULL,3,'2011-04-04 07:13:00','system','',0,NULL,NULL),(266,440,345,NULL,3,'2011-04-04 07:21:01','system','',0,NULL,NULL),(267,439,345,NULL,7,'2011-04-04 07:30:00','system','',0,NULL,NULL),(268,425,345,NULL,7,'2011-04-04 12:42:50','system','',0,NULL,NULL),(269,399,345,NULL,7,'2011-04-04 12:45:19','system','',0,NULL,NULL),(270,433,345,NULL,7,'2011-04-04 12:46:33','system','',0,NULL,NULL),(271,398,345,NULL,7,'2011-04-04 12:47:46','system','',0,NULL,NULL),(272,441,343,NULL,3,'2011-04-05 12:59:06','system','',0,NULL,NULL),(273,442,298,NULL,3,'2011-04-06 07:38:58','system','',0,NULL,NULL),(274,445,345,NULL,3,'2011-04-06 11:43:15','system','',0,NULL,NULL),(275,446,345,NULL,3,'2011-04-06 11:45:44','system','',0,NULL,NULL),(276,447,370,NULL,3,'2011-04-07 10:34:37','system','',0,NULL,NULL),(277,449,431,NULL,3,'2011-04-10 09:37:23','system','',0,NULL,NULL),(278,451,370,NULL,1,'2011-04-11 11:14:40','system','',0,NULL,NULL),(279,452,370,NULL,1,'2011-04-11 11:17:26','system','',0,NULL,NULL),(280,453,370,NULL,1,'2011-04-11 11:19:35','system','',0,NULL,NULL),(281,449,431,NULL,7,'2011-04-11 12:22:48','system','',0,NULL,NULL),(282,457,370,NULL,3,'2011-04-12 07:55:50','system','',2,'anand@gmail.com','2011-04-12 07:55:50'),(283,472,343,NULL,2,'2011-04-14 05:23:04','system','',2,'patil.anand677@gmail.com','2011-04-14 05:23:05'),(284,474,473,NULL,3,'2011-04-14 05:50:05','system','',2,'patil.anand677@gmail.com','2011-04-14 05:50:05'),(285,476,343,NULL,3,'2011-04-14 06:08:43','system','',2,'patil.anand677@gmail.com','2011-04-14 06:08:43'),(286,482,343,NULL,3,'2011-04-15 12:10:43','system','',2,'patil.anand677@gmail.com','2011-04-15 12:10:43'),(287,483,343,NULL,3,'2011-04-15 12:49:36','system','',2,'patil.anand677@gmail.com','2011-04-15 12:49:37'),(288,485,298,NULL,3,'2011-04-16 05:51:55','system','',2,'patil.anand677@gmail.com','2011-04-16 05:51:55'),(289,486,298,NULL,3,'2011-04-16 05:54:47','system','',2,'patil.anand677@gmail.com','2011-04-16 05:54:47'),(290,487,298,NULL,3,'2011-04-16 06:47:35','system','',2,'patil.anand677@gmail.com','2011-04-16 06:47:35'),(291,489,298,NULL,3,'2011-04-16 11:10:08','system','',2,'patil.anand677@gmail.com','2011-04-16 11:10:08'),(292,490,308,NULL,3,'2011-04-16 11:28:49','system','',2,'patil.anand677@gmail.com','2011-04-16 11:28:49'),(293,491,308,NULL,3,'2011-04-16 11:31:27','system','',2,'patil.anand677@gmail.com','2011-04-16 11:31:27'),(294,492,308,NULL,3,'2011-04-16 11:45:18','system','',2,'patil.anand677@gmail.com','2011-04-16 11:45:18'),(295,494,298,NULL,2,'2011-04-18 10:26:17','system','',2,'patil.anand677@gmail.com','2011-04-18 10:26:18'),(296,495,298,NULL,2,'2011-04-18 10:27:02','system','',2,'patil.anand677@gmail.com','2011-04-18 10:27:02'),(297,496,298,NULL,3,'2011-04-19 05:13:33','system','',2,'patil.anand677@gmail.com','2011-04-19 05:13:33'),(298,499,298,NULL,3,'2011-04-25 12:56:54','system','',2,'patil.anand677@gmail.com','2011-04-25 12:56:54'),(299,506,314,NULL,1,'2011-05-15 17:24:13','system','',2,'sagar_bannikal_098@yahoo.com','2011-05-15 17:24:14'),(300,507,314,NULL,1,'2011-05-16 12:21:39','system','',2,'sagar_bannikal_098@yahoo.com','2011-05-16 12:21:40'),(301,511,314,NULL,1,'2011-05-23 23:58:56','system','',2,'sagar_bannikal_098@yahoo.com','2011-05-23 23:58:58'),(302,513,343,NULL,3,'2011-05-25 09:31:35','system','',2,'patil.anand677@gmail.com','2011-05-25 09:31:37'),(303,514,343,NULL,2,'2011-05-25 09:37:46','system','',2,'patil.anand677@gmail.com','2011-05-25 09:37:48'),(304,515,343,NULL,3,'2011-05-27 06:48:16','system','',2,'patil.anand677@gmail.com','2011-05-27 06:48:16'),(305,516,314,NULL,1,'2011-05-27 13:44:17','system','',2,'sagar_bannikal_098@yahoo.com','2011-05-27 13:44:18'),(306,437,345,NULL,7,'2011-05-29 13:34:10','system','',2,'patil.anand677@gmail.com','2011-05-29 13:34:10'),(307,517,343,NULL,1,'2011-05-31 05:18:39','system','',2,'patil.anand677@gmail.com','2011-05-31 05:18:39'),(308,521,345,NULL,3,'2011-06-06 07:45:53','system','',2,'patil.anand677@gmail.com','2011-06-06 07:45:53'),(309,522,345,NULL,3,'2011-06-06 10:07:15','system','',2,'patil.anand677@gmail.com','2011-06-06 10:07:15'),(310,523,345,NULL,3,'2011-06-06 10:30:30','system','',2,'patil.anand677@gmail.com','2011-06-06 10:30:31'),(311,525,343,NULL,3,'2011-06-06 11:43:38','system','',2,'patil.anand677@gmail.com','2011-06-06 11:43:38'),(312,526,343,NULL,2,'2011-06-06 11:47:24','system','',2,'patil.anand677@gmail.com','2011-06-06 11:47:24'),(313,527,343,NULL,1,'2011-06-06 14:17:30','system','',2,'patil.anand677@gmail.com','2011-06-06 14:17:30'),(314,528,345,NULL,3,'2011-06-08 07:32:18','system','',2,'patil.anand677@gmail.com','2011-06-08 07:32:18'),(315,529,310,NULL,1,'2011-06-09 01:34:18','system','',2,'rraniga@uniserve.com','2011-06-09 01:34:18'),(316,530,529,NULL,3,'2011-06-09 01:49:17','system','',2,'rraniga@uniserve.com','2011-06-09 01:49:17'),(317,531,298,NULL,3,'2011-06-11 14:05:03','system','',2,'patil.anand677@gmail.com','2011-06-11 14:05:03'),(318,532,345,NULL,3,'2011-06-13 12:48:34','system','',2,'patil.anand677@gmail.com','2011-06-13 12:48:35'),(319,533,345,NULL,3,'2011-06-13 13:21:12','system','',2,'patil.anand677@gmail.com','2011-06-13 13:21:12'),(320,534,345,NULL,3,'2011-06-14 10:45:01','system','',2,'patil.anand677@gmail.com','2011-06-14 10:45:02'),(321,536,299,NULL,3,'2011-06-21 06:55:18','system','',2,'admin@firm.com','2011-06-21 06:55:19'),(322,536,299,NULL,7,'2011-06-21 06:56:31','system','',2,'admin@firm.com','2011-06-21 06:56:31'),(323,537,299,NULL,3,'2011-06-21 07:08:07','system','',2,'admin@firm.com','2011-06-21 07:08:07'),(324,538,343,NULL,2,'2011-06-21 13:34:59','system','',2,'patil.anand677@gmail.com','2011-06-21 13:34:59'),(325,539,343,NULL,3,'2011-06-24 11:43:19','system','',2,'patil.anand677@gmail.com','2011-06-24 11:43:19'),(326,540,298,NULL,1,'2011-06-26 14:02:57','system','',2,'sagar_bannikal_098@yahoo.com','2011-06-26 14:02:58'),(327,552,343,NULL,3,'2011-06-28 13:14:14','system','',2,'patil.anand677@gmail.com','2011-06-28 13:14:14'),(328,553,404,NULL,3,'2011-06-28 13:23:00','system','',2,'sagar_bannikal_098@yahoo.com','2011-06-28 13:23:00'),(329,553,404,NULL,7,'2011-06-28 13:23:48','system','',2,'sagar_bannikal_098@yahoo.com','2011-06-28 13:23:48'),(330,554,404,NULL,3,'2011-06-30 06:24:54','system','',2,'sagar_bannikal_098@yahoo.com','2011-06-30 06:24:55'),(331,554,404,NULL,7,'2011-06-30 06:54:30','system','',2,'sagar_bannikal_098@yahoo.com','2011-06-30 06:54:31'),(332,555,343,NULL,3,'2011-06-30 10:39:36','system','',2,'patil.anand677@gmail.com','2011-06-30 10:39:36'),(333,557,345,NULL,3,'2011-06-30 11:22:57','system','',2,'patil.anand677@gmail.com','2011-06-30 11:22:57'),(334,558,299,NULL,3,'2011-07-01 06:40:44','system','',2,'admin@firm.com','2011-07-01 06:40:45'),(335,560,370,NULL,2,'2011-07-03 06:34:02','system','',2,'anand@gmail.com','2011-07-03 06:34:03'),(336,561,431,NULL,3,'2011-07-03 06:53:58','system','',2,'anand@gmail.com','2011-07-03 06:53:58'),(337,562,404,NULL,3,'2011-07-03 07:10:14','system','',2,'sagar_bannikal_098@yahoo.com','2011-07-03 07:10:14'),(338,563,314,NULL,1,'2011-07-04 06:46:07','system','',2,'sagar_bannikal_098@yahoo.com','2011-07-04 06:46:07'),(339,564,345,NULL,3,'2011-07-07 11:41:56','system','',2,'patil.anand677@gmail.com','2011-07-07 11:41:56'),(340,566,310,NULL,1,'2011-07-13 21:41:34','system','',2,'rraniga@uniserve.com','2011-07-13 21:41:34'),(341,567,566,NULL,3,'2011-07-13 21:46:07','system','',2,'rraniga@uniserve.com','2011-07-13 21:46:07'),(342,568,343,NULL,3,'2011-07-17 12:54:06','system','',2,'patil.anand677@gmail.com','2011-07-17 12:54:11'),(343,569,298,NULL,3,'2011-07-18 13:00:30','system','',2,'sagar_bannikal_098@yahoo.com','2011-07-18 13:00:33'),(344,570,298,NULL,3,'2011-07-18 13:21:31','system','',2,'patil.anand677@gmail.com','2011-07-18 13:21:34'),(345,571,298,NULL,3,'2011-07-19 07:04:39','system','',2,'apoorvada@yahoo.com','2011-07-19 07:04:44'),(346,572,298,NULL,3,'2011-07-19 11:53:22','system','',2,'patil.anand677@gmail.com','2011-07-19 11:53:25'),(347,574,298,NULL,3,'2011-07-22 09:16:50','system','',2,'patil.anand677@gmail.com','2011-07-22 09:16:50'),(348,577,298,NULL,1,'2011-07-29 07:15:34','system','',2,'admin@firm.com','2011-07-29 07:15:34'),(349,578,343,NULL,3,'2011-07-29 09:51:29','system','',2,'patil.anand677@gmail.com','2011-07-29 09:51:29');
/*!40000 ALTER TABLE `party_relationship` ENABLE KEYS */;
UNLOCK TABLES;

--
-- Table structure for table `relationship_type`
--

DROP TABLE IF EXISTS `relationship_type`;
/*!40101 SET @saved_cs_client     = @@character_set_client */;
/*!40101 SET character_set_client = utf8 */;
CREATE TABLE `relationship_type` (
  `id` tinyint(3) unsigned NOT NULL,
  `type` varchar(50) NOT NULL,
  `active_flag` bit(1) NOT NULL,
  `create_date` datetime NOT NULL,
  `create_user_id` varchar(25) NOT NULL,
  `last_update_user_id` varchar(30) DEFAULT NULL,
  `last_update_date` timestamp NULL DEFAULT NULL,
  `version` int(11) NOT NULL DEFAULT '0',
  PRIMARY KEY (`id`)
) ENGINE=InnoDB DEFAULT CHARSET=latin1;
/*!40101 SET character_set_client = @saved_cs_client */;

--
-- Dumping data for table `relationship_type`
--

LOCK TABLES `relationship_type` WRITE;
/*!40000 ALTER TABLE `relationship_type` DISABLE KEYS */;
INSERT INTO `relationship_type` VALUES (1,'client','','2010-06-13 08:33:56','system',NULL,NULL,0),(2,'partner','','2010-06-13 08:34:01','system',NULL,NULL,0),(3,'employee','','2010-06-13 08:34:05','system',NULL,NULL,0),(4,'bank','','2010-06-13 00:00:00','system',NULL,NULL,0),(5,'lawyer','','2010-06-13 08:34:15','system',NULL,NULL,0),(6,'insurance agency','','2010-06-13 08:34:20','system',NULL,NULL,0),(7,'shareholder','','2010-06-13 08:34:25','system',NULL,NULL,0),(8,'client transfer agent','','2010-06-13 08:34:30','system',NULL,NULL,0),(9,'main bank','','2010-09-14 08:08:01','system','system','2010-09-14 16:08:11',0),(10,'Insurance Firm','','2010-09-14 08:08:01','system','system','2010-09-14 16:08:11',0),(11,'Tranfer Agent Firm','','2010-09-14 08:08:01','system','system','2010-09-14 16:08:11',0),(12,'Main Law Firm','','2010-10-09 09:35:29','system','system','2010-10-09 17:35:44',0);
/*!40000 ALTER TABLE `relationship_type` ENABLE KEYS */;
UNLOCK TABLES;

--
-- Table structure for table `timezone`
--

DROP TABLE IF EXISTS `timezone`;
/*!40101 SET @saved_cs_client     = @@character_set_client */;
/*!40101 SET character_set_client = utf8 */;
CREATE TABLE `timezone` (
  `id` tinyint(4) unsigned NOT NULL AUTO_INCREMENT,
  `global_timezone_name` varchar(50) DEFAULT NULL,
  `gmt_deviation_hours` float DEFAULT NULL,
  `dst_flag` bit(1) DEFAULT NULL,
  `dst_begin_month` smallint(6) DEFAULT NULL,
  `dst_begin_day` smallint(6) DEFAULT NULL,
  `dst_begin_day_of_week` smallint(6) DEFAULT NULL,
  `dst_begin_hour` smallint(6) DEFAULT NULL,
  `dst_end_month` smallint(6) DEFAULT NULL,
  `dst_end_day` smallint(6) DEFAULT NULL,
  `dst_end_day_of_week` smallint(6) DEFAULT NULL,
  `dst_end_hour` smallint(6) DEFAULT NULL,
  `dst_std_cd` varchar(5) DEFAULT NULL,
  `dst_savings_cd` varchar(5) DEFAULT NULL,
  `create_user_id` varchar(100) NOT NULL,
  `create_date` timestamp NULL DEFAULT NULL,
  `last_update_user_id` varchar(100) DEFAULT NULL,
  `last_update_date` timestamp NULL DEFAULT NULL,
  `active_flag` bit(1) NOT NULL,
  `version` int(11) NOT NULL DEFAULT '0',
  PRIMARY KEY (`id`)
) ENGINE=InnoDB AUTO_INCREMENT=26 DEFAULT CHARSET=latin1;
/*!40101 SET character_set_client = @saved_cs_client */;

--
-- Dumping data for table `timezone`
--

LOCK TABLES `timezone` WRITE;
/*!40000 ALTER TABLE `timezone` DISABLE KEYS */;
INSERT INTO `timezone` VALUES (1,'Eastern Time(US & Canada)',-5,'',3,14,1,2,11,24,1,2,NULL,NULL,'system',NULL,'system',NULL,'\0',0),(2,'Pacific Time (US & Canada)',-8,'',3,14,1,2,11,24,1,2,NULL,NULL,'system',NULL,'system',NULL,'\0',0),(3,'Atlantic Time (Canada)',-4,'',3,14,1,2,11,24,1,2,NULL,NULL,'system',NULL,'system',NULL,'\0',0),(4,'Newfoundland Time (Canada)',-4,'',3,14,1,2,11,24,1,2,NULL,NULL,'system',NULL,'system',NULL,'\0',0),(5,'Central Time (US & Canada)',-6,'',3,14,1,2,11,24,1,2,NULL,NULL,'system',NULL,'system',NULL,'\0',0),(6,'Mountain Time (US & Canada)',-7,'',3,14,1,2,11,24,1,2,NULL,NULL,'system',NULL,'system',NULL,'\0',0),(7,'USA',5,'',1,1,1,5,6,7,7,12,'14522','12434','system','2011-02-23 07:55:23','sagar_bannikal_098@yahoo.com','2011-06-27 13:55:17','\0',4),(8,'USA',5,'',1,1,2,12,6,7,7,12,'','','system','2011-02-23 08:12:03',NULL,NULL,'',2),(9,'@$@%@%#@%',24,'',24,132,245,124,1245,1245,253,452,'','','system','2011-03-01 06:12:03','patil.anand677@gmail.com','2011-06-30 10:51:09','\0',2),(10,'@$@%@%#@%',24,'',24,132,245,124,1245,1245,253,452,'AFSFS','ADFF','system','2011-04-06 05:52:16','patil.anand677@gmail.com','2011-06-30 10:50:58','\0',1),(11,'Pavan',-22,'',12,23,4,4,8,5,3,4,'test','test','system','2011-04-12 06:23:37','anand@gmail.com','2011-04-12 06:23:37','',1),(12,'canada',24,'',12,12,4,12,12,30,3,12,'test','test','system','2011-05-14 05:23:44','patil.anand677@gmail.com','2011-05-14 05:23:45','',1),(13,'asd',24,'',6,1,1,12,6,7,3,12,'WET','adfs','system','2011-05-25 05:11:28','admin@firm.com','2011-05-25 05:11:28','',1),(14,'anand',-24,'',12,30,4,24,12,7,4,24,'asdfh','asdfh','system','2011-05-25 07:16:19','patil.anand677@gmail.com','2011-05-25 07:22:27','',3),(15,'India',24,'',12,7,4,8,12,7,4,24,'test','test','system','2011-05-29 05:36:22','patil.anand677@gmail.com','2011-05-29 05:36:22','',1),(16,'ayush',3,'',4,2,2,3,1,2,1,1,'aaa','aaa','system','2011-06-01 12:28:58','sagar_bannikal_098@yahoo.com','2011-06-01 12:28:58','',1),(17,'America',24,'',12,7,4,8,12,7,4,24,'test','test','system','2011-06-11 13:16:10','patil.anand677@gmail.com','2011-06-11 13:16:58','',2),(18,'India',24,'',12,7,4,8,12,7,4,24,'testi','testi','system','2011-06-11 13:55:59','patil.anand677@gmail.com','2011-06-11 13:55:59','',1),(19,'India',24,'',12,7,4,8,12,7,4,24,'codes','codes','system','2011-06-24 11:05:40','patil.anand677@gmail.com','2011-06-24 11:05:41','',1),(20,'India',24,'',12,7,4,8,12,7,4,24,'test','test','system','2011-06-27 12:42:41','patil.anand677@gmail.com','2011-06-27 12:42:41','',1),(21,'ds',5,'',2,1,1,8,1,7,2,1,'asd','adfs','system','2011-06-27 14:22:55','sagar_bannikal_098@yahoo.com','2011-06-27 14:22:55','',1),(22,'fsdter',24,'',1,1,1,11,1,1,1,2,'aiuy','nhj','system','2011-06-28 06:44:00','admin@firm.com','2011-06-28 06:44:00','',1),(23,'america',24,'',12,7,4,4,12,7,4,12,'test','test','system','2011-07-21 12:08:20','patil.anand677@gmail.com','2011-07-21 12:08:21','',1),(24,'anand',24,'',12,12,4,24,12,12,4,4,'test','test','system','2011-07-22 13:08:04','patil.anand677@gmail.com','2011-07-22 13:08:04','',1),(25,'anand',24,'',12,12,4,24,12,12,4,4,'test','test','system','2011-07-22 13:08:52','patil.anand677@gmail.com','2011-07-22 13:08:53','',1);
/*!40000 ALTER TABLE `timezone` ENABLE KEYS */;
UNLOCK TABLES;

--
-- Table structure for table `tax_application_practice_type`
--

DROP TABLE IF EXISTS `tax_application_practice_type`;
/*!40101 SET @saved_cs_client     = @@character_set_client */;
/*!40101 SET character_set_client = utf8 */;
CREATE TABLE `tax_application_practice_type` (
  `id` bigint(20) unsigned NOT NULL AUTO_INCREMENT,
  `name` varchar(50) NOT NULL,
  `description` varchar(200) NOT NULL,
  `active_flag` bit(1) NOT NULL,
  `create_date` datetime NOT NULL,
  `create_user_id` varchar(25) NOT NULL,
  `last_update_user_id` varchar(30) DEFAULT NULL,
  `last_update_date` timestamp NULL DEFAULT NULL,
  `version` int(11) NOT NULL DEFAULT '0',
  `application_level` bit(1) DEFAULT NULL,
  PRIMARY KEY (`id`)
) ENGINE=InnoDB AUTO_INCREMENT=41 DEFAULT CHARSET=latin1;
/*!40101 SET character_set_client = @saved_cs_client */;

--
-- Dumping data for table `tax_application_practice_type`
--

LOCK TABLES `tax_application_practice_type` WRITE;
/*!40000 ALTER TABLE `tax_application_practice_type` DISABLE KEYS */;
INSERT INTO `tax_application_practice_type` VALUES (1,'Corp Taxes','Corp Taxes','','2011-02-09 00:58:35','system',NULL,NULL,0,NULL),(2,'VA Tax','Taxes in VA','','2011-02-09 01:56:38','system',NULL,NULL,0,NULL),(3,'Karantaka Tax','Karnataka Tax','','2011-02-09 02:28:57','system',NULL,NULL,0,NULL),(4,'Corporate Income Tax','T2 - Corporate Income Tax','','2011-02-09 22:39:16','system',NULL,NULL,0,NULL),(5,'HST Return','HST Return - BN#012345678','','2011-02-09 22:40:04','system',NULL,NULL,0,NULL),(6,'Financial Statements - Interim','Financial Statements','','2011-02-09 22:40:42','system',NULL,NULL,0,NULL),(7,'T1 - Personal Income Taxes John','Personal Income Tax ','','2011-02-09 22:55:06','system',NULL,NULL,0,NULL),(8,'Sales Tax','Sales Tax','','2011-02-15 01:09:23','system',NULL,NULL,0,NULL),(9,'Accountant','Accountant','','2011-02-15 06:17:45','system',NULL,NULL,0,NULL),(10,'cashier','callect money','','2011-02-15 07:02:12','system',NULL,NULL,0,NULL),(11,'clerk','Secondary Division','','2011-02-16 04:32:44','system',NULL,NULL,0,NULL),(12,'Manager','Bank Manager','','2011-02-16 07:53:06','system',NULL,NULL,0,NULL),(13,'cashier','Bank Manager','','2011-02-17 08:41:18','system',NULL,NULL,0,NULL),(14,'santhosh','Accountant','','2011-02-17 08:46:28','system',NULL,NULL,0,NULL),(15,'ramu','Assistant Manager','','2011-02-18 01:32:58','system',NULL,NULL,0,NULL),(16,'Anand','Bank Manager','','2011-02-21 03:58:54','system',NULL,NULL,0,NULL),(17,'Anand','','','2011-02-21 04:27:11','system',NULL,NULL,0,NULL),(18,'sanjay','','','2011-02-21 07:56:34','system',NULL,NULL,0,NULL),(19,'Ada@$@$124','','','2011-02-28 08:14:45','system',NULL,NULL,0,NULL),(20,'Ada@$@$124','','','2011-03-01 08:56:00','system',NULL,NULL,0,NULL),(21,'Ada@$@$124','','','2011-03-02 02:12:21','system',NULL,NULL,0,NULL),(22,'sandeep','Assistant Manager','','2011-03-12 07:45:55','system',NULL,NULL,0,NULL),(23,'Anand','','','2011-04-05 09:13:17','system',NULL,NULL,0,NULL),(24,'dgsssssssssssssssssssssssssssssssssssssssssssssssg','Assistant Managerhhhhhhhhhhhhhhhhhhhhhhhhhhhhhhjjjjjgggggjjjjjjjjjjjjjjjjjjjjfsdd','','2011-04-07 06:47:02','system',NULL,NULL,0,NULL),(25,'Mutual Tax','Mutual Tax','','2011-04-12 04:14:42','system',NULL,NULL,0,NULL),(26,'manju','','','2011-04-14 01:26:09','system',NULL,NULL,0,NULL),(27,'Sales','Sales Tax','','2011-04-18 10:23:16','system',NULL,NULL,0,NULL),(28,'as sdff','','','2011-04-19 01:20:30','system',NULL,NULL,0,NULL),(29,'GST/HST','Sale tax','','2011-05-23 23:09:33','system',NULL,NULL,0,NULL),(30,'anand','manager','','2011-05-25 05:51:16','system',NULL,NULL,0,NULL),(31,'anand','manager','','2011-05-25 05:54:40','system',NULL,NULL,0,NULL),(32,'','','','2011-05-25 06:02:29','system',NULL,NULL,0,NULL),(33,'anand','','','2011-05-27 03:08:24','system',NULL,NULL,0,NULL),(34,'anand','Bank Manager','','2011-05-28 06:33:13','system',NULL,NULL,0,NULL),(35,'','','','2011-05-29 01:13:58','system',NULL,NULL,0,NULL),(36,'sales tax','','','2011-05-29 01:21:24','system',NULL,NULL,0,NULL),(37,'Income Tax','','','2011-05-29 01:25:59','system',NULL,NULL,0,NULL),(38,'Bank Manager','','','2011-06-08 03:47:29','system',NULL,NULL,0,NULL),(39,'blabla tax','dhanvanthri','','2011-06-28 02:41:52','system',NULL,NULL,0,NULL),(40,'anandanandanandanandanandanandanandanandanandanand','corp tax','','2011-07-29 05:59:45','system',NULL,NULL,0,NULL);
/*!40000 ALTER TABLE `tax_application_practice_type` ENABLE KEYS */;
UNLOCK TABLES;

--
-- Table structure for table `code`
--

DROP TABLE IF EXISTS `code`;
/*!40101 SET @saved_cs_client     = @@character_set_client */;
/*!40101 SET character_set_client = utf8 */;
CREATE TABLE `code` (
  `id` bigint(20) unsigned NOT NULL,
  `short_name` varchar(50) NOT NULL,
  `long_description` varchar(100) NOT NULL,
  `code_type_id` int(11) unsigned NOT NULL,
  `version` int(11) NOT NULL DEFAULT '0',
  `create_date` timestamp NOT NULL DEFAULT CURRENT_TIMESTAMP ON UPDATE CURRENT_TIMESTAMP,
  `create_user_id` varchar(30) NOT NULL,
  `sort_order` int(11) NOT NULL,
  `application_level_indicator` bit(1) NOT NULL,
  `last_update_user_id` varchar(30) DEFAULT NULL,
  `last_update_date` timestamp NULL DEFAULT NULL,
  `parent_code_id` bigint(20) unsigned DEFAULT NULL,
  `active_flag` bit(1) NOT NULL,
  PRIMARY KEY (`id`),
  KEY `fK_code_belongs_to_code_type` (`code_type_id`),
  KEY `fK_code_related_to_code` (`parent_code_id`),
  CONSTRAINT `fK_code_belongs_to_code_type` FOREIGN KEY (`code_type_id`) REFERENCES `code_type` (`id`),
  CONSTRAINT `fK_code_related_to_code` FOREIGN KEY (`parent_code_id`) REFERENCES `code` (`id`)
) ENGINE=InnoDB DEFAULT CHARSET=latin1;
/*!40101 SET character_set_client = @saved_cs_client */;

--
-- Dumping data for table `code`
--

LOCK TABLES `code` WRITE;
/*!40000 ALTER TABLE `code` DISABLE KEYS */;
INSERT INTO `code` VALUES (1,'USA','United States of America',1,0,'2010-07-16 07:49:15','system',1,'','system','2010-06-22 17:44:16',NULL,''),(2,'CANADA','Canada',1,0,'2010-07-16 07:49:15','system',1,'','system','2010-06-22 17:44:16',NULL,''),(101,'CEO','Chief Executive Officer',5,0,'2010-07-16 07:49:15','system',1,'','system','2010-06-22 17:44:16',NULL,''),(102,'CFO','Chief Finance Officer',5,0,'2010-07-16 07:49:15','system',1,'','system','2010-06-22 17:44:16',NULL,''),(103,'Director','Director',5,0,'2010-07-16 07:49:15','system',1,'','system','2010-06-22 17:44:16',NULL,''),(104,'VP','Vice President',5,0,'2010-07-16 07:49:15','system',1,'','system','2010-06-22 17:44:16',NULL,''),(105,'President','President',5,0,'2010-07-16 07:49:15','system',1,'','system','2010-06-22 17:44:16',NULL,''),(106,'Manager','Manager',5,0,'2010-07-16 07:49:15','system',1,'','system','2010-06-22 17:44:16',NULL,''),(107,'Accountant','Accountant',5,0,'2010-07-16 07:49:15','system',1,'','system','2010-06-22 17:44:16',NULL,''),(108,'Supervisor','Supervisor',5,0,'2010-07-16 07:49:15','system',1,'','system','2010-06-22 17:44:16',NULL,''),(109,'Sales Representative','Sales Representative',5,0,'2010-07-16 07:49:15','system',1,'','system','2010-06-22 17:44:16',NULL,''),(110,'Bank Teller','Bank Teller',5,0,'2010-07-16 07:49:15','system',1,'','system','2010-06-22 17:44:16',NULL,''),(111,'Bank Manager','Bank Manager',5,0,'2010-07-16 07:49:15','system',1,'','system','2010-06-22 17:44:16',NULL,''),(201,'Accounts','Accounts',6,0,'2010-07-16 07:49:15','system',1,'','system','2010-06-22 17:44:16',NULL,''),(202,'HR','Human Resources',6,0,'2010-07-16 07:49:15','system',1,'','system','2010-06-22 17:44:16',NULL,''),(203,'Sales','Sales',6,0,'2010-07-16 07:49:15','system',1,'','system','2010-06-22 17:44:16',NULL,''),(204,'Finance','Finance',6,0,'2010-07-16 07:49:15','system',1,'','system','2010-06-22 17:44:16',NULL,''),(205,'Front Office','Front Office',6,0,'2010-07-16 07:49:15','system',1,'','system','2010-06-22 17:44:16',NULL,''),(401,'Agriculture','Agriculture',4,0,'2010-07-16 07:49:15','system',1,'','system','2010-06-22 17:44:16',NULL,''),(402,'Automotive','Automotive',4,0,'2010-07-16 07:49:15','system',1,'','system','2010-06-22 17:44:16',NULL,''),(403,'Chemicals','Chemicals',4,0,'2010-07-16 07:49:15','system',1,'','system','2010-06-22 17:44:16',NULL,''),(404,'Construction','Construction',4,0,'2010-07-16 07:49:15','system',1,'','system','2010-06-22 17:44:16',NULL,''),(405,'Consumer Goods & Services','Consumer Goods & Services',4,0,'2010-07-16 07:49:15','system',1,'','system','2010-06-22 17:44:16',NULL,''),(406,'Defense & Aerospace','Defense & Aerospace',4,0,'2010-07-16 07:49:15','system',1,'','system','2010-06-22 17:44:16',NULL,''),(407,'Energy','Energy',4,0,'2010-07-16 07:49:15','system',1,'','system','2010-06-22 17:44:16',NULL,''),(408,'Financial Services','Financial Services',4,0,'2010-07-16 07:49:15','system',1,'','system','2010-06-22 17:44:16',NULL,''),(409,'Firearms & Explosives','Firearms & Explosives',4,0,'2010-07-16 07:49:15','system',1,'','system','2010-06-22 17:44:16',NULL,''),(410,'Food & Beverage','Food & Beverage',4,0,'2010-07-16 07:49:15','system',1,'','system','2010-06-22 17:44:16',NULL,''),(411,'Health Care','Health Care',4,0,'2010-07-16 07:49:15','system',1,'','system','2010-06-22 17:44:16',NULL,''),(412,'Mining & Drilling','Mining & Drilling',4,0,'2010-07-16 07:49:15','system',1,'','system','2010-06-22 17:44:16',NULL,''),(413,'Pharmaceuticals & Biotechology','Pharmaceuticals & Biotechology',4,0,'2010-07-16 07:49:15','system',1,'','system','2010-06-22 17:44:16',NULL,''),(414,'Printing & Publishing','Printing & Publishing',4,0,'2010-07-16 07:49:15','system',1,'','system','2010-06-22 17:44:16',NULL,''),(415,'Real Estate','Real Estate',4,0,'2010-07-16 07:49:15','system',1,'','system','2010-06-22 17:44:16',NULL,''),(416,'Telecommunications','Telecommunications',4,0,'2010-07-16 07:49:15','system',1,'','system','2010-06-22 17:44:16',NULL,''),(417,'Transportation & Logistics','Transportation & Logistics',4,0,'2010-07-16 07:49:15','system',1,'','system','2010-06-22 17:44:16',NULL,''),(418,'Law','Law',4,0,'2010-10-09 17:04:09','system',1,'','system',NULL,NULL,''),(500,'Incorporated','Incorporated',3,0,'2010-07-16 07:49:15','system',1,'','system','2010-06-22 17:44:16',NULL,''),(501,'ULC','ULC',3,0,'2010-07-16 07:49:15','system',1,'','system','2010-06-22 17:44:16',NULL,''),(502,'UFP','UFP',3,0,'2010-07-16 07:49:15','system',1,'','system','2010-06-22 17:44:16',NULL,''),(503,'Trust','Trust',3,0,'2010-07-16 07:49:15','system',1,'','system','2010-06-22 17:44:16',NULL,''),(504,'LLC','LLC',3,0,'2010-07-16 07:49:15','system',1,'','system','2010-06-22 17:44:16',NULL,''),(505,'Partnership','Partnership',3,0,'2010-07-16 07:49:15','system',1,'','system','2010-06-22 17:44:16',NULL,''),(506,'Proprietorship','Proprietorship',3,0,'2010-07-16 07:49:15','system',1,'','system','2010-06-22 17:44:16',NULL,''),(507,'Other','Other',3,0,'2010-07-16 07:49:15','system',1,'','system','2010-06-22 17:44:16',NULL,''),(700,'Bank Account','Bank Account',7,0,'2010-07-16 07:49:15','system',1,'','system','2010-06-22 18:38:01',NULL,''),(701,'Insurance Policy Account','Insurance Policy Account',7,0,'2010-07-16 07:49:15','system',2,'','system','2010-06-22 18:38:01',NULL,''),(702,'Transfer Agency Account','Transfer Agency Account',7,0,'2010-10-09 04:39:23','system',1,'','system',NULL,NULL,''),(703,'Law Firm Account','Law Firm Account',7,0,'2010-10-10 05:42:42','system',2,'','system','2010-10-10 05:42:33',NULL,''),(800,'Checking','Checking',8,0,'2010-07-16 07:49:15','system',1,'','system','2010-06-22 18:38:01',700,''),(801,'Savings','Savings',8,0,'2010-07-16 07:49:15','system',1,'','system','2010-06-22 18:38:01',700,''),(802,'Investment','Investment',8,0,'2010-09-24 07:35:47','system',3,'','system','2010-06-22 18:38:01',700,''),(803,'Term Deposits','Term Deposits',8,0,'2010-09-24 07:36:10','system',4,'','system','2010-06-22 18:38:01',700,''),(804,'Other','Other',8,0,'2010-09-24 07:36:34','system',5,'','system','2010-06-22 18:38:01',700,''),(805,'Credit','Credit',8,0,'2010-09-24 07:36:10','system',4,'','system','2010-06-22 18:38:01',700,''),(806,'Mortgage','Mortgage',8,0,'2010-09-24 07:36:10','system',4,'','system','2010-06-22 18:38:01',700,''),(821,'Whole Life Innsurance','Whole Life Insurance',8,0,'2010-07-16 07:49:15','system',1,'','system','2010-06-22 18:38:01',701,''),(822,'Term Life Innsurance','Term Life Insurance',8,0,'2010-07-16 07:49:15','system',1,'','system','2010-06-22 18:38:01',701,''),(851,'Admiralty and Maritime','Admiralty and Maritime',8,0,'2010-07-16 07:49:15','system',1,'','system','2010-06-22 18:38:01',703,''),(852,'Adoption','Adoption',8,0,'2010-07-16 07:49:15','system',1,'','system','2010-06-22 18:38:01',703,''),(853,'ADR','ADR',8,0,'2010-07-16 07:49:15','system',1,'','system','2010-06-22 18:38:01',703,''),(854,'Asbestos:Mesothelioma','AdmiralAsbestos:Mesotheliomaty and Maritime',8,0,'2010-07-16 07:49:15','system',1,'','system','2010-06-22 18:38:01',703,''),(855,'Aviation Law','Aviation Law',8,0,'2010-07-16 07:49:15','system',1,'','system','2010-06-22 18:38:01',703,''),(856,'Bankruptcy','Bankruptcy',8,0,'2010-07-16 07:49:15','system',1,'','system','2010-06-22 18:38:01',703,''),(857,'Business Law','Business Law',8,0,'2010-07-16 07:49:15','system',1,'','system','2010-06-22 18:38:01',703,''),(858,'Controlled Substance','Controlled Substance',8,0,'2010-07-16 07:49:15','system',1,'','system','2010-06-22 18:38:01',703,''),(859,'Car Accident','Car Accident',8,0,'2010-07-16 07:49:15','system',1,'','system','2010-06-22 18:38:01',703,''),(860,'Catastrophic Injuries','Catastrophic Injuries',8,0,'2010-07-16 07:49:15','system',1,'','system','2010-06-22 18:38:01',703,''),(861,'Child Custody','Child Custody',8,0,'2010-07-16 07:49:15','system',1,'','system','2010-06-22 18:38:01',703,''),(862,'Children Rights','Children Rights',8,0,'2010-07-16 07:49:15','system',1,'','system','2010-06-22 18:38:01',703,''),(863,'Collaborative Law','Collaborative Law',8,0,'2010-07-16 07:49:15','system',1,'','system','2010-06-22 18:38:01',703,''),(864,'Consumer','Consumer',8,0,'2010-07-16 07:49:15','system',1,'','system','2010-06-22 18:38:01',703,''),(865,'Credit Card Fraud','Credit Card Fraud',8,0,'2010-07-16 07:49:15','system',1,'','system','2010-06-22 18:38:01',703,''),(866,'Criminal Defense','Criminal Defense',8,0,'2010-07-16 07:49:15','system',1,'','system','2010-06-22 18:38:01',703,''),(867,'Criminal Law','Criminal Law',8,0,'2010-07-16 07:49:15','system',1,'','system','2010-06-22 18:38:01',703,''),(868,'Divorce','Divorce',8,0,'2010-07-16 07:49:15','system',1,'','system','2010-06-22 18:38:01',703,''),(869,'Discrimination','Discrimination',8,0,'2010-07-16 07:49:15','system',1,'','system','2010-06-22 18:38:01',703,''),(870,'Domestic Violence','Domestic Violence',8,0,'2010-07-16 07:49:15','system',1,'','system','2010-06-22 18:38:01',703,''),(871,'Drug Charges','Drug Charges',8,0,'2010-07-16 07:49:15','system',1,'','system','2010-06-22 18:38:01',703,''),(872,'DUI - DWI','DUI - DWI',8,0,'2010-07-16 07:49:15','system',1,'','system','2010-06-22 18:38:01',703,''),(873,'Employment','Employment',8,0,'2010-07-16 07:49:15','system',1,'','system','2010-06-22 18:38:01',703,''),(874,'Estate & Trust','Estate & Trust',8,0,'2010-07-16 07:49:15','system',1,'','system','2010-06-22 18:38:01',703,''),(875,'Family','Family',8,0,'2010-07-16 07:49:15','system',1,'','system','2010-06-22 18:38:01',703,''),(876,'Foreclosure','Foreclosure',8,0,'2010-07-16 07:49:15','system',1,'','system','2010-06-22 18:38:01',703,''),(877,'Immigration','Immigration',8,0,'2010-07-16 07:49:15','system',1,'','system','2010-06-22 18:38:01',703,''),(878,'Intellectual Property','Intellectual Property',8,0,'2010-07-16 07:49:15','system',1,'','system','2010-06-22 18:38:01',703,''),(879,'Litigation','Litigation',8,0,'2010-07-16 07:49:15','system',1,'','system','2010-06-22 18:38:01',703,''),(880,'Medical Malpractice','Medical Malpractice',8,0,'2010-07-16 07:49:15','system',1,'','system','2010-06-22 18:38:01',703,''),(881,'Motor Vehicle','Motor Vehicle',8,0,'2010-07-16 07:49:15','system',1,'','system','2010-06-22 18:38:01',703,''),(882,'Personal Injury','Personal Injury',8,0,'2010-07-16 07:49:15','system',1,'','system','2010-06-22 18:38:01',703,''),(883,'Patent','Patent',8,0,'2010-07-16 07:49:15','system',1,'','system','2010-06-22 18:38:01',703,''),(884,'Real Estate','Real Estate',8,0,'2010-07-16 07:49:15','system',1,'','system','2010-06-22 18:38:01',703,''),(885,'Slip and Fall','Slip and Fall',8,0,'2010-07-16 07:49:15','system',1,'','system','2010-06-22 18:38:01',703,''),(886,'Taxation','Taxation',8,0,'2010-07-16 07:49:15','system',1,'','system','2010-06-22 18:38:01',703,''),(887,'Trade','Trade',8,0,'2010-07-16 07:49:15','system',1,'','system','2010-06-22 18:38:01',703,''),(888,'Trademark','Trademark',8,0,'2010-07-16 07:49:15','system',1,'','system','2010-06-22 18:38:01',703,''),(889,'Transportation','Transportation',8,0,'2010-07-16 07:49:15','system',1,'','system','2010-06-22 18:38:01',703,''),(890,'Truck Accident','Truck Accident',8,0,'2010-07-16 07:49:15','system',1,'','system','2010-06-22 18:38:01',703,''),(891,'Visas','Visas',8,0,'2010-07-16 07:49:15','system',1,'','system','2010-06-22 18:38:01',703,''),(892,'White Collar Crime','White Collar Crime',8,0,'2010-07-16 07:49:15','system',1,'','system','2010-06-22 18:38:01',703,''),(893,'Workplace Safety','Workplace Safety',8,0,'2010-07-16 07:49:15','system',1,'','system','2010-06-22 18:38:01',703,''),(894,'Worker Compensation','Worker Compensation',8,0,'2010-07-16 07:49:15','system',1,'','system','2010-06-22 18:38:01',703,''),(1001,'AK','Alaska',2,0,'2010-07-16 07:49:15','system',1,'','system','2010-06-22 17:44:16',1,''),(1002,'AL','Alabama',2,0,'2010-07-16 07:49:15','system',1,'','system','2010-06-22 17:50:09',1,''),(1003,'AS','American Samoa',2,0,'2010-07-16 07:49:15','system',1,'','system','2010-06-22 17:50:50',1,''),(1004,'AS','American Samoa',2,0,'2010-07-16 07:49:15','system',3,'','system','2010-06-22 18:00:03',1,''),(1005,'AZ','Arizona',2,0,'2010-07-16 07:49:15','system',4,'','system','2010-06-22 18:00:03',1,''),(1006,'AR','Arkansas',2,0,'2010-07-16 07:49:15','system',5,'','system','2010-06-22 18:00:03',1,''),(1007,'CA','California',2,0,'2010-07-16 07:49:15','system',6,'','system','2010-06-22 18:00:03',1,''),(1008,'CO','Colorado',2,0,'2010-07-16 07:49:15','system',7,'','system','2010-06-22 18:00:03',1,''),(1009,'CT','Connecticut',2,0,'2010-07-16 07:49:15','system',8,'','system','2010-06-22 18:00:03',1,''),(1010,'DE','Delaware',2,0,'2010-07-16 07:49:15','system',9,'','system','2010-06-22 18:00:03',1,''),(1011,'DC','District of Columbia',2,0,'2010-07-16 07:49:15','system',1,'','system','2010-06-22 18:00:03',1,''),(1012,'FM','Federated code of Micronesia',2,0,'2010-07-16 07:49:15','system',1,'','system','2010-06-22 18:00:03',1,''),(1013,'FL','Florida',2,0,'2010-07-16 07:49:15','system',1,'','system','2010-06-22 18:00:03',1,''),(1014,'GA','Georgia',2,0,'2010-07-16 07:49:15','system',1,'','system','2010-06-22 18:00:03',1,''),(1015,'GU','Guam',2,0,'2010-07-16 07:49:15','system',1,'','system','2010-06-22 18:00:03',1,''),(1016,'HI','Hawaii',2,0,'2010-07-16 07:49:15','system',1,'','system','2010-06-22 18:00:03',1,''),(1017,'ID','Idaho',2,0,'2010-07-16 07:49:15','system',1,'','system','2010-06-22 18:00:03',1,''),(1018,'IL','Illinois',2,0,'2010-07-16 07:49:15','system',1,'','system','2010-06-22 18:00:03',1,''),(1019,'IN','Indiana',2,0,'2010-07-16 07:49:15','system',1,'','system','2010-06-22 18:00:03',1,''),(1020,'IA','Iowa',2,0,'2010-07-16 07:49:15','system',1,'','system','2010-06-22 18:00:03',1,''),(1021,'KS','Kansas',2,0,'2010-07-16 07:49:15','system',1,'','system','2010-06-22 18:00:03',1,''),(1022,'KY','Kentucky',2,0,'2010-07-16 07:49:15','system',1,'','system','2010-06-22 18:00:03',1,''),(1023,'LA','Louisiana',2,0,'2010-07-16 07:49:15','system',1,'','system','2010-06-22 18:00:03',1,''),(1024,'ME','Maine',2,0,'2010-07-16 07:49:15','system',1,'','system','2010-06-22 18:00:03',1,''),(1025,'MH','Marshall Islands',2,0,'2010-07-16 07:49:15','system',1,'','system','2010-06-22 18:00:03',1,''),(1026,'MD','Maryland',2,0,'2010-07-16 07:49:15','system',1,'','system','2010-06-22 18:00:03',1,''),(1027,'MA','Massachusetts',2,0,'2010-07-16 07:49:15','system',1,'','system','2010-06-22 18:00:03',1,''),(1028,'MI','Michigan',2,0,'2010-07-16 07:49:15','system',1,'','system','2010-06-22 18:00:03',1,''),(1029,'MN','Minnesota',2,0,'2010-07-16 07:49:15','system',1,'','system','2010-06-22 18:00:03',1,''),(1030,'MS','Mississippi',2,0,'2010-07-16 07:49:15','system',1,'','system','2010-06-22 18:00:03',1,''),(1031,'MO','Missouri',2,0,'2010-07-16 07:49:15','system',1,'','system','2010-06-22 18:00:03',1,''),(1032,'MT','Montana',2,0,'2010-07-16 07:49:15','system',1,'','system','2010-06-22 18:00:03',1,''),(1033,'NE','Nebraska',2,0,'2010-07-16 07:49:15','system',1,'','system','2010-06-22 18:00:03',1,''),(1034,'NV','Nevada',2,0,'2010-07-16 07:49:15','system',1,'','system','2010-06-22 18:00:03',1,''),(1035,'NH','New Hampshire',2,0,'2010-07-16 07:49:15','system',1,'','system','2010-06-22 18:00:03',1,''),(1036,'NJ','New Jersey',2,0,'2010-07-16 07:49:15','system',1,'','system','2010-06-22 18:00:03',1,''),(1037,'NM','New Mexico',2,0,'2010-07-16 07:49:15','system',1,'','system','2010-06-22 18:00:03',1,''),(1038,'NY','New York',2,0,'2010-07-16 07:49:15','system',1,'','system','2010-06-22 18:00:03',1,''),(1039,'NC','North Carolina',2,0,'2010-07-16 07:49:15','system',1,'','system','2010-06-22 18:00:03',1,''),(1040,'ND','North Dakota',2,0,'2010-07-16 07:49:15','system',1,'','system','2010-06-22 18:00:03',1,''),(1041,'MP','Northern Mariana Islands',2,0,'2010-07-16 07:49:15','system',1,'','system','2010-06-22 18:00:03',1,''),(1042,'OH','Ohio',2,0,'2010-07-16 07:49:15','system',1,'','system','2010-06-22 18:00:03',1,''),(1043,'OK','Oklahoma',2,0,'2010-07-16 07:49:15','system',1,'','system','2010-06-22 18:00:03',1,''),(1044,'OR','Oregon',2,0,'2010-07-16 07:49:15','system',1,'','system','2010-06-22 18:00:03',1,''),(1045,'PW','Palau',2,0,'2010-07-16 07:49:15','system',1,'','system','2010-06-22 18:00:03',1,''),(1046,'PA','Pennsylvania',2,0,'2010-07-16 07:49:15','system',1,'','system','2010-06-22 18:00:03',1,''),(1047,'PR','Puerto Rico',2,0,'2010-07-16 07:49:15','system',1,'','system','2010-06-22 18:00:03',1,''),(1048,'RI','Rhode Island',2,0,'2010-07-16 07:49:15','system',1,'','system','2010-06-22 18:00:03',1,''),(1049,'SC','South Carolina',2,0,'2010-07-16 07:49:15','system',1,'','system','2010-06-22 18:00:03',1,''),(1050,'SD','South Dakota',2,0,'2010-07-16 07:49:15','system',1,'','system','2010-06-22 18:00:03',1,''),(1051,'TN','Tennessee',2,0,'2010-07-16 07:49:15','system',1,'','system','2010-06-22 18:00:03',1,''),(1052,'TX','Texas',2,0,'2010-07-16 07:49:15','system',1,'','system','2010-06-22 18:00:03',1,''),(1053,'UT','Utah',2,0,'2010-07-16 07:49:15','system',1,'','system','2010-06-22 18:00:03',1,''),(1054,'VT','Vermont',2,0,'2010-07-16 07:49:15','system',1,'','system','2010-06-22 18:00:03',1,''),(1055,'VI','Virgin Islands',2,0,'2010-07-16 07:49:15','system',1,'','system','2010-06-22 18:00:03',1,''),(1056,'VA','Virginia',2,0,'2010-07-16 07:49:15','system',1,'','system','2010-06-22 18:00:03',1,''),(1057,'WA','Washington',2,0,'2010-07-16 07:49:15','system',1,'','system','2010-06-22 18:00:03',1,''),(1058,'WV','West Virginia',2,0,'2010-07-16 07:49:15','system',1,'','system','2010-06-22 18:00:03',1,''),(1059,'WI','Wisconsin',2,0,'2010-07-16 07:49:15','system',1,'','system','2010-06-22 18:00:03',1,''),(1060,'WY','Wyoming',2,0,'2010-07-16 07:49:15','system',1,'','system','2010-06-22 18:00:03',1,''),(1061,'AE','Armed Forces Africa',2,0,'2010-07-16 07:49:15','system',1,'','system','2010-06-22 18:00:03',1,''),(1062,'AA','Armed Forces Americas (except Canada)',2,0,'2010-07-16 07:49:15','system',1,'','system','2010-06-22 18:00:03',1,''),(1063,'AE','Armed Forces Canada',2,0,'2010-07-16 07:49:15','system',1,'','system','2010-06-22 18:00:03',1,''),(1064,'AE','Armed Forces Europe',2,0,'2010-07-16 07:49:15','system',1,'','system','2010-06-22 18:00:03',1,''),(1065,'AE','Armed Forces Middle East',2,0,'2010-07-16 07:49:15','system',1,'','system','2010-06-22 18:00:03',1,''),(1066,'AP','Armed Forces Pacific',2,0,'2010-07-16 07:49:15','system',1,'','system','2010-06-22 18:00:03',1,''),(1067,'AB','Alberta',2,0,'2010-07-16 07:49:15','system',3,'','system','2010-06-22 18:38:01',2,''),(1068,'BC','British Columbia',2,0,'2010-07-16 07:49:15','system',3,'','system','2010-06-22 18:38:01',2,''),(1069,'MB','Manitoba',2,0,'2010-07-16 07:49:15','system',3,'','system','2010-06-22 18:38:01',2,''),(1070,'NB','New Brunswick',2,0,'2010-07-16 07:49:15','system',3,'','system','2010-06-22 18:38:01',2,''),(1071,'NL','Newfoundland and Labrador',2,0,'2010-07-16 07:49:15','system',3,'','system','2010-06-22 18:38:01',2,''),(1072,'NT','Northwest Territories',2,0,'2010-07-16 07:49:15','system',3,'','system','2010-06-22 18:38:01',2,''),(1073,'NS','Nova Scotia',2,0,'2010-07-16 07:49:15','system',3,'','system','2010-06-22 18:38:01',2,''),(1074,'NU','Nunavut',2,0,'2010-07-16 07:49:15','system',3,'','system','2010-06-22 18:38:01',2,''),(1075,'ON','Ontario',2,0,'2010-07-16 07:49:15','system',3,'','system','2010-06-22 18:38:01',2,''),(1076,'PE','Prince Edward Island',2,0,'2010-07-16 07:49:15','system',3,'','system','2010-06-22 18:38:01',2,''),(1077,'QC','Qubec',2,0,'2010-07-16 07:49:15','system',3,'','system','2010-06-22 18:38:01',2,''),(1078,'SK','Saskatchewan',2,0,'2010-07-16 07:49:15','system',3,'','system','2010-06-22 18:38:01',2,''),(1079,'YT','Yukon Territory',2,0,'2010-07-16 07:49:15','system',3,'','system','2010-06-22 18:38:01',2,''),(1200,'Ordinary Shares','Ordinary Shares',9,0,'2010-07-16 07:49:15','system',1,'','system','2010-06-22 18:38:01',NULL,''),(1201,'Preferred Shares','Preferred Shares',9,0,'2010-07-16 07:49:15','system',1,'','system','2010-06-22 18:38:01',NULL,''),(1202,'Other','Other',9,0,'2010-07-16 07:49:15','system',1,'','system','2010-06-22 18:38:01',NULL,''),(1300,'Yearly','Yearly',10,0,'2010-12-07 10:00:00','system',1,'','system','2010-12-07 10:00:00',NULL,''),(1301,'Semi Yearly','Semi Yearly',10,0,'2010-12-07 10:00:00','system',2,'',NULL,NULL,NULL,''),(1302,'Quarterly','Quarterly',10,0,'2010-12-07 10:00:00','system',3,'',NULL,NULL,NULL,''),(1303,'Monthly','Monthly',10,0,'2010-12-07 10:00:00','system',4,'',NULL,NULL,NULL,''),(1351,'1','1',12,0,'2010-12-07 22:00:00','system',1,'','system','2010-12-07 22:00:00',NULL,''),(1352,'3','3',12,0,'2010-12-07 22:00:00','system',2,'',NULL,NULL,NULL,''),(1353,'7','7',12,0,'2010-12-07 22:00:00','system',3,'',NULL,NULL,NULL,''),(1354,'15','15',12,0,'2010-12-07 22:00:00','system',4,'',NULL,NULL,NULL,''),(1355,'30','30',12,0,'2010-12-07 22:00:00','system',4,'',NULL,NULL,NULL,''),(1356,'60','60',12,0,'2010-12-07 22:00:00','system',4,'',NULL,NULL,NULL,''),(1357,'90','90',12,0,'2010-12-07 22:00:00','system',4,'',NULL,NULL,NULL,''),(1400,'Yearly','Yearly',11,0,'2010-12-07 22:00:00','system',1,'','system','2010-12-07 22:00:00',NULL,''),(1401,'Semi Yearly','Semi Yearly',11,0,'2010-12-07 22:00:00','system',2,'',NULL,NULL,NULL,''),(1402,'Quarterly','Quarterly',11,0,'2010-12-07 22:00:00','system',3,'',NULL,NULL,NULL,''),(1403,'Monthly','Monthly',11,0,'2010-12-07 22:00:00','system',4,'',NULL,NULL,NULL,''),(1451,'1','1',13,0,'2010-12-07 22:00:00','system',1,'','system','2010-12-07 22:00:00',NULL,''),(1452,'3','3',13,0,'2010-12-07 22:00:00','system',2,'',NULL,NULL,NULL,''),(1453,'7','7',13,0,'2010-12-07 22:00:00','system',3,'',NULL,NULL,NULL,''),(1454,'15','15',13,0,'2010-12-07 22:00:00','system',4,'',NULL,NULL,NULL,''),(1455,'30','30',13,0,'2010-12-07 22:00:00','system',4,'',NULL,NULL,NULL,''),(1456,'60','60',13,0,'2010-12-07 22:00:00','system',4,'',NULL,NULL,NULL,''),(1457,'90','90',13,0,'2010-12-07 22:00:00','system',4,'',NULL,NULL,NULL,''),(1458,'India','India',1,3,'2011-02-04 01:25:02','system',3,'\0',NULL,'2011-02-09 04:32:58',NULL,''),(1459,'Karnataka','Karnataka',2,0,'2011-02-04 01:25:42','system',1,'',NULL,NULL,1458,''),(1460,'Maharashtra','Maharashtra',2,0,'2011-02-04 01:26:14','system',2,'',NULL,NULL,1458,''),(1461,'Japan','Japan',1,2,'2011-02-04 01:27:45','system',3,'\0',NULL,'2011-02-09 04:33:06',NULL,''),(1462,'Africa','Africa',1,1,'2011-02-09 04:16:08','system',1,'\0',NULL,NULL,NULL,''),(1463,'Cape Town','Cape Town',2,4,'2011-02-09 04:17:41','system',1,'\0',NULL,NULL,NULL,''),(1464,'Sri Lanka','Sri Lanka',1,0,'2011-02-09 04:24:10','system',1,'\0',NULL,NULL,NULL,''),(1465,'Colombo','Colombo',2,0,'2011-02-09 04:24:36','system',1,'\0',NULL,NULL,1464,''),(1466,'Denmark','Euro',1,0,'2011-02-09 05:17:55','system',1,'\0',NULL,NULL,NULL,''),(1467,'Danish','Danish',2,0,'2011-02-09 05:19:16','system',1,'\0',NULL,NULL,1466,''),(1468,'LLP','Limited Liability Partnership',3,0,'2011-02-09 05:27:45','system',1,'\0',NULL,NULL,NULL,''),(1469,'Junior Accountant','Junior Accountant',5,1,'2011-02-10 04:06:56','system',1,'\0',NULL,NULL,NULL,''),(1470,'Bookkeeper','Bookkeeper',5,1,'2011-02-10 04:07:43','system',1,'\0',NULL,NULL,NULL,''),(1471,'Senior Accountant','Senior Accountant',5,0,'2011-02-10 04:09:29','system',1,'\0',NULL,NULL,NULL,''),(1472,'Managing Partner','Managing Partner',17,0,'2011-02-12 06:02:15','system',1,'',NULL,NULL,NULL,''),(1473,'Tax Partner','Tax Partner',17,0,'2011-02-12 06:02:41','system',2,'',NULL,NULL,NULL,''),(1474,'General Partner','General Partner',17,0,'2011-02-12 06:03:07','system',3,'',NULL,NULL,NULL,''),(1475,'Limited Partner','Limited Partner',17,0,'2011-02-12 06:03:34','system',5,'',NULL,NULL,NULL,''),(1476,'Junior Accountant','Junior Accountant',17,0,'2011-02-12 06:03:56','system',6,'',NULL,NULL,NULL,''),(1477,'Office manager','Office manager',17,0,'2011-02-12 06:04:32','system',7,'',NULL,NULL,NULL,''),(1478,'Intermediate Accountant','Intermediate Accountant',17,0,'2011-02-12 06:04:50','system',8,'',NULL,NULL,NULL,''),(1479,'Senior Accountant','Senior Accountant',17,0,'2011-02-12 06:05:19','system',9,'',NULL,NULL,NULL,''),(1480,'Administration','Administration',17,0,'2011-02-12 06:05:41','system',10,'',NULL,NULL,NULL,''),(1481,'Bank of America','Bank of America',18,0,'2011-02-15 06:55:10','system',1,'',NULL,NULL,NULL,''),(1482,'Citibank','Citibank',18,0,'2011-02-15 06:55:42','system',2,'',NULL,NULL,NULL,''),(1483,'SunTrust Bank','SunTrust Bank',18,0,'2011-02-15 06:56:14','system',3,'',NULL,NULL,NULL,''),(1484,'Royal Bank of Canada','Royal Bank of Canada',18,0,'2011-02-15 06:56:50','system',4,'',NULL,NULL,NULL,''),(1485,'Bagladesh','Bagladesh',1,0,'2011-02-15 12:10:47','system',1,'\0',NULL,NULL,NULL,''),(1486,'Dhaka','Dhaka',2,0,'2011-02-15 12:12:41','system',1,'\0',NULL,NULL,1485,''),(1487,'america','america',1,0,'2011-02-16 06:53:28','system',3,'',NULL,NULL,NULL,''),(1488,'BM','Bank Manager',5,0,'2011-02-16 07:00:28','system',2,'',NULL,NULL,NULL,''),(1489,'bangalore','a city',2,0,'2011-02-16 09:34:08','system',1,'\0',NULL,NULL,NULL,''),(1490,'Americe','country',1,0,'2011-02-16 13:07:17','system',3,'',NULL,NULL,NULL,''),(1491,'sanjay','',2,1,'2011-02-17 13:48:11','system',1,'\0',NULL,NULL,NULL,''),(1492,'BM','Bank Manager',8,0,'2011-02-18 06:40:32','system',3,'',NULL,NULL,701,''),(1493,'Bagladesh','',1,0,'2011-02-18 08:10:31','system',1,'\0',NULL,NULL,NULL,''),(1494,'sanjay','Dhaka',5,0,'2011-02-18 08:34:36','system',1,'\0',NULL,NULL,NULL,''),(1495,'ravi','',1,0,'2011-02-21 09:00:00','system',1,'\0',NULL,NULL,NULL,''),(1496,'ravi','',1,0,'2011-02-21 09:28:43','system',1,'\0',NULL,NULL,NULL,''),(1497,'USA','from usa',4,0,'2011-02-21 11:59:36','system',3,'',NULL,NULL,NULL,''),(1498,'andrapradesh','Bank Manager',5,0,'2011-02-21 12:33:05','system',2,'',NULL,NULL,NULL,''),(1499,'america','Bank Manager',1,2,'2011-02-21 12:36:35','system',2,'',NULL,NULL,NULL,''),(1500,'andrapradesh','from usa',2,0,'2011-02-22 12:09:49','system',2,'',NULL,NULL,2,''),(1501,'132@#sa','',1,0,'2011-02-28 13:21:59','system',1,'\0',NULL,NULL,NULL,''),(1502,'@$@%@%@','1343565',3,1,'2011-03-01 06:33:40','system',255,'',NULL,NULL,NULL,''),(1503,'@%%#%#%','24435325',17,2,'2011-03-01 13:56:41','system',1,'\0',NULL,NULL,NULL,''),(1504,'@$@%@%@','1343565',3,0,'2011-03-01 14:00:33','system',1245245422,'',NULL,NULL,NULL,''),(1505,'@$@%@%@','1343565',5,0,'2011-03-01 14:09:48','system',1245245422,'\0',NULL,NULL,NULL,'\0'),(1506,'@%%#%#%','',17,0,'2011-03-02 07:12:51','system',1,'\0',NULL,NULL,NULL,''),(1507,'@$@$@$','24213432',2,0,'2011-03-03 09:13:02','system',4354324,'',NULL,NULL,NULL,''),(1508,'Bagladesh','Dhaka',2,0,'2011-03-12 12:47:10','system',1,'\0',NULL,NULL,1464,''),(1509,'bangalore','Karnataka',2,0,'2011-03-12 12:48:03','system',1,'\0',NULL,NULL,NULL,''),(1510,'Dhaka','',1,0,'2011-04-05 13:14:30','system',1,'\0',NULL,NULL,NULL,''),(1511,'andrapradesh','',8,1,'2011-04-06 07:26:48','system',1245245422,'',NULL,NULL,701,''),(1512,'Bagladesh','',17,0,'2011-04-06 08:13:51','system',1,'\0',NULL,NULL,NULL,''),(1513,'Bagladesh','',17,0,'2011-04-06 08:14:31','system',1,'\0',NULL,NULL,NULL,''),(1514,'americadfsrtttttttttttttttttttttttttttttwwww','Bank Managerggggggggggggggggggg',3,2,'2011-04-06 10:36:47','system',1243546123,'',NULL,NULL,NULL,''),(1515,'Karnataka','',2,0,'2011-04-15 12:16:55','system',1,'\0',NULL,NULL,NULL,''),(1516,'manju','',1,0,'2011-04-15 13:01:12','system',1,'\0',NULL,NULL,NULL,''),(1517,'sagar','Accountant',1,0,'2011-04-16 10:33:29','system',20,'',NULL,NULL,NULL,''),(1518,'manju','',1,0,'2011-04-18 10:06:32','system',1,'\0',NULL,NULL,NULL,''),(1519,'sanju','',2,0,'2011-04-18 10:07:26','system',1,'\0',NULL,NULL,NULL,''),(1520,'sanju','',2,0,'2011-04-18 10:07:28','system',1,'\0',NULL,NULL,NULL,''),(1521,'VIP','Accountant',6,1,'2011-04-25 06:20:17','system',20,'\0',NULL,NULL,NULL,'\0'),(1522,'sourabh','',3,0,'2011-04-30 06:20:19','system',20,'',NULL,NULL,NULL,''),(1523,'CFO','Account Manager',10,2,'2011-05-14 05:27:56','system',20,'',NULL,NULL,NULL,''),(1524,'India','',1,4,'2011-05-25 07:55:22','system',20,'',NULL,NULL,NULL,''),(1525,'manju','Accountant',3,1,'2011-05-25 09:49:14','system',1,'\0',NULL,NULL,NULL,''),(1526,'sanjeev','Accountant',1,0,'2011-05-27 07:02:32','system',1,'\0',NULL,NULL,NULL,''),(1527,'sanjeev','',1,0,'2011-05-27 07:03:34','system',1,'\0',NULL,NULL,NULL,''),(1528,'sanjeev','Accountant',1,0,'2011-05-27 07:13:13','system',1,'\0',NULL,NULL,NULL,''),(1529,'Disha','student',18,0,'2011-06-01 12:08:52','system,system',2,'',NULL,NULL,NULL,''),(1530,'USA S','United state of America',1,0,'2011-06-11 13:37:59','system,system',20,'',NULL,NULL,NULL,''),(1531,'Rajesh','Audit',3,0,'2011-06-18 05:08:33','system',1,'\0',NULL,NULL,NULL,''),(1532,'Rajesh','Audit',3,0,'2011-06-18 05:09:26','system',1,'\0',NULL,NULL,NULL,''),(1533,'Rajesh','Audit',3,0,'2011-06-18 05:10:15','system',1,'\0',NULL,NULL,NULL,''),(1534,'Sourabh','Accountant',17,1,'2011-06-18 09:47:41','system',1,'\0',NULL,NULL,NULL,''),(1535,'sanjeev','',1,0,'2011-06-24 11:45:25','system',1,'\0',NULL,NULL,NULL,''),(1536,'Rajesh','',1,0,'2011-06-24 11:47:13','system',1,'\0',NULL,NULL,NULL,''),(1537,'karnataka','bang is the capital',1,0,'2011-06-28 06:41:27','system',1,'\0',NULL,NULL,NULL,''),(1538,'dfgdrfh','dghh',1,0,'2011-06-28 06:44:34','system,system',11,'',NULL,NULL,NULL,''),(1539,'Rajesh','Rajesh sagar',10,1,'2011-06-28 09:33:37','system,system',2,'',NULL,NULL,NULL,''),(1540,'umesh','accountant  ',1,2,'2011-06-30 11:05:29','system,system',20,'',NULL,NULL,NULL,''),(1541,'hhfhf','',1,0,'2011-07-21 06:22:30','system',1,'\0',NULL,NULL,NULL,''),(1542,'Karnataka','Karnataka',1,0,'2011-07-29 05:07:20','system',1,'\0',NULL,NULL,NULL,''),(1543,'anil','Accountant',1,0,'2011-07-29 10:02:49','system',1,'\0',NULL,NULL,NULL,''),(1544,'Rajukumar','developer',1,0,'2011-07-30 11:26:44','system',1,'\0',NULL,NULL,NULL,'');
/*!40000 ALTER TABLE `code` ENABLE KEYS */;
UNLOCK TABLES;

--
-- Table structure for table `tax_info_due_date_rule`
--

DROP TABLE IF EXISTS `tax_info_due_date_rule`;
/*!40101 SET @saved_cs_client     = @@character_set_client */;
/*!40101 SET character_set_client = utf8 */;
CREATE TABLE `tax_info_due_date_rule` (
  `id` bigint(20) unsigned NOT NULL AUTO_INCREMENT,
  `due_day` int(11) DEFAULT NULL,
  `due_month` int(11) DEFAULT NULL,
  `practice_info_id` bigint(20) unsigned NOT NULL,
  `active_flag` bit(1) NOT NULL,
  `create_date` datetime NOT NULL,
  `create_user_id` varchar(50) NOT NULL,
  `last_update_user_id` varchar(50) DEFAULT NULL,
  `last_update_date` timestamp NULL DEFAULT NULL,
  `version` int(11) NOT NULL DEFAULT '0',
  `scheduling_rule` varchar(50) DEFAULT NULL,
  `filing_type` smallint(3) unsigned DEFAULT NULL,
  `generated_task_date` date DEFAULT NULL,
  PRIMARY KEY (`id`),
  KEY `due_date_rule_is_for_practice_info` (`practice_info_id`),
  KEY `due_date_rule_is_for_filing_type` (`filing_type`),
  CONSTRAINT `due_date_rule_is_for_filing_type` FOREIGN KEY (`filing_type`) REFERENCES `tax_info_filing_type` (`id`),
  CONSTRAINT `due_date_rule_is_for_practice_info` FOREIGN KEY (`practice_info_id`) REFERENCES `tax_client_practice_info` (`id`)
) ENGINE=InnoDB AUTO_INCREMENT=162 DEFAULT CHARSET=latin1;
/*!40101 SET character_set_client = @saved_cs_client */;

--
-- Dumping data for table `tax_info_due_date_rule`
--

LOCK TABLES `tax_info_due_date_rule` WRITE;
/*!40000 ALTER TABLE `tax_info_due_date_rule` DISABLE KEYS */;
INSERT INTO `tax_info_due_date_rule` VALUES (1,1,1,2,'','2011-02-09 02:18:19','system','system','2011-02-09 07:18:21',4,NULL,2,'2012-02-01'),(2,1,0,2,'','2011-02-09 02:18:19','system','system','2011-02-09 07:18:21',4,NULL,1,'2012-01-01'),(3,15,1,3,'','2011-02-09 02:30:34','system','system','2011-02-09 07:30:36',4,NULL,2,'2012-02-15'),(4,10,0,3,'','2011-02-09 02:30:34','system','system','2011-02-09 07:30:36',4,NULL,1,'2012-01-10'),(5,10,9,3,'','2011-02-09 02:30:36','system','system','2011-02-09 07:30:36',2,NULL,1,'2011-10-10'),(6,15,10,3,'','2011-02-09 02:30:36','system','system','2011-02-09 07:30:36',2,NULL,1,'2011-11-15'),(7,-1,-1,4,'','2011-02-10 01:50:18','system','system','2011-02-14 06:50:00',5,NULL,2,'2011-11-29'),(8,-1,-1,4,'','2011-02-10 01:50:18','system','system','2011-02-14 06:50:00',5,NULL,1,'2011-11-29'),(9,10,3,5,'','2011-02-15 00:53:11','system','system','2011-02-16 03:41:41',5,NULL,2,'2012-04-10'),(10,10,2,5,'','2011-02-15 00:53:11','system','system','2011-02-16 03:41:41',5,NULL,1,'2012-03-10'),(11,-1,-1,6,'','2011-02-15 01:10:04','system','system','2011-02-15 06:10:06',4,NULL,2,'2011-11-29'),(12,-1,-1,6,'','2011-02-15 01:10:04','system','system','2011-02-15 06:10:06',4,NULL,1,'2011-11-29'),(13,2,-1,7,'','2011-02-15 07:03:48','system','system','2011-02-15 12:03:49',4,NULL,2,'2011-12-02'),(14,3,1,7,'','2011-02-15 07:03:48','system','system','2011-02-15 12:03:49',4,NULL,1,'2012-02-03'),(15,8,3,8,'','2011-02-15 07:07:15','system','system','2011-02-15 12:08:00',5,NULL,2,'2012-04-08'),(16,10,1,8,'','2011-02-15 07:07:15','system','system','2011-02-15 12:08:00',5,NULL,1,'2012-02-10'),(17,15,2,9,'','2011-02-15 22:40:21','system','system','2011-02-16 03:40:22',4,NULL,2,'2012-03-15'),(18,28,1,9,'','2011-02-15 22:40:21','system','system','2011-02-16 03:40:22',4,NULL,1,'2012-02-28'),(19,10,6,10,'','2011-02-15 23:14:42','system','system','2011-02-16 04:14:43',3,NULL,2,'2012-07-10'),(20,15,3,10,'','2011-02-15 23:14:42','system','system','2011-02-16 04:14:43',4,NULL,1,'2012-04-15'),(21,15,10,10,'','2011-02-15 23:14:43','system','system','2011-02-16 04:14:43',2,NULL,1,'2011-11-15'),(22,15,4,11,'','2011-02-15 23:17:56','system','system','2011-02-16 04:17:58',4,NULL,2,'2012-05-15'),(23,28,1,11,'','2011-02-15 23:17:56','system','system','2011-02-16 04:17:58',4,NULL,1,'2012-02-28'),(28,4,2,14,'','2011-02-17 09:01:14','system','system','2011-02-17 14:01:15',4,NULL,1,'2012-03-04'),(29,NULL,NULL,14,'','2011-02-17 09:01:14','system','system','2011-02-17 14:01:15',4,NULL,1,'2012-07-05'),(32,1,0,16,'','2011-02-19 09:36:32','system','system','2011-02-19 14:39:15',5,NULL,2,'2012-01-01'),(33,1,0,16,'','2011-02-19 09:36:32','system','system','2011-02-19 14:39:15',5,NULL,1,'2012-01-01'),(34,30,0,16,'','2011-02-19 09:39:15','system','system','2011-02-19 14:39:15',3,NULL,1,'2012-01-30'),(35,31,0,16,'','2011-02-19 09:39:15','system','system','2011-02-19 14:39:15',3,NULL,1,'2012-01-31'),(41,12,0,22,'','2011-02-21 01:53:07','system','system','2011-02-23 03:06:49',14,NULL,1,'2012-01-12'),(42,14,0,22,'','2011-02-21 01:53:07','system','system','2011-02-23 03:06:49',14,NULL,2,'2012-01-14'),(55,6,7,22,'','2011-02-22 22:06:49','system','system','2011-02-23 03:06:49',2,NULL,1,'2011-08-06'),(56,18,11,22,'','2011-02-22 22:06:49','system','system','2011-02-23 03:06:49',2,NULL,2,'2011-12-18'),(57,1,0,25,'','2011-02-23 00:10:12','system','system','2011-02-23 05:10:12',4,NULL,1,'2012-01-01'),(58,2,1,25,'','2011-02-23 00:10:12','system','system','2011-02-23 05:10:12',4,NULL,2,'2012-02-02'),(59,4,0,26,'','2011-02-23 21:38:26','system','system','2011-02-24 02:38:26',3,NULL,1,'2012-01-04'),(60,4,1,26,'','2011-02-23 21:38:26','system','system','2011-02-24 02:38:26',3,NULL,1,'2012-02-04'),(61,11,6,26,'','2011-02-23 21:38:26','system','system','2011-02-24 02:38:26',3,NULL,2,'2012-07-11'),(62,16,8,26,'','2011-02-23 21:38:26','system','system','2011-02-24 02:38:26',2,NULL,2,'2011-09-16'),(63,1,0,27,'','2011-03-08 08:39:26','system','system','2011-03-08 13:39:26',3,NULL,1,'2012-01-01'),(64,4,0,27,'','2011-03-08 08:39:26','system','system','2011-03-08 13:39:26',3,NULL,2,'2012-01-04'),(65,1,0,28,'','2011-03-11 00:31:13','system','system','2011-03-24 05:49:16',51,NULL,1,'2012-01-01'),(66,1,0,28,'','2011-03-11 00:31:13','system','system','2011-03-24 05:49:16',51,NULL,2,'2012-01-01'),(67,2,1,29,'','2011-04-11 07:21:38','system','system','2011-04-11 12:06:11',5,NULL,1,'2012-02-02'),(68,10,3,29,'','2011-04-11 07:21:38','system','system','2011-04-11 12:06:11',5,NULL,2,'2012-04-10'),(69,-1,-1,30,'','2011-04-11 07:28:02','system','system','2011-04-11 11:28:02',3,NULL,1,'2011-11-29'),(70,-1,-1,30,'','2011-04-11 07:28:02','system','system','2011-04-11 11:28:02',3,NULL,2,'2011-11-29'),(71,15,1,31,'','2011-04-11 07:58:49','system','system','2011-04-11 11:58:49',3,NULL,1,'2012-02-15'),(72,17,5,31,'','2011-04-11 07:58:49','system','system','2011-04-11 11:58:49',3,NULL,2,'2012-06-17'),(74,1,0,34,'','2011-04-29 22:59:45','system','sagar_bannikal_098@yahoo.com','2011-04-30 02:59:50',4,NULL,1,'2012-01-01'),(75,10,0,34,'','2011-04-29 22:59:45','system','sagar_bannikal_098@yahoo.com','2011-04-30 02:59:50',4,NULL,2,'2012-01-10'),(76,2,1,35,'','2011-05-03 07:45:25','system','sagar_bannikal_098@yahoo.com','2011-05-03 11:45:25',4,NULL,1,'2012-02-02'),(77,2,0,35,'','2011-05-03 07:45:25','system','sagar_bannikal_098@yahoo.com','2011-05-03 11:45:25',4,NULL,2,'2012-01-02'),(78,5,1,36,'','2011-05-04 09:12:16','system','anand@gmail.com','2011-05-04 13:12:16',4,NULL,1,'2012-02-05'),(79,6,4,36,'','2011-05-04 09:12:16','system','anand@gmail.com','2011-05-04 13:12:16',4,NULL,2,'2012-05-06'),(80,10,5,36,'','2011-05-04 09:12:16','system','anand@gmail.com','2011-05-04 13:12:16',4,NULL,2,'2012-06-10'),(81,9,2,37,'','2011-05-06 01:19:44','system','anand@gmail.com','2011-05-06 05:19:44',4,NULL,1,'2012-03-09'),(82,5,6,37,'','2011-05-06 01:19:44','system','anand@gmail.com','2011-05-06 05:19:44',4,NULL,2,'2012-07-05'),(83,8,9,37,'','2011-05-06 01:19:44','system','anand@gmail.com','2011-05-06 05:19:44',3,NULL,2,'2011-10-08'),(84,6,6,38,'','2011-05-06 02:04:10','system','anand@gmail.com','2011-05-06 06:04:10',4,NULL,1,'2012-07-06'),(85,13,4,38,'','2011-05-06 02:04:10','system','anand@gmail.com','2011-05-06 06:04:10',4,NULL,2,'2012-05-13'),(86,3,1,39,'','2011-05-27 01:25:58','system','patil.anand677@gmail.com','2011-05-27 05:25:58',4,NULL,1,'2012-02-03'),(87,5,1,39,'','2011-05-27 01:25:58','system','patil.anand677@gmail.com','2011-05-27 05:25:58',4,NULL,1,'2012-02-05'),(88,17,1,39,'','2011-05-27 01:25:58','system','patil.anand677@gmail.com','2011-05-27 05:25:58',4,NULL,2,'2012-02-17'),(89,12,3,40,'','2011-05-27 01:33:39','system','patil.anand677@gmail.com','2011-05-27 05:33:39',4,NULL,1,'2012-04-12'),(90,18,7,40,'','2011-05-27 01:33:39','system','patil.anand677@gmail.com','2011-05-27 05:33:39',3,NULL,2,'2011-08-18'),(91,-1,-1,41,'','2011-05-27 01:36:26','system','patil.anand677@gmail.com','2011-05-27 05:37:54',5,NULL,1,'2011-11-29'),(92,-1,-1,41,'','2011-05-27 01:36:26','system','patil.anand677@gmail.com','2011-05-27 05:37:54',5,NULL,1,'2011-11-29'),(93,-1,1,41,'','2011-05-27 01:36:26','system','patil.anand677@gmail.com','2011-05-27 05:37:54',5,NULL,2,'2012-01-30'),(94,10,7,42,'','2011-05-27 01:40:20','system','patil.anand677@gmail.com','2011-05-27 05:40:20',3,NULL,1,'2011-08-10'),(95,11,8,42,'','2011-05-27 01:40:20','system','patil.anand677@gmail.com','2011-05-27 05:40:20',3,NULL,1,'2011-09-11'),(96,13,6,42,'','2011-05-27 01:40:20','system','patil.anand677@gmail.com','2011-05-27 05:40:20',4,NULL,2,'2012-07-13'),(97,10,4,43,'','2011-05-27 01:42:55','system','patil.anand677@gmail.com','2011-05-27 05:50:41',5,NULL,1,'2012-05-10'),(98,19,5,43,'','2011-05-27 01:42:55','system','patil.anand677@gmail.com','2011-05-27 05:50:41',5,NULL,1,'2012-06-19'),(99,16,4,43,'','2011-05-27 01:42:55','system','patil.anand677@gmail.com','2011-05-27 05:50:41',5,NULL,2,'2012-05-16'),(101,4,5,44,'','2011-05-27 01:52:46','system','patil.anand677@gmail.com','2011-05-27 05:52:46',4,NULL,1,'2012-06-04'),(102,8,7,44,'','2011-05-27 01:52:46','system','patil.anand677@gmail.com','2011-05-27 05:52:46',3,NULL,1,'2011-08-08'),(103,12,9,44,'','2011-05-27 01:52:46','system','patil.anand677@gmail.com','2011-05-27 05:52:46',3,NULL,1,'2011-10-12'),(104,16,8,44,'','2011-05-27 01:52:46','system','patil.anand677@gmail.com','2011-05-27 05:52:46',3,NULL,1,'2011-09-16'),(105,14,4,44,'','2011-05-27 01:52:46','system','patil.anand677@gmail.com','2011-05-27 05:52:46',4,NULL,2,'2012-05-14'),(106,11,7,44,'','2011-05-27 01:52:46','system','patil.anand677@gmail.com','2011-05-27 05:52:46',3,NULL,2,'2011-08-11'),(107,16,9,44,'','2011-05-27 01:52:46','system','patil.anand677@gmail.com','2011-05-27 05:52:46',3,NULL,2,'2011-10-16'),(108,18,11,44,'','2011-05-27 01:52:46','system','patil.anand677@gmail.com','2011-05-27 05:52:46',3,NULL,2,'2011-12-18'),(110,12,0,45,'','2011-05-27 01:54:19','system','patil.anand677@gmail.com','2011-05-27 06:08:48',5,NULL,2,'2012-01-12'),(111,5,1,46,'','2011-05-27 02:10:38','system','patil.anand677@gmail.com','2011-05-27 06:10:38',4,NULL,1,'2012-02-05'),(112,6,4,46,'','2011-05-27 02:10:38','system','patil.anand677@gmail.com','2011-05-27 06:10:38',4,NULL,2,'2012-05-06'),(113,4,1,47,'','2011-06-13 08:44:53','system','patil.anand677@gmail.com','2011-06-13 12:44:53',4,NULL,1,'2012-02-04'),(114,5,1,47,'','2011-06-13 08:44:53','system','patil.anand677@gmail.com','2011-06-13 12:44:53',4,NULL,2,'2012-02-05'),(115,6,1,48,'','2011-06-14 03:16:47','system','patil.anand677@gmail.com','2011-06-14 07:16:47',4,NULL,1,'2012-02-06'),(116,8,3,48,'','2011-06-14 03:16:47','system','patil.anand677@gmail.com','2011-06-14 07:16:47',4,NULL,1,'2012-04-08'),(117,11,3,48,'','2011-06-14 03:16:47','system','patil.anand677@gmail.com','2011-06-14 07:16:47',4,NULL,1,'2012-04-11'),(118,14,4,48,'','2011-06-14 03:16:47','system','patil.anand677@gmail.com','2011-06-14 07:16:47',4,NULL,1,'2012-05-14'),(119,13,11,48,'','2011-06-14 03:16:47','system','patil.anand677@gmail.com','2011-06-14 07:16:47',3,NULL,2,'2011-12-13'),(120,17,8,48,'','2011-06-14 03:16:47','system','patil.anand677@gmail.com','2011-06-14 07:16:47',3,NULL,2,'2011-09-17'),(121,16,4,48,'','2011-06-14 03:16:47','system','patil.anand677@gmail.com','2011-06-14 07:16:47',4,NULL,2,'2012-05-16'),(122,18,2,48,'','2011-06-14 03:16:47','system','patil.anand677@gmail.com','2011-06-14 07:16:47',4,NULL,2,'2012-03-18'),(123,6,1,49,'','2011-06-18 09:40:09','system','anand@gmail.com','2011-06-18 13:41:37',6,NULL,1,'2012-02-06'),(124,10,2,49,'','2011-06-18 09:40:09','system','anand@gmail.com','2011-06-18 13:41:37',6,NULL,1,'2012-03-10'),(125,16,7,49,'','2011-06-18 09:40:09','system','anand@gmail.com','2011-06-18 13:41:37',5,NULL,1,'2011-08-16'),(126,18,4,49,'','2011-06-18 09:40:09','system','anand@gmail.com','2011-06-18 13:41:37',6,NULL,1,'2012-05-18'),(127,17,4,49,'','2011-06-18 09:40:09','system','anand@gmail.com','2011-06-18 13:41:37',6,NULL,2,'2012-05-17'),(128,15,1,50,'','2011-06-21 09:20:10','system','patil.anand677@gmail.com','2011-06-21 13:20:10',4,NULL,1,'2012-02-15'),(129,16,1,50,'','2011-06-21 09:20:10','system','patil.anand677@gmail.com','2011-06-21 13:20:10',4,NULL,1,'2012-02-16'),(130,16,0,50,'','2011-06-21 09:20:10','system','patil.anand677@gmail.com','2011-06-21 13:20:10',4,NULL,2,'2012-01-16'),(131,2,0,51,'','2011-07-02 10:24:34','system','sagar_bannikal_098@yahoo.com','2011-07-02 14:24:35',4,NULL,1,'2012-01-02'),(132,2,0,51,'','2011-07-02 10:24:34','system','sagar_bannikal_098@yahoo.com','2011-07-02 14:24:35',4,NULL,2,'2012-01-02'),(133,30,3,52,'','2011-07-06 20:38:04','system','rraniga@uniserve.com','2011-07-07 01:33:52',4,NULL,1,'2012-05-01'),(134,31,6,52,'','2011-07-06 20:38:04','system','rraniga@uniserve.com','2011-07-07 01:33:52',3,NULL,1,'2011-07-31'),(135,-100,9,52,'','2011-07-06 20:38:04','system','rraniga@uniserve.com','2011-07-07 01:33:52',3,NULL,1,'2011-10-31'),(136,-100,0,52,'','2011-07-06 20:38:04','system','rraniga@uniserve.com','2011-07-07 01:33:52',4,NULL,1,'2012-01-31'),(137,-1,-1,52,'','2011-07-06 20:38:04','system','rraniga@uniserve.com','2011-07-07 01:33:52',4,NULL,2,'2011-11-29'),(138,-100,2,53,'','2011-07-06 20:45:25','system','rraniga@uniserve.com','2011-07-07 00:45:25',3,NULL,1,'2012-03-31'),(139,15,2,53,'','2011-07-06 20:45:25','system','rraniga@uniserve.com','2011-07-07 00:45:25',3,NULL,2,'2012-03-15'),(140,15,5,53,'','2011-07-06 20:45:25','system','rraniga@uniserve.com','2011-07-07 00:45:25',3,NULL,2,'2012-06-15'),(141,15,8,53,'','2011-07-06 20:45:25','system','rraniga@uniserve.com','2011-07-07 00:45:25',2,NULL,2,'2011-09-15'),(142,15,11,53,'','2011-07-06 20:45:25','system','rraniga@uniserve.com','2011-07-07 00:45:25',2,NULL,2,'2011-12-15'),(143,15,6,54,'','2011-07-13 19:55:48','system','rraniga@uniserve.com','2011-07-13 23:55:48',3,NULL,1,'2012-07-15'),(144,30,-1,54,'','2011-07-13 19:55:48','system','rraniga@uniserve.com','2011-07-13 23:55:48',3,NULL,2,'2011-12-30'),(145,7,3,55,'','2011-07-15 02:50:13','system','patil.anand677@gmail.com','2011-07-15 06:50:14',3,NULL,1,'2012-04-07'),(146,4,1,55,'','2011-07-15 02:50:13','system','patil.anand677@gmail.com','2011-07-15 06:50:14',3,NULL,2,'2012-02-04'),(147,-1,-1,56,'','2011-07-19 07:30:42','system','patil.anand677@gmail.com','2011-07-19 11:30:44',3,NULL,1,'2011-11-29'),(148,-1,-1,56,'','2011-07-19 07:30:42','system','patil.anand677@gmail.com','2011-07-19 11:30:44',3,NULL,2,'2011-11-29'),(149,-1,-1,56,'','2011-07-19 07:30:42','system','patil.anand677@gmail.com','2011-07-19 11:30:44',3,NULL,2,'2011-11-29'),(150,15,-1,57,'','2011-07-27 21:40:07','system','rraniga@uniserve.com','2011-07-28 01:40:07',3,NULL,1,'2011-12-15'),(151,-1,-1,57,'','2011-07-27 21:40:07','system','rraniga@uniserve.com','2011-07-28 01:40:07',3,NULL,2,'2011-11-29'),(152,-1,8,58,'','2011-07-27 21:43:31','system','rraniga@uniserve.com','2011-07-28 01:43:31',2,NULL,1,'2011-08-30'),(153,15,2,58,'','2011-07-27 21:43:31','system','rraniga@uniserve.com','2011-07-28 01:43:31',3,NULL,2,'2012-03-15'),(154,15,5,58,'','2011-07-27 21:43:31','system','rraniga@uniserve.com','2011-07-28 01:43:31',3,NULL,2,'2012-06-15'),(155,15,8,58,'','2011-07-27 21:43:31','system','rraniga@uniserve.com','2011-07-28 01:43:31',2,NULL,2,'2011-09-15'),(156,15,11,58,'','2011-07-27 21:43:31','system','rraniga@uniserve.com','2011-07-28 01:43:31',2,NULL,2,'2011-12-15'),(157,-1,8,59,'','2011-07-27 21:43:59','system','rraniga@uniserve.com','2011-07-28 01:43:59',2,NULL,1,'2011-08-30'),(158,15,2,59,'','2011-07-27 21:43:59','system','rraniga@uniserve.com','2011-07-28 01:43:59',3,NULL,2,'2012-03-15'),(159,15,5,59,'','2011-07-27 21:43:59','system','rraniga@uniserve.com','2011-07-28 01:43:59',3,NULL,2,'2012-06-15'),(160,15,8,59,'','2011-07-27 21:43:59','system','rraniga@uniserve.com','2011-07-28 01:43:59',2,NULL,2,'2011-09-15'),(161,15,11,59,'','2011-07-27 21:43:59','system','rraniga@uniserve.com','2011-07-28 01:43:59',2,NULL,2,'2011-12-15');
/*!40000 ALTER TABLE `tax_info_due_date_rule` ENABLE KEYS */;
UNLOCK TABLES;

--
-- Table structure for table `party_type`
--

DROP TABLE IF EXISTS `party_type`;
/*!40101 SET @saved_cs_client     = @@character_set_client */;
/*!40101 SET character_set_client = utf8 */;
CREATE TABLE `party_type` (
  `id` tinyint(3) unsigned NOT NULL,
  `type` varchar(50) NOT NULL,
  `active_flag` bit(1) NOT NULL,
  `create_date` timestamp NOT NULL DEFAULT CURRENT_TIMESTAMP ON UPDATE CURRENT_TIMESTAMP,
  `create_user_id` varchar(25) NOT NULL,
  `last_update_user_id` varchar(30) DEFAULT NULL,
  `last_update_date` timestamp NULL DEFAULT NULL,
  `version` int(11) NOT NULL DEFAULT '0',
  PRIMARY KEY (`id`)
) ENGINE=InnoDB DEFAULT CHARSET=latin1;
/*!40101 SET character_set_client = @saved_cs_client */;

--
-- Dumping data for table `party_type`
--

LOCK TABLES `party_type` WRITE;
/*!40000 ALTER TABLE `party_type` DISABLE KEYS */;
INSERT INTO `party_type` VALUES (1,'person','','2010-06-17 06:32:44','system','system','2010-06-17 06:32:54',0),(2,'organization','','2010-06-17 06:32:44','system','system','2010-06-17 06:32:54',0);
/*!40000 ALTER TABLE `party_type` ENABLE KEYS */;
UNLOCK TABLES;

--
-- Table structure for table `party_site_type`
--

DROP TABLE IF EXISTS `party_site_type`;
/*!40101 SET @saved_cs_client     = @@character_set_client */;
/*!40101 SET character_set_client = utf8 */;
CREATE TABLE `party_site_type` (
  `id` smallint(6) unsigned NOT NULL,
  `name` varchar(50) DEFAULT NULL,
  `description` varchar(100) DEFAULT NULL,
  `create_date` timestamp NULL DEFAULT NULL,
  `create_user_id` varchar(30) DEFAULT NULL,
  `last_update_user_id` varchar(30) DEFAULT NULL,
  `last_update_date` timestamp NULL DEFAULT NULL,
  `version` int(11) DEFAULT '0',
  `default_flag` bit(1) DEFAULT NULL,
  `active_flag` bit(1) DEFAULT NULL,
  PRIMARY KEY (`id`)
) ENGINE=InnoDB DEFAULT CHARSET=latin1;
/*!40101 SET character_set_client = @saved_cs_client */;

--
-- Dumping data for table `party_site_type`
--

LOCK TABLES `party_site_type` WRITE;
/*!40000 ALTER TABLE `party_site_type` DISABLE KEYS */;
INSERT INTO `party_site_type` VALUES (1,'MAIN OFFICE','Office Address','2010-08-06 06:09:18','system','system','2010-08-06 06:09:33',0,'',''),(2,'BRANCH OFFICE','Branch Office','2010-08-06 06:09:18','system','system','2010-08-06 06:09:18',0,'\0',''),(3,'HOME','Home','2010-08-06 06:09:18','system','system','2010-08-06 06:09:18',0,'\0',''),(4,'SALES OFFICE','Sales Office Address','2010-08-06 06:09:18','system','system','2010-08-06 06:09:33',0,'\0',''),(5,'FACTORY SITE','Factory Site Address','2010-08-06 06:09:18','system','system','2010-08-06 06:09:33',0,'\0',''),(6,'FRANCHISE OFFICE','Franchise Office Address','2010-08-06 06:09:18','system','system','2010-08-06 06:09:33',0,'\0',''),(7,'CUSTOMER SERVICE OFFICE','Customer Service Address','2010-08-06 06:09:18','system','system','2010-08-06 06:09:33',0,'\0',''),(8,'AGENCY OFFICE','Agency Office','2010-08-06 06:09:18','system','system','2010-08-06 06:09:18',0,'\0','');
/*!40000 ALTER TABLE `party_site_type` ENABLE KEYS */;
UNLOCK TABLES;

--
-- Table structure for table `party_site`
--

DROP TABLE IF EXISTS `party_site`;
/*!40101 SET @saved_cs_client     = @@character_set_client */;
/*!40101 SET character_set_client = utf8 */;
CREATE TABLE `party_site` (
  `id` bigint(20) unsigned NOT NULL AUTO_INCREMENT,
  `address_id` bigint(20) unsigned NOT NULL,
  `party_site_type` smallint(6) unsigned NOT NULL,
  `party_id` bigint(20) unsigned NOT NULL,
  `active_flag` bit(1) DEFAULT NULL,
  `identifying_address_flag` bit(1) DEFAULT NULL,
  `timezone_id` mediumint(9) unsigned DEFAULT NULL,
  `version` int(11) NOT NULL DEFAULT '0',
  `last_update_user_id` varchar(100) DEFAULT NULL,
  `last_update_date` timestamp NULL DEFAULT NULL,
  `create_date` timestamp NULL DEFAULT NULL,
  `create_user_id` varchar(100) NOT NULL,
  `contact_name` varchar(100) DEFAULT NULL,
  `contact_title` varchar(50) DEFAULT NULL,
  `name` varchar(50) DEFAULT NULL,
  PRIMARY KEY (`id`),
  KEY `fk3b4039206ebf151a` (`address_id`),
  KEY `fk3b4039204b78cfda` (`party_id`),
  KEY `fk_party_site_is_for_party_site_type` (`party_site_type`),
  CONSTRAINT `fk_address_for_address` FOREIGN KEY (`address_id`) REFERENCES `address` (`id`),
  CONSTRAINT `fk_address_is_for_party` FOREIGN KEY (`party_id`) REFERENCES `party` (`party_id`),
  CONSTRAINT `fk_party_site_is_for_party_site_type` FOREIGN KEY (`party_site_type`) REFERENCES `party_site_type` (`id`) ON DELETE NO ACTION ON UPDATE NO ACTION
) ENGINE=InnoDB AUTO_INCREMENT=395 DEFAULT CHARSET=latin1;
/*!40101 SET character_set_client = @saved_cs_client */;

--
-- Dumping data for table `party_site`
--

LOCK TABLES `party_site` WRITE;
/*!40000 ALTER TABLE `party_site` DISABLE KEYS */;
INSERT INTO `party_site` VALUES (97,157,1,298,'',NULL,NULL,1,NULL,NULL,'2011-02-02 06:40:43','system','Sai Tax Consultants','Sai Tax Consultants','Sai Tax Consultants'),(98,158,3,300,'',NULL,NULL,2,NULL,NULL,'2011-02-02 06:56:59','system','Sagar','Best','Sagar Best'),(99,159,3,301,'',NULL,NULL,1,NULL,NULL,'2011-02-03 03:55:21','system','Ady','Vashisth','Ady Vashisth'),(100,160,1,302,'',NULL,NULL,0,NULL,NULL,'2011-02-03 03:59:38','system','John Peterson','Manager','St Lous Office,'),(101,161,2,302,'',NULL,NULL,0,NULL,NULL,'2011-02-03 04:09:00','system','John Peterson','Manager','Rt 28 Branch,'),(102,162,1,303,'',NULL,NULL,1,NULL,NULL,'2011-02-03 18:02:00','system','sadsaasdsa','sadsaasdsa','sadsaasdsa'),(103,163,1,304,'',NULL,NULL,0,NULL,NULL,'2011-02-03 18:02:01','system','sadsaasdsa','sadsaasdsa','sadsaasdsa'),(104,164,1,305,'',NULL,NULL,0,NULL,NULL,'2011-02-03 18:03:51','system','Savitri','Savitri','Savitri'),(105,165,4,299,'',NULL,NULL,4,NULL,NULL,'2011-02-04 01:12:59','system','John Peterson','Manager','St Lous Office,'),(106,166,1,306,'',NULL,NULL,0,NULL,NULL,'2011-02-04 01:24:06','system','Wali Assoiciates','Wali Assoiciates','Wali Assoiciates'),(107,167,3,307,'',NULL,NULL,0,NULL,NULL,'2011-02-04 01:29:09','system','Gangadhar','Wali','Gangadhar Wali'),(108,168,1,308,'',NULL,NULL,0,NULL,NULL,'2011-02-04 02:51:40','system','Transforce Financial Serices','Transforce Financial Serices','Transforce Financial Serices'),(109,169,3,309,'',NULL,NULL,0,NULL,NULL,'2011-02-04 02:55:55','system','JP','Bangalore','JP Bangalore'),(110,170,1,310,'',NULL,NULL,0,NULL,NULL,'2011-02-04 02:59:48','system','Delves Freer Anderson Raniga Caine','Delves Freer Anderson Raniga Caine','Delves Freer Anderson Raniga Caine'),(111,171,3,311,'',NULL,NULL,2,'rraniga@uniserve.com','2011-05-24 03:08:14','2011-02-04 03:01:55','system','Rajesh','Raniga','Rajesh Raniga'),(112,172,1,312,'',NULL,NULL,0,NULL,NULL,'2011-02-04 03:03:48','system','Aditya Finances','Aditya Finances','Aditya Finances'),(113,173,3,313,'',NULL,NULL,0,NULL,NULL,'2011-02-04 03:05:11','system','Aditya','Vashisth','Aditya Vashisth'),(114,174,1,314,'',NULL,NULL,0,NULL,NULL,'2011-02-04 03:07:03','system','Bannikal Brothers','Bannikal Brothers','Bannikal Brothers'),(115,175,3,315,'',NULL,NULL,3,'sagar_bannikal_098@yahoo.com','2011-07-18 12:44:02','2011-02-04 03:08:38','system','Sagar','Bannikal','Sagar Bannikal'),(116,176,1,316,'',NULL,NULL,0,NULL,NULL,'2011-02-04 03:10:53','system','Savitri Tax Consultants','Savitri Tax Consultants','Savitri Tax Consultants'),(117,177,3,317,'',NULL,NULL,0,NULL,NULL,'2011-02-04 03:12:23','system','Savitri','Panchamanavar','Savitri Panchamanavar'),(118,178,1,318,'',NULL,NULL,4,NULL,NULL,'2011-02-08 02:46:49','system','peter','Manager','St.Philos'),(120,180,1,320,'',NULL,NULL,1,NULL,NULL,'2011-02-08 05:26:24','system',NULL,NULL,NULL),(121,181,1,321,'',NULL,NULL,0,NULL,NULL,'2011-02-08 05:28:18','system',NULL,NULL,NULL),(122,182,3,322,'',NULL,NULL,1,NULL,NULL,'2011-02-08 05:51:41','system','Sue','Treen','Sue Treen'),(123,183,4,320,'',NULL,NULL,0,NULL,NULL,'2011-02-08 06:06:19','system','Elias Don','Bookkeeper','Sales,'),(124,184,3,323,'',NULL,NULL,0,NULL,NULL,'2011-02-08 14:38:56','system','Rohit','K','Rohit K'),(125,185,3,324,'',NULL,NULL,0,NULL,NULL,'2011-02-09 02:54:15','system','Rajesh','Raniga','Rajesh Raniga'),(126,186,3,325,'',NULL,NULL,0,NULL,NULL,'2011-02-09 02:54:16','system','Rajesh','Raniga','Rajesh Raniga'),(127,187,3,326,'',NULL,NULL,0,NULL,NULL,'2011-02-09 02:54:16','system','Rajesh','Raniga','Rajesh Raniga'),(128,188,2,330,'',NULL,NULL,0,NULL,NULL,'2011-02-09 04:20:17','system','Dhaksha','Manager','Banglore'),(129,189,2,327,'',NULL,NULL,0,NULL,NULL,'2011-02-09 04:56:30','system','Yadvinder','Loan manager','Surrey'),(130,190,1,332,'',NULL,NULL,0,NULL,NULL,'2011-02-09 06:43:57','system','Gudi Karakoona','Gudi Karakoona','Gudi Karakoona'),(131,191,3,333,'',NULL,NULL,0,NULL,NULL,'2011-02-09 06:55:40','system','Shrinivas','Gudi','Shrinivas Gudi'),(132,192,1,334,'',NULL,NULL,0,NULL,NULL,'2011-02-09 06:58:04','system',NULL,NULL,NULL),(133,193,3,335,'',NULL,NULL,0,NULL,NULL,'2011-02-09 07:03:56','system','Narayana','Murthy','Narayana Murthy'),(134,194,3,336,'',NULL,NULL,0,NULL,NULL,'2011-02-09 07:04:53','system','Ady','Sharma','Ady Sharma'),(135,195,3,337,'',NULL,NULL,0,NULL,NULL,'2011-02-10 06:41:01','system','Roshan','Reddy','Roshan Reddy'),(136,196,3,338,'',NULL,NULL,1,NULL,NULL,'2011-02-10 06:47:56','system','Rajeshker','Reddy','Rajeshker Reddy'),(137,197,3,339,'',NULL,NULL,0,NULL,NULL,'2011-02-10 06:49:46','system','Prashanth','Keni','Prashanth Keni'),(138,198,2,340,'',NULL,NULL,0,NULL,NULL,'2011-02-13 00:42:26','system','Sharma','manager','rt 28 branch'),(139,199,2,341,'',NULL,NULL,0,NULL,NULL,'2011-02-14 12:04:26','system','Richand','Manager','Blank Rome HO'),(140,200,3,342,'',NULL,NULL,0,NULL,NULL,'2011-02-15 04:46:31','system','John','Mahony','John Mahony'),(141,201,1,343,'',NULL,NULL,0,NULL,NULL,'2011-02-15 06:56:12','system','Patil Enterprises','Patil Enterprises','Patil Enterprises'),(142,202,3,344,'',NULL,NULL,2,'patil.anand677@gmail.com','2011-07-18 13:05:12','2011-02-15 07:00:03','system','Anand','Patil','Anand Patil'),(143,203,1,345,'',NULL,NULL,13,NULL,NULL,'2011-02-15 07:40:12','system',NULL,NULL,NULL),(144,204,3,346,'',NULL,NULL,8,'patil.anand677@gmail.com','2011-05-29 11:25:55','2011-02-15 07:49:51','system','sanjeev','B','sanjeev B'),(145,205,1,345,'',NULL,NULL,0,NULL,NULL,'2011-02-15 07:59:25','system','sales manager','manager','paris'),(146,208,3,347,'',NULL,NULL,5,'patil.anand677@gmail.com','2011-05-23 04:21:12','2011-02-15 08:20:44','system','sagar','p','sagar p'),(147,209,3,348,'',NULL,NULL,4,NULL,NULL,'2011-02-15 09:09:30','system','madival','sanglad','madival sanglad'),(148,210,2,345,'',NULL,NULL,0,NULL,NULL,'2011-02-15 09:41:05','system','basu','sales Manager','Richmond Circle'),(149,211,2,349,'',NULL,NULL,1,NULL,NULL,'2011-02-15 10:26:28','system','jaggu','cleark','Ram Nagar'),(150,212,2,351,'',NULL,NULL,3,NULL,NULL,'2011-02-15 10:34:23','system','shahi','supervoiser','SBI'),(151,213,8,353,'',NULL,NULL,0,NULL,NULL,'2011-02-15 10:41:52','system','uday','casheir','SBM'),(152,214,1,353,'',NULL,NULL,0,NULL,NULL,'2011-02-15 10:53:33','system','manju','Accountant','SBM'),(153,215,8,354,'',NULL,NULL,1,NULL,NULL,'2011-02-15 10:59:37','system','sanjay','casheir','SBI'),(154,216,3,355,'',NULL,NULL,1,NULL,NULL,'2011-02-15 11:39:23','system','ajay','gouda','ajay gouda'),(155,217,2,350,'',NULL,NULL,0,NULL,NULL,'2011-02-15 12:25:40','system','Raghu','Acoountant','Basaveshwar Nagar'),(156,221,1,357,'',NULL,NULL,0,NULL,NULL,'2011-02-16 04:11:43','system',NULL,NULL,NULL),(157,222,3,358,'',NULL,NULL,0,NULL,NULL,'2011-02-16 04:13:17','system','Ram','Kumar','Ram Kumar'),(158,223,3,359,'',NULL,NULL,0,NULL,NULL,'2011-02-16 04:34:38','system','Vasu','Murthy','Vasu Murthy'),(159,224,1,360,'',NULL,NULL,6,NULL,NULL,'2011-02-16 05:37:15','system','Shree Enterprises','Shree Enterprises','Shree Enterprises'),(160,225,1,361,'',NULL,NULL,1,NULL,NULL,'2011-02-16 06:09:02','system','anand Association','anand Association','anand Association'),(161,226,3,362,'',NULL,NULL,0,NULL,NULL,'2011-02-16 06:14:10','system','deepu','Rajputh','deepu Rajputh'),(162,227,3,363,'',NULL,NULL,0,NULL,NULL,'2011-02-16 06:19:57','system','deepu','Rajputh','deepu Rajputh'),(163,228,3,364,'',NULL,NULL,0,NULL,NULL,'2011-02-16 06:21:26','system','deepu','Rajputh','deepu Rajputh'),(164,229,3,365,'',NULL,NULL,1,NULL,NULL,'2011-02-16 06:33:50','system','anil','patil','anil patil'),(165,230,3,366,'',NULL,NULL,0,NULL,NULL,'2011-02-16 06:43:56','system','manju','sanglad','manju sanglad'),(166,233,2,350,'',NULL,NULL,0,NULL,NULL,'2011-02-16 09:28:22','system','manju','Accountant','Basaveshwar Nagar'),(167,234,1,367,'',NULL,NULL,0,NULL,NULL,'2011-02-16 09:55:49','system',NULL,NULL,NULL),(168,235,3,368,'',NULL,NULL,1,NULL,NULL,'2011-02-16 10:01:39','system','veeresh','Talloli','veeresh Talloli'),(169,236,3,369,'',NULL,NULL,1,NULL,NULL,'2011-02-16 10:06:29','system','rajesh','pandith','rajesh pandith'),(170,237,7,367,'',NULL,NULL,2,NULL,NULL,'2011-02-16 10:11:09','system','Srikanth','sales Manager','Basavana Gudi'),(171,239,1,370,'',NULL,NULL,0,NULL,NULL,'2011-02-16 13:19:54','system','patil\'s Association','patil\'s Association','patil\'s Association'),(172,240,3,371,'',NULL,NULL,3,'patil.anand677@gmail.com','2011-06-13 13:45:04','2011-02-16 13:28:43','system','basu','pujer','basu pujer'),(173,241,5,345,'',NULL,NULL,0,NULL,NULL,'2011-02-16 13:32:25','system','ramesh','supervisor','manjunath nagar'),(174,243,2,350,'',NULL,NULL,0,NULL,NULL,'2011-02-16 13:45:21','system','anand','manager','Basaveshwar Nagar'),(175,254,6,345,'\0',NULL,NULL,1,'patil.anand677@gmail.com','2011-07-30 10:36:36','2011-02-17 06:23:58','system','santhosh','manager','Hubli'),(176,257,3,372,'',NULL,NULL,6,NULL,NULL,'2011-02-17 07:26:19','system','Bhanu','','Bhanu '),(177,258,3,373,'',NULL,NULL,4,'patil.anand677@gmail.com','2011-05-25 10:26:34','2011-02-17 11:16:25','system','sanjeev','B','sanjeev B'),(178,259,4,345,'',NULL,NULL,1,NULL,NULL,'2011-02-17 11:45:54','system','santhosh','casheir','Basaveshwar Nagar'),(179,260,5,345,'',NULL,NULL,0,NULL,NULL,'2011-02-17 11:59:04','system','sourabh','Accountant','Shree Ram pur'),(180,262,3,374,'',NULL,NULL,0,NULL,NULL,'2011-02-17 12:54:10','system','Bhanu','','Bhanu '),(181,263,3,375,'',NULL,NULL,0,NULL,NULL,'2011-02-17 13:11:39','system','raju','sanglad','raju sanglad'),(182,285,3,376,'',NULL,NULL,0,NULL,NULL,'2011-02-18 06:31:16','system','roy','Rajputh','roy Rajputh'),(183,286,1,377,'',NULL,NULL,0,NULL,NULL,'2011-02-18 06:39:02','system','sandeep Association','sandeep Association','sandeep Association'),(184,296,1,378,'',NULL,NULL,0,NULL,NULL,'2011-02-18 12:15:54','system','Sadeep','Sadeep','Sadeep'),(185,297,3,379,'',NULL,NULL,0,NULL,NULL,'2011-02-18 12:17:55','system','raju','sanglad','raju sanglad'),(186,298,1,380,'',NULL,NULL,2,NULL,NULL,'2011-02-19 06:26:08','system',NULL,NULL,NULL),(187,299,3,381,'',NULL,NULL,0,NULL,NULL,'2011-02-19 07:16:55','system','raju','','raju '),(188,300,1,382,'',NULL,NULL,0,NULL,NULL,'2011-02-19 08:01:32','system',NULL,NULL,NULL),(189,301,4,345,'',NULL,NULL,1,NULL,NULL,'2011-02-19 13:26:38','system','sourabh','manager','Basaveshwar Nagar'),(190,302,8,345,'',NULL,NULL,0,NULL,NULL,'2011-02-21 05:20:23','system','balu','sales Manager','Jayanagar'),(191,303,8,345,'',NULL,NULL,0,NULL,NULL,'2011-02-21 06:04:23','system','raju','sales Manager','Jayanagar'),(192,313,3,383,'',NULL,NULL,0,NULL,NULL,'2011-02-21 08:46:55','system','sagar','patil','sagar patil'),(193,314,3,384,'',NULL,NULL,2,NULL,NULL,'2011-02-21 08:53:47','system','sandeep','','sandeep '),(194,315,3,385,'',NULL,NULL,1,NULL,NULL,'2011-02-21 09:03:42','system','madival','','madival '),(195,316,3,386,'',NULL,NULL,0,NULL,NULL,'2011-02-21 09:58:12','system','sandeep','sanglad','sandeep sanglad'),(196,317,3,387,'',NULL,NULL,1,NULL,NULL,'2011-02-21 09:59:21','system','sandeep','sanglad','sandeep sanglad'),(197,318,1,388,'',NULL,NULL,0,NULL,NULL,'2011-02-21 10:05:02','system','anand','anand','anand'),(198,319,1,389,'',NULL,NULL,0,NULL,NULL,'2011-02-21 10:05:12','system','anand','anand','anand'),(199,320,3,390,'',NULL,NULL,0,NULL,NULL,'2011-02-21 10:28:39','system','raju','','raju '),(200,321,3,391,'',NULL,NULL,1,NULL,NULL,'2011-02-21 10:30:16','system','raju','','raju '),(201,322,3,392,'',NULL,NULL,0,NULL,NULL,'2011-02-21 10:34:27','system','raju','Rajputh','raju Rajputh'),(202,323,3,393,'',NULL,NULL,0,NULL,NULL,'2011-02-21 10:57:38','system','sandeep','','sandeep '),(203,324,3,394,'',NULL,NULL,0,NULL,NULL,'2011-02-21 11:21:54','system','sandeep','patil','sandeep patil'),(204,325,3,395,'',NULL,NULL,0,NULL,NULL,'2011-02-21 11:23:34','system','sandeep','patil','sandeep patil'),(205,326,3,396,'',NULL,NULL,1,NULL,NULL,'2011-02-21 11:24:39','system','sandeep','patil','sandeep patil'),(206,327,1,397,'',NULL,NULL,3,NULL,NULL,'2011-02-22 12:22:48','system',NULL,NULL,NULL),(207,328,3,398,'',NULL,NULL,1,NULL,NULL,'2011-02-23 12:39:56','system','madival','','madival '),(208,329,2,345,'',NULL,NULL,3,NULL,NULL,'2011-02-23 13:07:18','system','raju','14563454','SBI'),(209,330,3,345,'',NULL,NULL,0,NULL,NULL,'2011-02-23 13:11:21','system','14214342','14@#$%1211','12345@#$%%'),(210,331,3,399,'',NULL,NULL,1,NULL,NULL,'2011-02-23 13:15:11','system','145@#$%ada','ds@#$1452','145@#$%ada ds@#$1452'),(211,333,1,400,'',NULL,NULL,0,NULL,NULL,'2011-02-24 06:38:39','system',NULL,NULL,NULL),(212,334,1,401,'',NULL,NULL,0,NULL,NULL,'2011-02-24 09:50:45','system',NULL,NULL,NULL),(213,335,3,402,'',NULL,NULL,1,NULL,NULL,'2011-02-24 11:18:17','system','145@#$%ada','@$@$dff123','145@#$%ada @$@$dff123'),(214,336,2,345,'',NULL,NULL,0,NULL,NULL,'2011-02-24 12:59:08','system','@#$sdsfd4435','123sfdg#@$%','12345@#$%%'),(215,340,3,403,'',NULL,NULL,2,'sagar_bannikal_098@yahoo.com','2011-04-15 12:20:06','2011-02-25 05:27:47','system','SagarsagaRSagarsagaRSagarsagaRSagarsagaR','k','SagarsagaRSagarsagaRSagarsagaRSagarsagaR k'),(216,341,1,404,'',NULL,NULL,2,NULL,NULL,'2011-02-26 23:15:00','system',NULL,NULL,'Kamal Nagar'),(217,346,3,405,'',NULL,NULL,0,NULL,NULL,'2011-02-27 07:21:41','system','44543@$@fg','1324SFS@$45','44543@$@fg 1324SFS@$45'),(218,347,3,406,'',NULL,NULL,0,NULL,NULL,'2011-02-28 13:06:47','system','1317asd@#$','@$@$dff123','1317asd@#$ @$@$dff123'),(219,348,1,407,'',NULL,NULL,3,NULL,NULL,'2011-02-28 14:21:27','system','13@$$@','13@$$@','13@$$@'),(220,349,1,408,'',NULL,NULL,8,NULL,NULL,'2011-02-28 14:25:21','system','467@#$saj','467@#$saj','467@#$saj'),(221,350,1,409,'',NULL,NULL,1,NULL,NULL,'2011-02-28 15:05:14','system','467@#$saj','467@#$saj','467@#$saj'),(222,351,1,410,'',NULL,NULL,3,NULL,NULL,'2011-03-01 05:11:17','system','135466','135466','135466'),(223,352,1,411,'',NULL,NULL,0,NULL,NULL,'2011-03-01 06:54:01','system',NULL,NULL,NULL),(224,355,2,345,'',NULL,NULL,1,NULL,NULL,'2011-03-01 12:18:32','system','13235435','3425$#$#$%','@$%%^^@^'),(228,364,3,415,'',NULL,NULL,0,NULL,NULL,'2011-03-01 13:41:25','system','133413413','1313131','133413413 1313131'),(229,367,3,416,'',NULL,NULL,4,'sagar_bannikal_098@yahoo.com','2011-07-02 11:13:27','2011-03-01 13:53:42','system','Tanveer  aaaaaaaaaaaaaaaaaaaaaaaaaaaaaaaaaaaaa','k','Tanveer  aaaaaaaaaaaaaaaaaaaaaaaaaaaaaaaaaaaaa k'),(230,368,3,417,'',NULL,NULL,0,NULL,NULL,'2011-03-01 14:02:16','system','Shanti','','Shanti '),(232,370,1,419,'',NULL,NULL,0,NULL,NULL,'2011-03-01 14:06:09','system','Accenture','Accenture','Accenture'),(233,371,3,420,'',NULL,NULL,0,NULL,NULL,'2011-03-01 14:07:54','system','Shanti','','Shanti '),(234,372,3,421,'',NULL,NULL,0,NULL,NULL,'2011-03-02 03:57:09','system','Preety','','Preety '),(236,374,3,423,'',NULL,NULL,0,NULL,NULL,'2011-03-02 06:06:35','system','1317asd@#$','@$@$dff123','1317asd@#$ @$@$dff123'),(237,382,1,424,'',NULL,NULL,0,NULL,NULL,'2011-03-08 12:22:20','system',NULL,NULL,NULL),(238,383,3,425,'',NULL,NULL,0,NULL,NULL,'2011-03-08 13:07:57','system','paru','patil','paru patil'),(239,384,3,426,'',NULL,NULL,0,NULL,NULL,'2011-03-08 13:26:51','system','raju','sanglad','raju sanglad'),(240,385,3,427,'',NULL,NULL,0,NULL,NULL,'2011-03-08 13:57:59','system','sandeep','Rajputh','sandeep Rajputh'),(241,386,2,424,'',NULL,NULL,0,NULL,NULL,'2011-03-08 14:18:00','system',NULL,NULL,'Basaveshwar Nagar'),(242,391,3,428,'',NULL,NULL,0,NULL,NULL,'2011-03-10 05:52:58','system','sandeep','patil','sandeep patil'),(243,392,3,429,'',NULL,NULL,0,NULL,NULL,'2011-03-10 05:55:59','system','sandeep','patil','sandeep patil'),(244,394,3,430,'',NULL,NULL,0,NULL,NULL,'2011-03-11 05:17:09','system','Anand','Patil','Anand Patil'),(245,395,1,431,'\0',NULL,NULL,1,NULL,'2011-04-11 12:23:25','2011-03-11 06:03:56','system',NULL,NULL,NULL),(246,396,3,432,'',NULL,NULL,0,NULL,NULL,'2011-03-11 06:12:08','system','sagar','patil','sagar patil'),(247,397,2,431,'',NULL,NULL,0,NULL,NULL,'2011-03-11 06:28:31','system',NULL,NULL,'Richmand Circle'),(248,399,3,433,'',NULL,NULL,0,NULL,NULL,'2011-04-03 09:06:27','system','hfdhh','bxbfc','hfdhh bxbfc'),(249,400,3,434,'',NULL,NULL,0,NULL,NULL,'2011-04-03 09:06:31','system','hfdhh','bxbfc','hfdhh bxbfc'),(250,401,1,435,'',NULL,NULL,0,NULL,NULL,'2011-04-03 09:51:51','system',NULL,NULL,NULL),(251,402,3,436,'',NULL,NULL,0,NULL,NULL,'2011-04-03 13:14:17','system','manju','patil','manju patil'),(252,403,3,437,'',NULL,NULL,2,'patil.anand677@gmail.com','2011-05-29 13:34:10','2011-04-03 13:33:02','system','Rajesh','p','Rajesh p'),(253,404,1,438,'',NULL,NULL,0,NULL,NULL,'2011-04-04 05:38:51','system',NULL,NULL,NULL),(254,405,3,439,'',NULL,NULL,1,NULL,NULL,'2011-04-04 07:12:57','system','manjU','Gouda','manjU Gouda'),(255,406,3,440,'',NULL,NULL,0,NULL,NULL,'2011-04-04 07:20:58','system','umesh','patil','umesh patil'),(256,407,7,345,'',NULL,NULL,0,NULL,NULL,'2011-04-04 07:53:12','system',NULL,NULL,'Basaveshwar Nagar'),(257,414,3,441,'',NULL,NULL,0,NULL,NULL,'2011-04-05 12:59:03','system','raju','patil','raju patil'),(258,415,3,442,'',NULL,NULL,4,'patil.anand677@gmail.com','2011-04-16 11:15:04','2011-04-06 07:38:55','system','sagar','patil','sagar patil'),(259,417,1,444,'',NULL,NULL,0,NULL,NULL,'2011-04-06 10:31:37','system','anandsggggggggggggggggsdfdfs','anandsggggggggggggggggsdfdfs','anandsggggggggggggggggsdfdfs'),(260,418,3,445,'',NULL,NULL,0,NULL,NULL,'2011-04-06 11:43:12','system','sandeepfdgggggggggggggggggggggg','patilgd','sandeepfdgggggggggggggggggggggg patilgd'),(261,419,3,446,'',NULL,NULL,0,NULL,NULL,'2011-04-06 11:45:40','system','sandeepfdgggggggggggggggggggggg','patil','sandeepfdgggggggggggggggggggggg patil'),(262,420,2,345,'',NULL,NULL,1,NULL,NULL,'2011-04-06 11:55:25','system',NULL,NULL,'asffffffffffffffffffffffffffffffffffffffsgdddddddd'),(263,421,1,345,'\0',NULL,NULL,2,'patil.anand677@gmail.com','2011-06-15 06:37:44','2011-04-06 12:01:40','system',NULL,NULL,'asffffffffffffffffffffffffffffffffffffffgggggg'),(265,423,2,345,'',NULL,NULL,0,NULL,NULL,'2011-04-07 06:00:18','system',NULL,NULL,'asffffffffffffffffffffffffffffffffffffffnnn'),(266,426,3,447,'',NULL,NULL,6,NULL,NULL,'2011-04-07 10:34:28','system','sandeep','patilqwertyuioplkjhgfdsazxcvbnmlkjhgfdsat','sandeep patilqwertyuioplkjhgfdsazxcvbnmlkjhgfdsat'),(267,427,1,448,'',NULL,NULL,2,NULL,NULL,'2011-04-07 10:54:38','system','anand','anand','anand'),(268,433,3,449,'',NULL,NULL,0,NULL,NULL,'2011-04-10 09:37:19','system','PreetyPreetyPreetyPreetyPreetyPreetyPreety','Gouda','PreetyPreetyPreetyPreetyPreetyPreetyPreety Gouda'),(269,434,1,431,'',NULL,NULL,2,NULL,NULL,'2011-04-11 11:02:49','system',NULL,NULL,'Sai Devepemetsh'),(271,436,1,451,'',NULL,NULL,0,NULL,NULL,'2011-04-11 11:14:35','system',NULL,NULL,NULL),(272,437,1,452,'',NULL,NULL,0,NULL,NULL,'2011-04-11 11:17:22','system',NULL,NULL,NULL),(273,438,1,453,'',NULL,NULL,0,NULL,NULL,'2011-04-11 11:19:30','system',NULL,NULL,NULL),(274,440,1,454,'',NULL,NULL,2,'anand@gmail.com','2011-04-12 05:57:15','2011-04-12 05:57:10','system','Accenture','Accenture','Accenture'),(275,441,1,455,'',NULL,NULL,6,'anand@gmail.com','2011-04-12 06:26:24','2011-04-12 06:25:25','system','Tranfer Indiag','Tranfer Indiag','Tranfer Indiag'),(276,442,1,456,'',NULL,NULL,2,'anand@gmail.com','2011-04-12 07:54:40','2011-04-12 07:54:37','system','Best Buy inc','Best Buy inc','Best Buy inc'),(277,443,3,457,'',NULL,NULL,2,'anand@gmail.com','2011-04-12 07:55:50','2011-04-12 07:55:47','system','Shanti','William','Shanti William'),(278,444,1,458,'',NULL,NULL,2,'patil.anand677@gmail.com','2011-04-13 05:16:03','2011-04-13 05:16:00','system','fdjfkf','fdjfkf','fdjfkf'),(291,457,3,472,'',NULL,NULL,2,'patil.anand677@gmail.com','2011-04-14 05:23:05','2011-04-14 05:22:59','system','anand','patil','anand patil'),(292,458,1,473,'',NULL,NULL,6,'patil.anand677@gmail.com','2011-04-14 05:31:47','2011-04-14 05:28:37','system','sandeep','sandeep','sandeep'),(293,459,3,474,'',NULL,NULL,2,'patil.anand677@gmail.com','2011-04-14 05:50:05','2011-04-14 05:50:00','system','anand','patil','anand patil'),(294,460,1,475,'',NULL,NULL,2,'patil.anand677@gmail.com','2011-04-14 05:52:10','2011-04-14 05:52:08','system','sandeep','sandeep','sandeep'),(295,461,3,476,'',NULL,NULL,2,'patil.anand677@gmail.com','2011-04-14 06:08:43','2011-04-14 06:08:38','system','anand','patil','anand patil'),(298,464,1,479,'',NULL,NULL,2,'patil.anand677@gmail.com','2011-04-15 05:19:46','2011-04-15 05:19:41','system','sandeep','sandeep','sandeep'),(299,467,3,482,'',NULL,NULL,4,'patil.anand677@gmail.com','2011-04-15 12:11:36','2011-04-15 12:10:37','system','anandanand','patil','anandanand patil'),(300,468,3,483,'',NULL,NULL,4,'patil.anand677@gmail.com','2011-04-15 12:49:57','2011-04-15 12:49:32','system','anandanandanandanandanandanandanandanandan','patil','anandanandanandanandanandanandanandanandan patil'),(301,469,1,484,'',NULL,NULL,6,'patil.anand677@gmail.com','2011-04-15 12:58:40','2011-04-15 12:56:29','system','anand','anand','anand'),(302,470,3,485,'',NULL,NULL,2,'patil.anand677@gmail.com','2011-04-16 05:51:55','2011-04-16 05:51:51','system','anand','patil','anand patil'),(303,471,3,486,'',NULL,NULL,2,'patil.anand677@gmail.com','2011-04-16 05:54:47','2011-04-16 05:54:44','system','anand','patil','anand patil'),(304,472,3,487,'',NULL,NULL,2,'patil.anand677@gmail.com','2011-04-16 06:47:35','2011-04-16 06:47:31','system','sagar','p','sagar p'),(305,473,1,488,'',NULL,NULL,2,'patil.anand677@gmail.com','2011-04-16 07:46:04','2011-04-16 07:46:01','system','sandeep','sandeep','sandeep'),(306,474,3,489,'',NULL,NULL,2,'patil.anand677@gmail.com','2011-04-16 11:10:08','2011-04-16 11:10:04','system','anand','patil','anand patil'),(307,475,3,490,'',NULL,NULL,2,'patil.anand677@gmail.com','2011-04-16 11:28:49','2011-04-16 11:28:45','system','Manju','Rajput','Manju Rajput'),(308,476,3,491,'',NULL,NULL,2,'patil.anand677@gmail.com','2011-04-16 11:31:27','2011-04-16 11:31:23','system','Manju','Rajput','Manju Rajput'),(309,477,3,492,'',NULL,NULL,2,'patil.anand677@gmail.com','2011-04-16 11:45:18','2011-04-16 11:45:14','system','Manju','Rajput','Manju Rajput'),(310,478,1,493,'',NULL,NULL,2,'patil.anand677@gmail.com','2011-04-18 10:24:29','2011-04-18 10:24:25','system','sandeep','sandeep','sandeep'),(311,479,3,494,'',NULL,NULL,2,'patil.anand677@gmail.com','2011-04-18 10:26:18','2011-04-18 10:26:14','system','anand','patil','anand patil'),(312,480,3,495,'',NULL,NULL,2,'patil.anand677@gmail.com','2011-04-18 10:27:02','2011-04-18 10:26:59','system','anand','patil','anand patil'),(313,481,3,496,'',NULL,NULL,2,'patil.anand677@gmail.com','2011-04-19 05:13:33','2011-04-19 05:13:30','system','anand','patil','anand patil'),(314,483,1,497,'',NULL,NULL,2,'patil.anand677@gmail.com','2011-04-25 05:55:13','2011-04-25 05:55:09','system','sandeep','sandeep','sandeep'),(315,484,1,498,'',NULL,NULL,2,'patil.anand677@gmail.com','2011-04-25 11:19:16','2011-04-25 11:19:12','system','sandeep','sandeep','sandeep'),(316,487,3,499,'',NULL,NULL,2,'patil.anand677@gmail.com','2011-04-25 12:56:54','2011-04-25 12:56:50','system','anand','patil','anand patil'),(317,488,1,500,'',NULL,NULL,2,'patil.anand677@gmail.com','2011-04-26 13:37:44','2011-04-26 13:37:41','system','sandeep','sandeep','sandeep'),(318,489,1,501,'',NULL,NULL,2,'anand@gmail.com','2011-04-30 05:08:17','2011-04-30 05:08:13','system','sagar','sagar','sagar'),(319,500,1,502,'',NULL,NULL,2,'patil.anand677@gmail.com','2011-05-14 04:10:52','2011-05-14 04:10:45','system','anil pvt Ltd','anil pvt Ltd','anil pvt Ltd'),(320,501,1,506,'',NULL,NULL,2,'sagar_bannikal_098@yahoo.com','2011-05-15 17:24:14','2011-05-15 17:24:04','system',NULL,NULL,NULL),(321,502,1,507,'',NULL,NULL,2,'sagar_bannikal_098@yahoo.com','2011-05-16 12:21:40','2011-05-16 12:21:31','system',NULL,NULL,NULL),(325,507,1,511,'',NULL,NULL,2,'sagar_bannikal_098@yahoo.com','2011-05-23 23:58:58','2011-05-23 23:58:45','system',NULL,NULL,NULL),(326,508,1,512,'',NULL,NULL,2,'patil.anand677@gmail.com','2011-05-25 06:58:34','2011-05-25 06:58:20','system','anil pvt Ltd','anil pvt Ltd','anil pvt Ltd'),(327,509,3,513,'',NULL,NULL,2,'patil.anand677@gmail.com','2011-05-25 09:31:37','2011-05-25 09:31:24','system','sanjeev','B','sanjeev B'),(328,510,3,514,'',NULL,NULL,2,'patil.anand677@gmail.com','2011-05-25 09:37:48','2011-05-25 09:37:34','system','sanjeev','B','sanjeev B'),(329,516,3,515,'',NULL,NULL,2,'patil.anand677@gmail.com','2011-05-27 06:48:16','2011-05-27 06:48:11','system','anandanandanandanandanandanandanandanandanandwqw','p','anandanandanandanandanandanandanandanandanandwqw p'),(330,517,1,516,'',NULL,NULL,2,'sagar_bannikal_098@yahoo.com','2011-05-27 13:44:18','2011-05-27 13:44:12','system',NULL,NULL,NULL),(331,522,1,517,'',NULL,NULL,2,'patil.anand677@gmail.com','2011-05-31 05:18:39','2011-05-31 05:18:28','system',NULL,NULL,NULL),(332,523,1,518,'',NULL,NULL,2,'sagar_bannikal_098@yahoo.com','2011-06-01 11:45:50','2011-06-01 11:45:35','system','Rajesh rc','Rajesh rc','Rajesh rc'),(335,534,3,521,'',NULL,NULL,2,'patil.anand677@gmail.com','2011-06-06 07:45:53','2011-06-06 07:45:49','system','Anil','Patil','Anil Patil'),(336,535,3,522,'',NULL,NULL,2,'patil.anand677@gmail.com','2011-06-06 10:07:15','2011-06-06 10:07:11','system','sagar','p','sagar p'),(337,536,3,523,'',NULL,NULL,2,'patil.anand677@gmail.com','2011-06-06 10:30:31','2011-06-06 10:30:27','system','Anil','B','Anil B'),(339,542,3,525,'',NULL,NULL,2,'patil.anand677@gmail.com','2011-06-06 11:43:38','2011-06-06 11:43:34','system','sanjeev','Patil','sanjeev Patil'),(340,543,3,526,'',NULL,NULL,2,'patil.anand677@gmail.com','2011-06-06 11:47:24','2011-06-06 11:47:21','system','manju','g','manju g'),(341,544,1,527,'',NULL,NULL,2,'patil.anand677@gmail.com','2011-06-06 14:17:30','2011-06-06 14:17:26','system',NULL,NULL,NULL),(342,545,3,528,'',NULL,NULL,2,'patil.anand677@gmail.com','2011-06-08 07:32:18','2011-06-08 07:32:12','system','Anil','B','Anil B'),(343,546,2,345,'',NULL,NULL,2,'patil.anand677@gmail.com','2011-06-08 07:37:12','2011-06-08 07:37:11','system',NULL,NULL,'jayanagar'),(344,551,1,529,'',NULL,NULL,2,'rraniga@uniserve.com','2011-06-09 01:34:18','2011-06-09 01:34:13','system',NULL,NULL,NULL),(345,552,3,530,'',NULL,NULL,2,'rraniga@uniserve.com','2011-06-09 01:49:17','2011-06-09 01:49:11','system','John ','McDonald','John  McDonald'),(346,553,1,529,'',NULL,NULL,2,'rraniga@uniserve.com','2011-06-09 02:09:19','2011-06-09 02:09:19','system',NULL,NULL,'Main Street'),(347,558,3,345,'',NULL,NULL,2,'patil.anand677@gmail.com','2011-06-11 13:07:41','2011-06-11 13:07:41','system',NULL,NULL,'jayanagar'),(348,559,3,531,'',NULL,NULL,6,'patil.anand677@gmail.com','2011-06-11 14:06:30','2011-06-11 14:04:57','system','anand','Patil','anand Patil'),(349,560,3,532,'',NULL,NULL,2,'patil.anand677@gmail.com','2011-06-13 12:48:35','2011-06-13 12:48:29','system','Anil','Patil','Anil Patil'),(350,561,3,533,'',NULL,NULL,2,'patil.anand677@gmail.com','2011-06-13 13:21:12','2011-06-13 13:21:06','system','Apoorva','D','Apoorva D'),(351,562,2,404,'',NULL,NULL,2,'sagar_bannikal_098@yahoo.com','2011-06-14 04:01:15','2011-06-14 04:01:15','system',NULL,NULL,'Rajajinagar'),(352,563,3,534,'',NULL,NULL,2,'patil.anand677@gmail.com','2011-06-14 10:45:02','2011-06-14 10:44:56','system','shivu','D','shivu D'),(353,565,5,345,'',NULL,NULL,2,'patil.anand677@gmail.com','2011-06-15 10:26:00','2011-06-15 10:25:59','system',NULL,NULL,'jayanagar'),(354,575,1,299,'',NULL,NULL,2,'admin@firm.com','2011-06-21 06:44:48','2011-06-21 06:44:48','system',NULL,NULL,'apoorva'),(355,576,3,536,'',NULL,NULL,4,'admin@firm.com','2011-06-21 07:06:56','2011-06-21 06:55:13','system','apoorva','dhanvanthri','apoorva dhanvanthri'),(356,581,3,537,'',NULL,NULL,2,'admin@firm.com','2011-06-21 07:08:07','2011-06-21 07:08:02','system','apoorvada','dhanvanthri','apoorvada dhanvanthri'),(357,582,3,538,'',NULL,NULL,2,'patil.anand677@gmail.com','2011-06-21 13:34:59','2011-06-21 13:34:53','system','anand','Patil','anand Patil'),(358,583,3,539,'',NULL,NULL,2,'patil.anand677@gmail.com','2011-06-24 11:43:19','2011-06-24 11:43:14','system','Anil','Patil','Anil Patil'),(359,596,1,540,'',NULL,NULL,2,'sagar_bannikal_098@yahoo.com','2011-06-26 14:02:58','2011-06-26 14:02:46','system',NULL,NULL,NULL),(360,599,1,404,'',NULL,NULL,2,'sagar_bannikal_098@yahoo.com','2011-06-28 06:08:57','2011-06-28 06:08:57','system',NULL,NULL,'apoorva'),(367,606,3,552,'',NULL,NULL,2,'patil.anand677@gmail.com','2011-06-28 13:14:14','2011-06-28 13:14:08','system','Anil','Patil','Anil Patil'),(368,607,3,553,'',NULL,NULL,2,'sagar_bannikal_098@yahoo.com','2011-06-28 13:23:00','2011-06-28 13:22:53','system','saaaaaaaaaa','Chavan','saaaaaaaaaa Chavan'),(369,608,3,554,'',NULL,NULL,2,'sagar_bannikal_098@yahoo.com','2011-06-30 06:24:55','2011-06-30 06:24:46','system','reta','Chavan','reta Chavan'),(370,611,3,555,'',NULL,NULL,2,'patil.anand677@gmail.com','2011-06-30 10:39:36','2011-06-30 10:39:31','system','sourabh','p','sourabh p'),(372,615,3,557,'',NULL,NULL,2,'patil.anand677@gmail.com','2011-06-30 11:22:57','2011-06-30 11:22:52','system','umesh','Patil','umesh Patil'),(373,616,3,558,'',NULL,NULL,2,'admin@firm.com','2011-07-01 06:40:45','2011-07-01 06:40:38','system','Jonn','Spare','Jonn Spare'),(374,622,3,560,'',NULL,NULL,2,'anand@gmail.com','2011-07-03 06:34:03','2011-07-03 06:33:55','system','vijay','T','vijay T'),(375,623,3,561,'',NULL,NULL,2,'anand@gmail.com','2011-07-03 06:53:58','2011-07-03 06:53:50','system','santhosh','patil','santhosh patil'),(376,624,3,562,'',NULL,NULL,2,'sagar_bannikal_098@yahoo.com','2011-07-03 07:10:14','2011-07-03 07:10:07','system','staff of SAI lmt','Chavan','staff of SAI lmt Chavan'),(377,625,1,563,'',NULL,NULL,2,'sagar_bannikal_098@yahoo.com','2011-07-04 06:46:07','2011-07-04 06:46:01','system',NULL,NULL,NULL),(378,626,3,564,'',NULL,NULL,2,'patil.anand677@gmail.com','2011-07-07 11:41:56','2011-07-07 11:41:48','system','Anil','Patil','Anil Patil'),(379,630,1,566,'',NULL,NULL,2,'rraniga@uniserve.com','2011-07-13 21:41:35','2011-07-13 21:41:28','system',NULL,NULL,NULL),(380,631,3,567,'',NULL,NULL,2,'rraniga@uniserve.com','2011-07-13 21:46:07','2011-07-13 21:46:01','system','Yvonne','Wong','Yvonne Wong'),(381,632,3,568,'',NULL,NULL,2,'patil.anand677@gmail.com','2011-07-17 12:54:11','2011-07-17 12:53:43','system','anandanandanandanandanandanandanandanan','p','anandanandanandanandanandanandanandanan p'),(382,633,3,569,'',NULL,NULL,2,'sagar_bannikal_098@yahoo.com','2011-07-18 13:00:33','2011-07-18 13:00:15','system','apoorva','dhanvantri','apoorva dhanvantri'),(383,634,3,570,'',NULL,NULL,2,'patil.anand677@gmail.com','2011-07-18 13:21:34','2011-07-18 13:21:16','system','anand','p','anand p'),(384,635,3,571,'',NULL,NULL,2,'apoorvada@yahoo.com','2011-07-19 07:04:44','2011-07-19 07:04:20','system','Apoorva','dhanvanthri','Apoorva dhanvanthri'),(385,636,3,572,'',NULL,NULL,2,'patil.anand677@gmail.com','2011-07-19 11:53:25','2011-07-19 11:53:06','system','anand','Gouda','anand Gouda'),(386,637,1,573,'',NULL,NULL,2,'patil.anand677@gmail.com','2011-07-21 12:03:20','2011-07-21 12:03:14','system','sourabh','sourabh','sourabh'),(387,638,1,345,'\0',NULL,NULL,3,'patil.anand677@gmail.com','2011-07-21 12:19:42','2011-07-21 12:18:57','system',NULL,NULL,'Jayanagar'),(388,639,3,574,'',NULL,NULL,2,'patil.anand677@gmail.com','2011-07-22 09:16:50','2011-07-22 09:16:44','system','manju','G','manju G'),(389,640,1,575,'',NULL,NULL,2,'sagar_bannikal_098@yahoo.com','2011-07-24 12:33:26','2011-07-24 12:33:14','system','sanjeevkumar','sanjeevkumar','sanjeevkumar'),(390,641,1,576,'',NULL,NULL,2,'sagar_bannikal_098@yahoo.com','2011-07-24 12:33:43','2011-07-24 12:33:31','system','sanjeevkumar','sanjeevkumar','sanjeevkumar'),(391,643,1,577,'',NULL,NULL,2,'admin@firm.com','2011-07-29 07:15:34','2011-07-29 07:15:19','system',NULL,NULL,NULL),(392,644,3,578,'',NULL,NULL,2,'patil.anand677@gmail.com','2011-07-29 09:51:29','2011-07-29 09:51:14','system','Raju','B','Raju B'),(393,645,1,579,'',NULL,NULL,2,'patil.anand677@gmail.com','2011-07-29 10:14:25','2011-07-29 10:14:11','system','Rajesh','Rajesh','Rajesh'),(394,646,1,580,'',NULL,NULL,2,'patil.anand677@gmail.com','2011-07-29 10:28:58','2011-07-29 10:28:43','system','Rajesh Association ','Rajesh Association ','Rajesh Association ');
/*!40000 ALTER TABLE `party_site` ENABLE KEYS */;
UNLOCK TABLES;

--
-- Table structure for table `party`
--

DROP TABLE IF EXISTS `party`;
/*!40101 SET @saved_cs_client     = @@character_set_client */;
/*!40101 SET character_set_client = utf8 */;
CREATE TABLE `party` (
  `party_id` bigint(20) unsigned NOT NULL AUTO_INCREMENT,
  `name` varchar(60) DEFAULT NULL,
  `party_type_cd` varchar(25) DEFAULT NULL,
  `active_flag` bit(1) DEFAULT NULL,
  `start_date` date DEFAULT NULL,
  `end_date` date DEFAULT NULL,
  `create_user_id` varchar(30) DEFAULT NULL,
  `create_date` timestamp NULL DEFAULT NULL,
  `last_update_user_id` varchar(30) DEFAULT NULL,
  `last_update_date` timestamp NULL DEFAULT NULL,
  `juridisction` mediumint(8) unsigned DEFAULT NULL,
  `timezone` tinyint(4) unsigned DEFAULT NULL,
  `memo` text,
  `party_type` tinyint(3) unsigned DEFAULT NULL,
  `version` int(11) NOT NULL DEFAULT '0',
  `language` tinyint(4) unsigned DEFAULT NULL,
  PRIMARY KEY (`party_id`),
  KEY `fk_party_is_for_party_type` (`party_type`),
  KEY `fk_party_has_language` (`language`),
  KEY `fk_party_is_in_timezone` (`timezone`),
  KEY `fk_party_is_in_jurisdiction` (`juridisction`),
  CONSTRAINT `fk_party_has_language` FOREIGN KEY (`language`) REFERENCES `language` (`id`),
  CONSTRAINT `fk_party_has_party_type` FOREIGN KEY (`party_type`) REFERENCES `party_type` (`id`),
  CONSTRAINT `fk_party_is_in_jurisdiction` FOREIGN KEY (`juridisction`) REFERENCES `jurisdiction` (`id`),
  CONSTRAINT `fk_party_is_in_timezone` FOREIGN KEY (`timezone`) REFERENCES `timezone` (`id`)
) ENGINE=InnoDB AUTO_INCREMENT=581 DEFAULT CHARSET=latin1;
/*!40101 SET character_set_client = @saved_cs_client */;

--
-- Dumping data for table `party`
--

LOCK TABLES `party` WRITE;
/*!40000 ALTER TABLE `party` DISABLE KEYS */;
INSERT INTO `party` VALUES (298,'Sai Tax Consultants',NULL,'\0',NULL,NULL,'system','2011-02-02 06:40:43',NULL,'2011-02-03 18:07:13',NULL,NULL,NULL,2,2,NULL),(299,'John Deere',NULL,'',NULL,NULL,'system','2011-02-02 06:54:41','admin@firm.com','2011-06-21 06:44:48',NULL,NULL,NULL,2,3,NULL),(300,'Sagar Best',NULL,'',NULL,NULL,'system','2011-02-02 06:56:59','admin@firm.com','2011-07-29 07:32:37',NULL,NULL,NULL,1,12,NULL),(301,'Ady Vashisth',NULL,'',NULL,NULL,'system','2011-02-03 03:55:21',NULL,NULL,NULL,NULL,NULL,1,1,NULL),(302,'Bank of America',NULL,'',NULL,NULL,'system','2011-02-03 03:56:36',NULL,NULL,NULL,NULL,NULL,2,2,NULL),(303,'sadsaasdsa',NULL,'\0',NULL,NULL,'system','2011-02-03 18:02:00',NULL,'2011-02-03 18:05:06',NULL,NULL,NULL,2,2,NULL),(304,'sadsaasdsa',NULL,'\0',NULL,NULL,'system','2011-02-03 18:02:01',NULL,'2011-02-03 18:06:56',NULL,NULL,NULL,2,1,NULL),(305,'Savitri',NULL,'',NULL,NULL,'system','2011-02-03 18:03:51',NULL,NULL,NULL,NULL,NULL,2,0,NULL),(306,'Wali Assoiciates',NULL,'',NULL,NULL,'system','2011-02-04 01:24:06',NULL,NULL,NULL,NULL,NULL,2,0,NULL),(307,'Gangadhar Wali',NULL,'',NULL,NULL,'system','2011-02-04 01:29:09',NULL,NULL,NULL,NULL,NULL,1,0,NULL),(308,'Transforce Financial Serices',NULL,'',NULL,NULL,'system','2011-02-04 02:51:40',NULL,NULL,NULL,NULL,NULL,2,0,NULL),(309,'JP Bangalore',NULL,'',NULL,NULL,'system','2011-02-04 02:55:55',NULL,NULL,NULL,NULL,NULL,1,0,NULL),(310,'Delves Freer Anderson Raniga Caine',NULL,'',NULL,NULL,'system','2011-02-04 02:59:48',NULL,NULL,NULL,NULL,NULL,2,0,NULL),(311,'Rajesh Raniga',NULL,'',NULL,NULL,'system','2011-02-04 03:01:55','rraniga@uniserve.com','2011-05-24 03:08:13',NULL,NULL,NULL,1,2,NULL),(312,'Aditya Finances',NULL,'',NULL,NULL,'system','2011-02-04 03:03:48',NULL,NULL,NULL,NULL,NULL,2,0,NULL),(313,'Aditya Vashisth',NULL,'',NULL,NULL,'system','2011-02-04 03:05:11',NULL,NULL,NULL,NULL,NULL,1,0,NULL),(314,'Bannikal Brothers',NULL,'',NULL,NULL,'system','2011-02-04 03:07:03',NULL,NULL,NULL,NULL,NULL,2,0,NULL),(315,'Sagar Bannikal',NULL,'',NULL,NULL,'system','2011-02-04 03:08:38','sagar_bannikal_098@yahoo.com','2011-07-30 05:55:34',NULL,NULL,NULL,1,17,NULL),(316,'Savitri Tax Consultants',NULL,'',NULL,NULL,'system','2011-02-04 03:10:53',NULL,NULL,NULL,NULL,NULL,2,0,NULL),(317,'Savitri Panchamanavar',NULL,'',NULL,NULL,'system','2011-02-04 03:12:23',NULL,NULL,NULL,NULL,NULL,1,0,NULL),(318,'test',NULL,'\0',NULL,NULL,'system','2011-02-08 02:46:49',NULL,'2011-02-23 05:25:22',NULL,NULL,NULL,2,1,NULL),(320,'ABC Parts',NULL,'',NULL,NULL,'system','2011-02-08 05:26:24',NULL,NULL,NULL,NULL,NULL,2,1,NULL),(321,'ABC Parts',NULL,'',NULL,NULL,'system','2011-02-08 05:28:18',NULL,NULL,NULL,NULL,NULL,2,0,NULL),(322,'Sue Treen',NULL,'',NULL,NULL,'system','2011-02-08 05:51:41',NULL,NULL,NULL,NULL,NULL,1,1,NULL),(323,'Rohit K',NULL,'',NULL,NULL,'system','2011-02-08 14:38:56',NULL,NULL,NULL,NULL,NULL,1,0,NULL),(324,'Rajesh Raniga',NULL,'',NULL,NULL,'system','2011-02-09 02:54:15',NULL,NULL,NULL,NULL,NULL,1,0,NULL),(325,'Rajesh Raniga',NULL,'',NULL,NULL,'system','2011-02-09 02:54:16',NULL,NULL,NULL,NULL,NULL,1,0,NULL),(326,'Rajesh Raniga',NULL,'',NULL,NULL,'system','2011-02-09 02:54:16',NULL,NULL,NULL,NULL,NULL,1,0,NULL),(327,'Royal Bank of Canada (RBC)',NULL,'',NULL,NULL,'system','2011-02-09 03:34:43',NULL,NULL,NULL,NULL,NULL,2,2,NULL),(328,NULL,NULL,'',NULL,NULL,'system','2011-02-09 03:35:25',NULL,NULL,NULL,NULL,NULL,2,1,NULL),(329,'Vancity Savings Credit Union',NULL,'',NULL,NULL,'system','2011-02-09 03:39:43',NULL,NULL,NULL,NULL,NULL,2,0,NULL),(330,'ICICI',NULL,'',NULL,NULL,'system','2011-02-09 04:03:40',NULL,NULL,NULL,NULL,NULL,2,1,NULL),(331,'Compuserve',NULL,'',NULL,NULL,'system','2011-02-09 05:11:41',NULL,NULL,NULL,NULL,NULL,2,0,NULL),(332,'Gudi Karakoona',NULL,'',NULL,NULL,'system','2011-02-09 06:43:57',NULL,NULL,NULL,NULL,NULL,2,0,NULL),(333,'Shrinivas Gudi',NULL,'',NULL,NULL,'system','2011-02-09 06:55:40',NULL,NULL,NULL,NULL,NULL,1,0,NULL),(334,'Infosys',NULL,'',NULL,NULL,'system','2011-02-09 06:58:04',NULL,NULL,NULL,NULL,NULL,2,0,NULL),(335,'Narayana Murthy',NULL,'',NULL,NULL,'system','2011-02-09 07:03:56',NULL,NULL,NULL,NULL,NULL,1,0,NULL),(336,'Ady Sharma',NULL,'',NULL,NULL,'system','2011-02-09 07:04:53',NULL,NULL,NULL,NULL,NULL,1,0,NULL),(337,'Roshan Reddy',NULL,'',NULL,NULL,'system','2011-02-10 06:41:01',NULL,NULL,NULL,NULL,NULL,1,0,NULL),(338,'Rajeshker Reddy',NULL,'',NULL,NULL,'system','2011-02-10 06:47:56',NULL,NULL,NULL,NULL,NULL,1,1,NULL),(339,'Prashanth Keni',NULL,'',NULL,NULL,'system','2011-02-10 06:49:46',NULL,NULL,NULL,NULL,NULL,1,0,NULL),(340,'Citibank',NULL,'',NULL,NULL,'system','2011-02-13 00:40:24',NULL,NULL,NULL,NULL,NULL,2,1,NULL),(341,'Blank Rome',NULL,'',NULL,NULL,'system','2011-02-14 12:02:36',NULL,NULL,NULL,NULL,NULL,2,1,NULL),(342,'John Mahony',NULL,'',NULL,NULL,'system','2011-02-15 04:46:31',NULL,NULL,NULL,NULL,NULL,1,0,NULL),(343,'Patil Enterprises',NULL,'',NULL,NULL,'system','2011-02-15 06:56:12',NULL,NULL,NULL,NULL,NULL,2,0,NULL),(344,'Anand Patil',NULL,'',NULL,NULL,'system','2011-02-15 07:00:03','patil.anand677@gmail.com','2011-07-30 12:25:24',NULL,NULL,NULL,1,26,NULL),(345,'sanju',NULL,'',NULL,NULL,'system','2011-02-15 07:40:12','patil.anand677@gmail.com','2011-07-21 12:18:58',NULL,NULL,NULL,2,25,NULL),(346,'sanjeev B',NULL,'',NULL,NULL,'system','2011-02-15 07:49:51','patil.anand677@gmail.com','2011-07-29 10:45:11',NULL,NULL,NULL,1,14,NULL),(347,'sagar p',NULL,'',NULL,NULL,'system','2011-02-15 08:20:44','patil.anand677@gmail.com','2011-05-23 04:21:12',NULL,NULL,NULL,1,8,NULL),(348,'madival sanglad',NULL,'',NULL,NULL,'system','2011-02-15 09:09:30',NULL,NULL,NULL,NULL,NULL,1,4,NULL),(349,'SBI',NULL,'',NULL,NULL,'system','2011-02-15 10:14:27',NULL,NULL,NULL,NULL,NULL,2,1,NULL),(350,'SBM',NULL,'',NULL,NULL,'system','2011-02-15 10:14:50',NULL,NULL,NULL,NULL,NULL,2,3,NULL),(351,'shankar',NULL,'',NULL,NULL,'system','2011-02-15 10:30:56',NULL,NULL,NULL,NULL,NULL,2,1,NULL),(352,'uday',NULL,'',NULL,NULL,'system','2011-02-15 10:31:17',NULL,NULL,NULL,NULL,NULL,2,0,NULL),(353,'life time Insurance',NULL,'',NULL,NULL,'system','2011-02-15 10:39:17',NULL,NULL,NULL,NULL,NULL,2,2,NULL),(354,'guru',NULL,'',NULL,NULL,'system','2011-02-15 10:56:50',NULL,NULL,NULL,NULL,NULL,2,1,NULL),(355,'ajay gouda',NULL,'',NULL,NULL,'system','2011-02-15 11:39:23',NULL,NULL,NULL,NULL,NULL,1,1,NULL),(356,NULL,NULL,NULL,NULL,NULL,NULL,NULL,NULL,NULL,NULL,NULL,NULL,NULL,0,NULL),(357,'TCS',NULL,'',NULL,NULL,'system','2011-02-16 04:11:43',NULL,NULL,NULL,NULL,NULL,2,0,NULL),(358,'Ram Kumar',NULL,'',NULL,NULL,'system','2011-02-16 04:13:17',NULL,NULL,NULL,NULL,NULL,1,0,NULL),(359,'Vasu Murthy',NULL,'',NULL,NULL,'system','2011-02-16 04:34:38',NULL,NULL,NULL,NULL,NULL,1,0,NULL),(360,'Shree Enterprises',NULL,'',NULL,NULL,'system','2011-02-16 05:37:15',NULL,NULL,NULL,NULL,NULL,2,6,NULL),(361,'anand Association',NULL,'',NULL,NULL,'system','2011-02-16 06:09:02',NULL,NULL,NULL,NULL,NULL,2,1,NULL),(362,'deepu Rajputh',NULL,'',NULL,NULL,'system','2011-02-16 06:14:10',NULL,NULL,NULL,NULL,NULL,1,0,NULL),(363,'deepu Rajputh',NULL,'',NULL,NULL,'system','2011-02-16 06:19:57',NULL,NULL,NULL,NULL,NULL,1,0,NULL),(364,'deepu Rajputh',NULL,'',NULL,NULL,'system','2011-02-16 06:21:26',NULL,NULL,NULL,NULL,NULL,1,0,NULL),(365,'anil patil',NULL,'',NULL,NULL,'system','2011-02-16 06:33:50',NULL,NULL,NULL,NULL,NULL,1,1,NULL),(366,'manju sanglad',NULL,'',NULL,NULL,'system','2011-02-16 06:43:56',NULL,NULL,NULL,NULL,NULL,1,0,NULL),(367,'Tavalon',NULL,'',NULL,NULL,'system','2011-02-16 09:55:49',NULL,NULL,NULL,NULL,NULL,2,1,NULL),(368,'veeresh Talloli',NULL,'',NULL,NULL,'system','2011-02-16 10:01:39',NULL,NULL,NULL,NULL,NULL,1,1,NULL),(369,'rajesh pandith',NULL,'',NULL,NULL,'system','2011-02-16 10:06:29',NULL,NULL,NULL,NULL,NULL,1,1,NULL),(370,'patil\'s Association',NULL,'',NULL,NULL,'system','2011-02-16 13:19:54',NULL,NULL,NULL,NULL,NULL,2,0,NULL),(371,'basu pujer',NULL,'',NULL,NULL,'system','2011-02-16 13:28:43','patil.anand677@gmail.com','2011-06-13 13:45:04',NULL,NULL,NULL,1,3,NULL),(372,'Bhanu ',NULL,'\0',NULL,NULL,'system','2011-02-17 07:26:19','patil.anand677@gmail.com','2011-05-29 11:27:49',NULL,NULL,NULL,1,7,NULL),(373,'sanjeev B',NULL,'\0',NULL,NULL,'system','2011-02-17 11:16:25','patil.anand677@gmail.com','2011-05-25 10:27:19',NULL,NULL,NULL,1,6,NULL),(374,'Bhanu ',NULL,'',NULL,NULL,'system','2011-02-17 12:54:10',NULL,NULL,NULL,NULL,NULL,1,0,NULL),(375,'raju sanglad',NULL,'',NULL,NULL,'system','2011-02-17 13:11:39',NULL,NULL,NULL,NULL,NULL,1,0,NULL),(376,'roy Rajputh',NULL,'',NULL,NULL,'system','2011-02-18 06:31:16',NULL,NULL,NULL,NULL,NULL,1,0,NULL),(377,'sandeep Association',NULL,'',NULL,NULL,'system','2011-02-18 06:39:02',NULL,NULL,NULL,NULL,NULL,2,0,NULL),(378,'Sadeep',NULL,'',NULL,NULL,'system','2011-02-18 12:15:54',NULL,NULL,NULL,NULL,NULL,2,0,NULL),(379,'raju sanglad',NULL,'',NULL,NULL,'system','2011-02-18 12:17:55',NULL,NULL,NULL,NULL,NULL,1,0,NULL),(380,'sandeep pvt Lmt',NULL,'',NULL,NULL,'system','2011-02-19 06:26:08',NULL,NULL,NULL,NULL,NULL,2,0,NULL),(381,'raju ',NULL,'',NULL,NULL,'system','2011-02-19 07:16:55',NULL,NULL,NULL,NULL,NULL,1,0,NULL),(382,'anand pvt Lmt',NULL,'',NULL,NULL,'system','2011-02-19 08:01:32',NULL,NULL,NULL,NULL,NULL,2,0,NULL),(383,'sagar patil',NULL,'',NULL,NULL,'system','2011-02-21 08:46:55',NULL,NULL,NULL,NULL,NULL,1,0,NULL),(384,'sandeep ',NULL,'',NULL,NULL,'system','2011-02-21 08:53:47',NULL,NULL,NULL,NULL,NULL,1,2,NULL),(385,'madival ',NULL,'',NULL,NULL,'system','2011-02-21 09:03:42',NULL,NULL,NULL,NULL,NULL,1,1,NULL),(386,'sandeep sanglad',NULL,'',NULL,NULL,'system','2011-02-21 09:58:12',NULL,NULL,NULL,NULL,NULL,1,0,NULL),(387,'sandeep sanglad',NULL,'',NULL,NULL,'system','2011-02-21 09:59:21',NULL,NULL,NULL,NULL,NULL,1,1,NULL),(388,'anand',NULL,'',NULL,NULL,'system','2011-02-21 10:05:02',NULL,NULL,NULL,NULL,NULL,2,0,NULL),(389,'anand',NULL,'',NULL,NULL,'system','2011-02-21 10:05:12',NULL,NULL,NULL,NULL,NULL,2,0,NULL),(390,'raju ',NULL,'',NULL,NULL,'system','2011-02-21 10:28:39',NULL,NULL,NULL,NULL,NULL,1,0,NULL),(391,'raju ',NULL,'',NULL,NULL,'system','2011-02-21 10:30:16',NULL,NULL,NULL,NULL,NULL,1,1,NULL),(392,'raju Rajputh',NULL,'',NULL,NULL,'system','2011-02-21 10:34:27',NULL,NULL,NULL,NULL,NULL,1,0,NULL),(393,'sandeep ',NULL,'',NULL,NULL,'system','2011-02-21 10:57:38',NULL,NULL,NULL,NULL,NULL,1,0,NULL),(394,'sandeep patil',NULL,'',NULL,NULL,'system','2011-02-21 11:21:54',NULL,NULL,NULL,NULL,NULL,1,0,NULL),(395,'sandeep patil',NULL,'',NULL,NULL,'system','2011-02-21 11:23:34',NULL,NULL,NULL,NULL,NULL,1,0,NULL),(396,'sandeep patil',NULL,'',NULL,NULL,'system','2011-02-21 11:24:39',NULL,NULL,NULL,NULL,NULL,1,1,NULL),(397,'anand pvt Lmt',NULL,'',NULL,NULL,'system','2011-02-22 12:22:48',NULL,NULL,NULL,NULL,NULL,2,0,NULL),(398,'madival ',NULL,'',NULL,NULL,'system','2011-02-23 12:39:56',NULL,NULL,NULL,NULL,NULL,1,1,NULL),(399,'145@#$%ada ds@#$1452',NULL,'\0',NULL,NULL,'system','2011-02-23 13:15:11','patil.anand677@gmail.com','2011-07-29 10:46:24',NULL,NULL,NULL,1,2,NULL),(400,'ds4536@#@',NULL,'',NULL,NULL,'system','2011-02-24 06:38:39',NULL,NULL,NULL,NULL,NULL,2,0,NULL),(401,'#$%asa124',NULL,'',NULL,NULL,'system','2011-02-24 09:50:45',NULL,NULL,NULL,NULL,NULL,2,0,NULL),(402,'145@#$%ada @$@$dff123',NULL,'',NULL,NULL,'system','2011-02-24 11:18:17',NULL,NULL,NULL,NULL,NULL,1,1,NULL),(403,'SagarsagaRSagarsagaRSagarsagaRSagarsagaR k',NULL,'',NULL,NULL,'system','2011-02-25 05:27:47','sagar_bannikal_098@yahoo.com','2011-04-15 12:20:06',NULL,NULL,NULL,1,2,NULL),(404,'Sai Automobiles',NULL,'',NULL,NULL,'system','2011-02-26 23:15:00','sagar_bannikal_098@yahoo.com','2011-06-28 06:08:57',NULL,NULL,NULL,2,4,NULL),(405,'44543@$@fg 1324SFS@$45',NULL,'\0',NULL,NULL,'system','2011-02-27 07:21:41','patil.anand677@gmail.com','2011-05-25 09:41:49',NULL,NULL,NULL,1,2,NULL),(406,'1317asd@#$ @$@$dff123',NULL,'\0',NULL,NULL,'system','2011-02-28 13:06:47','patil.anand677@gmail.com','2011-05-25 09:42:06',NULL,NULL,NULL,1,1,NULL),(407,'13@$$@',NULL,'',NULL,NULL,'system','2011-02-28 14:21:27',NULL,NULL,NULL,NULL,NULL,2,3,NULL),(408,'467@#$saj',NULL,'',NULL,NULL,'system','2011-02-28 14:25:21',NULL,NULL,NULL,NULL,NULL,2,8,NULL),(409,'467@#$saj',NULL,'',NULL,NULL,'system','2011-02-28 15:05:14',NULL,NULL,NULL,NULL,NULL,2,1,NULL),(410,'135466',NULL,'',NULL,NULL,'system','2011-03-01 05:11:17',NULL,NULL,NULL,NULL,NULL,2,3,NULL),(411,'ds4536@#@',NULL,'',NULL,NULL,'system','2011-03-01 06:54:01',NULL,NULL,NULL,NULL,NULL,2,0,NULL),(415,'133413413 1313131',NULL,'',NULL,NULL,'system','2011-03-01 13:41:25',NULL,NULL,NULL,NULL,NULL,1,0,NULL),(416,'Tanveer  aaaaaaaaaaaaaaaaaaaaaaaaaaaaaaaaaaaaa k',NULL,'\0',NULL,NULL,'system','2011-03-01 13:53:42','sagar_bannikal_098@yahoo.com','2011-07-03 15:47:18',NULL,NULL,NULL,1,8,NULL),(417,'Shanti ',NULL,'',NULL,NULL,'system','2011-03-01 14:02:16',NULL,NULL,NULL,NULL,NULL,1,0,NULL),(419,'Accenture',NULL,'',NULL,NULL,'system','2011-03-01 14:06:09',NULL,NULL,NULL,NULL,NULL,2,1,NULL),(420,'Shanti ',NULL,'',NULL,NULL,'system','2011-03-01 14:07:54',NULL,NULL,NULL,NULL,NULL,1,0,NULL),(421,'Preety ',NULL,'',NULL,NULL,'system','2011-03-02 03:57:09',NULL,NULL,NULL,NULL,NULL,1,0,NULL),(423,'1317asd@#$ @$@$dff123',NULL,'',NULL,NULL,'system','2011-03-02 06:06:35',NULL,NULL,NULL,NULL,NULL,1,0,NULL),(424,'pooja Associates',NULL,'',NULL,NULL,'system','2011-03-08 12:22:20',NULL,NULL,NULL,NULL,NULL,2,1,NULL),(425,'paru patil',NULL,'\0',NULL,NULL,'system','2011-03-08 13:07:57','patil.anand677@gmail.com','2011-07-21 12:15:34',NULL,NULL,NULL,1,7,NULL),(426,'raju sanglad',NULL,'',NULL,NULL,'system','2011-03-08 13:26:51',NULL,NULL,NULL,NULL,NULL,1,3,NULL),(427,'sandeep Rajputh',NULL,'',NULL,NULL,'system','2011-03-08 13:57:59',NULL,NULL,NULL,NULL,NULL,1,0,NULL),(428,'sandeep patil',NULL,'',NULL,NULL,'system','2011-03-10 05:52:58',NULL,NULL,NULL,NULL,NULL,1,0,NULL),(429,'sandeep patil',NULL,'',NULL,NULL,'system','2011-03-10 05:55:59',NULL,NULL,NULL,NULL,NULL,1,0,NULL),(430,'Anand Patil',NULL,'',NULL,NULL,'system','2011-03-11 05:17:09',NULL,NULL,NULL,NULL,NULL,1,0,NULL),(431,'Anand Association',NULL,'',NULL,NULL,'system','2011-03-11 06:03:56',NULL,NULL,NULL,NULL,NULL,2,2,NULL),(432,'sagar patil',NULL,'\0',NULL,NULL,'system','2011-03-11 06:12:08',NULL,'2011-04-11 12:21:51',NULL,NULL,NULL,1,2,NULL),(433,'hfdhh bxbfc',NULL,'',NULL,NULL,'system','2011-04-03 09:06:27',NULL,NULL,NULL,NULL,NULL,1,1,NULL),(434,'hfdhh bxbfc',NULL,'',NULL,NULL,'system','2011-04-03 09:06:31',NULL,NULL,NULL,NULL,NULL,1,0,NULL),(435,'Chiguru',NULL,'',NULL,NULL,'system','2011-04-03 09:51:51',NULL,NULL,NULL,NULL,NULL,2,0,NULL),(436,'manju patil',NULL,'',NULL,NULL,'system','2011-04-03 13:14:17',NULL,NULL,NULL,NULL,NULL,1,0,NULL),(437,'Rajesh p',NULL,'',NULL,NULL,'system','2011-04-03 13:33:02','patil.anand677@gmail.com','2011-05-29 13:34:10',NULL,NULL,NULL,1,2,NULL),(438,'Sagar',NULL,'',NULL,NULL,'system','2011-04-04 05:38:51',NULL,NULL,NULL,NULL,NULL,2,0,NULL),(439,'manjU Gouda',NULL,'\0',NULL,NULL,'system','2011-04-04 07:12:57','patil.anand677@gmail.com','2011-06-15 06:37:08',NULL,NULL,NULL,1,3,NULL),(440,'umesh patil',NULL,'',NULL,NULL,'system','2011-04-04 07:20:58',NULL,NULL,NULL,NULL,NULL,1,0,NULL),(441,'raju patil',NULL,'',NULL,NULL,'system','2011-04-05 12:59:03',NULL,NULL,NULL,NULL,NULL,1,0,NULL),(442,'sagar patil',NULL,'',NULL,NULL,'system','2011-04-06 07:38:55','patil.anand677@gmail.com','2011-04-16 11:20:53',NULL,NULL,NULL,1,12,NULL),(444,'anandsggggggggggggggggsdfdfs',NULL,'',NULL,NULL,'system','2011-04-06 10:31:37',NULL,NULL,NULL,NULL,NULL,2,0,NULL),(445,'sandeepfdgggggggggggggggggggggg patilgd',NULL,'',NULL,NULL,'system','2011-04-06 11:43:12',NULL,NULL,NULL,NULL,NULL,1,0,NULL),(446,'sandeepfdgggggggggggggggggggggg patil',NULL,'',NULL,NULL,'system','2011-04-06 11:45:40',NULL,NULL,NULL,NULL,NULL,1,4,NULL),(447,'sandeep patilqwertyuioplkjhgfdsazxcvbnmlkjhgfdsat',NULL,'',NULL,NULL,'system','2011-04-07 10:34:28',NULL,NULL,NULL,NULL,NULL,1,6,NULL),(448,'anand',NULL,'',NULL,NULL,'system','2011-04-07 10:54:38',NULL,NULL,NULL,NULL,NULL,2,6,NULL),(449,'PreetyPreetyPreetyPreetyPreetyPreetyPreety Gouda',NULL,'',NULL,NULL,'system','2011-04-10 09:37:19',NULL,NULL,NULL,NULL,NULL,1,1,NULL),(451,'dsgggggggggggggggggggggggggggggggggggggggggggssss',NULL,'',NULL,NULL,'system','2011-04-11 11:14:35',NULL,NULL,NULL,NULL,NULL,2,0,NULL),(452,'dsggggggggggggggggggggggggggggggggggggggggppppssss',NULL,'',NULL,NULL,'system','2011-04-11 11:17:22',NULL,NULL,NULL,NULL,NULL,2,0,NULL),(453,'QSpiders',NULL,'',NULL,NULL,'system','2011-04-11 11:19:30',NULL,NULL,NULL,NULL,NULL,2,0,NULL),(454,'Accenture',NULL,'',NULL,NULL,'system','2011-04-12 05:57:10','anand@gmail.com','2011-04-12 05:57:15',NULL,NULL,NULL,2,2,NULL),(455,'Tranfer Indiag',NULL,'',NULL,NULL,'system','2011-04-12 06:25:25','anand@gmail.com','2011-04-12 06:27:15',NULL,NULL,NULL,2,10,NULL),(456,'Best Buy inc',NULL,'',NULL,NULL,'system','2011-04-12 07:54:37','anand@gmail.com','2011-04-12 07:54:40',NULL,NULL,NULL,2,2,NULL),(457,'Shanti William',NULL,'',NULL,NULL,'system','2011-04-12 07:55:47','anand@gmail.com','2011-04-12 07:55:50',NULL,NULL,NULL,1,2,NULL),(458,'fdjfkf',NULL,'',NULL,NULL,'system','2011-04-13 05:16:00','patil.anand677@gmail.com','2011-04-13 05:16:03',NULL,NULL,NULL,2,2,NULL),(472,'anand patil',NULL,'',NULL,NULL,'system','2011-04-14 05:22:59','patil.anand677@gmail.com','2011-04-14 05:25:31',NULL,NULL,NULL,1,6,NULL),(473,'sandeep',NULL,'',NULL,NULL,'system','2011-04-14 05:28:37','patil.anand677@gmail.com','2011-04-14 05:33:43',NULL,NULL,NULL,2,16,NULL),(474,'anand patil',NULL,'',NULL,NULL,'system','2011-04-14 05:50:00','patil.anand677@gmail.com','2011-04-14 05:50:05',NULL,NULL,NULL,1,2,NULL),(475,'sandeep',NULL,'',NULL,NULL,'system','2011-04-14 05:52:08','patil.anand677@gmail.com','2011-04-14 05:52:45',NULL,NULL,NULL,2,4,NULL),(476,'anand patil',NULL,'',NULL,NULL,'system','2011-04-14 06:08:38','patil.anand677@gmail.com','2011-04-14 06:09:09',NULL,NULL,NULL,1,4,NULL),(479,'sandeep',NULL,'',NULL,NULL,'system','2011-04-15 05:19:41','patil.anand677@gmail.com','2011-04-15 05:19:46',NULL,NULL,NULL,2,2,NULL),(482,'anandanand patil',NULL,'',NULL,NULL,'system','2011-04-15 12:10:37','patil.anand677@gmail.com','2011-04-15 12:11:36',NULL,NULL,NULL,1,4,NULL),(483,'anandanandanandanandanandanandanandanandan patil',NULL,'',NULL,NULL,'system','2011-04-15 12:49:32','patil.anand677@gmail.com','2011-04-15 12:49:57',NULL,NULL,NULL,1,4,NULL),(484,'anand',NULL,'',NULL,NULL,'system','2011-04-15 12:56:29','patil.anand677@gmail.com','2011-04-15 12:59:47',NULL,NULL,NULL,2,14,NULL),(485,'anand patil',NULL,'',NULL,NULL,'system','2011-04-16 05:51:51','patil.anand677@gmail.com','2011-04-16 05:51:55',NULL,NULL,NULL,1,2,NULL),(486,'anand patil',NULL,'',NULL,NULL,'system','2011-04-16 05:54:44','patil.anand677@gmail.com','2011-04-16 05:54:47',NULL,NULL,NULL,1,2,NULL),(487,'sagar p',NULL,'',NULL,NULL,'system','2011-04-16 06:47:31','patil.anand677@gmail.com','2011-04-16 07:05:30',NULL,NULL,NULL,1,4,NULL),(488,'sandeep',NULL,'',NULL,NULL,'system','2011-04-16 07:46:01','patil.anand677@gmail.com','2011-04-16 07:48:43',NULL,NULL,NULL,2,4,NULL),(489,'anand patil',NULL,'',NULL,NULL,'system','2011-04-16 11:10:04','patil.anand677@gmail.com','2011-04-16 11:24:12',NULL,NULL,NULL,1,4,NULL),(490,'Manju Rajput',NULL,'',NULL,NULL,'system','2011-04-16 11:28:45','patil.anand677@gmail.com','2011-04-16 11:28:49',NULL,NULL,NULL,1,2,NULL),(491,'Manju Rajput',NULL,'\0',NULL,NULL,'system','2011-04-16 11:31:23','patil.anand677@gmail.com','2011-04-16 11:50:19',NULL,NULL,NULL,1,5,NULL),(492,'Manju Rajput',NULL,'\0',NULL,NULL,'system','2011-04-16 11:45:14','patil.anand677@gmail.com','2011-04-16 11:51:09',NULL,NULL,NULL,1,5,NULL),(493,'sandeep',NULL,'',NULL,NULL,'system','2011-04-18 10:24:25','patil.anand677@gmail.com','2011-04-18 10:24:29',NULL,NULL,NULL,2,2,NULL),(494,'anand patil',NULL,'',NULL,NULL,'system','2011-04-18 10:26:14','patil.anand677@gmail.com','2011-04-18 10:26:18',NULL,NULL,NULL,1,2,NULL),(495,'anand patil',NULL,'',NULL,NULL,'system','2011-04-18 10:26:59','patil.anand677@gmail.com','2011-04-18 10:27:02',NULL,NULL,NULL,1,2,NULL),(496,'anand patil',NULL,'',NULL,NULL,'system','2011-04-19 05:13:30','patil.anand677@gmail.com','2011-04-19 05:13:33',NULL,NULL,NULL,1,2,NULL),(497,'sandeep',NULL,'',NULL,NULL,'system','2011-04-25 05:55:09','patil.anand677@gmail.com','2011-04-25 05:55:13',NULL,NULL,NULL,2,2,NULL),(498,'sandeep',NULL,'',NULL,NULL,'system','2011-04-25 11:19:12','patil.anand677@gmail.com','2011-04-25 11:19:16',NULL,NULL,NULL,2,2,NULL),(499,'anand patil',NULL,'',NULL,NULL,'system','2011-04-25 12:56:50','patil.anand677@gmail.com','2011-04-25 12:56:54',NULL,NULL,NULL,1,2,NULL),(500,'sandeep',NULL,'',NULL,NULL,'system','2011-04-26 13:37:41','patil.anand677@gmail.com','2011-04-26 13:37:44',NULL,NULL,NULL,2,2,NULL),(501,'sagar',NULL,'',NULL,NULL,'system','2011-04-30 05:08:13','anand@gmail.com','2011-04-30 05:08:17',NULL,NULL,NULL,2,2,NULL),(502,'anil pvt Ltd',NULL,'',NULL,NULL,'system','2011-05-14 04:10:45','patil.anand677@gmail.com','2011-05-14 04:10:52',NULL,NULL,NULL,2,2,NULL),(506,'Gudi Temple',NULL,'',NULL,NULL,'system','2011-05-15 17:24:04','sagar_bannikal_098@yahoo.com','2011-05-15 17:24:14',NULL,NULL,NULL,2,2,NULL),(507,'Best Buy',NULL,'',NULL,NULL,'system','2011-05-16 12:21:31','sagar_bannikal_098@yahoo.com','2011-05-16 12:21:40',NULL,NULL,NULL,2,2,NULL),(511,'Microsoft',NULL,'',NULL,NULL,'system','2011-05-23 23:58:45','sagar_bannikal_098@yahoo.com','2011-05-23 23:58:58',NULL,NULL,NULL,2,2,NULL),(512,'anil pvt Ltd',NULL,'',NULL,NULL,'system','2011-05-25 06:58:20','patil.anand677@gmail.com','2011-05-25 06:58:34',NULL,NULL,NULL,2,2,NULL),(513,'sanjeev B',NULL,'',NULL,NULL,'system','2011-05-25 09:31:24','patil.anand677@gmail.com','2011-05-25 09:31:37',NULL,NULL,NULL,1,2,NULL),(514,'sanjeev B',NULL,'\0',NULL,NULL,'system','2011-05-25 09:37:34','patil.anand677@gmail.com','2011-05-25 09:40:32',NULL,NULL,NULL,1,3,NULL),(515,'anandanandanandanandanandanandanandanandanandwqw p',NULL,'',NULL,NULL,'system','2011-05-27 06:48:11','patil.anand677@gmail.com','2011-05-27 06:48:16',NULL,NULL,NULL,1,2,NULL),(516,'mn,',NULL,'',NULL,NULL,'system','2011-05-27 13:44:12','sagar_bannikal_098@yahoo.com','2011-05-27 13:44:18',NULL,NULL,NULL,2,2,NULL),(517,'Anil',NULL,'',NULL,NULL,'system','2011-05-31 05:18:28','patil.anand677@gmail.com','2011-05-31 05:18:39',NULL,NULL,NULL,2,2,NULL),(518,'Rajesh rc',NULL,'',NULL,NULL,'system','2011-06-01 11:45:35','sagar_bannikal_098@yahoo.com','2011-06-01 11:45:50',NULL,NULL,NULL,2,2,NULL),(521,'Anil Patil',NULL,'',NULL,NULL,'system','2011-06-06 07:45:49','patil.anand677@gmail.com','2011-06-06 07:45:53',NULL,NULL,NULL,1,2,NULL),(522,'sagar p',NULL,'',NULL,NULL,'system','2011-06-06 10:07:11','patil.anand677@gmail.com','2011-06-06 10:07:15',NULL,NULL,NULL,1,2,NULL),(523,'Anil B',NULL,'',NULL,NULL,'system','2011-06-06 10:30:27','patil.anand677@gmail.com','2011-06-06 10:30:31',NULL,NULL,NULL,1,2,NULL),(525,'sanjeev Patil',NULL,'',NULL,NULL,'system','2011-06-06 11:43:34','patil.anand677@gmail.com','2011-06-06 11:45:09',NULL,NULL,NULL,1,4,NULL),(526,'manju g',NULL,'',NULL,NULL,'system','2011-06-06 11:47:21','patil.anand677@gmail.com','2011-06-06 11:47:24',NULL,NULL,NULL,1,2,NULL),(527,'Rajesh',NULL,'\0',NULL,NULL,'system','2011-06-06 14:17:26','patil.anand677@gmail.com','2011-07-21 11:31:36',NULL,NULL,NULL,2,3,NULL),(528,'Anil B',NULL,'',NULL,NULL,'system','2011-06-08 07:32:12','patil.anand677@gmail.com','2011-06-08 07:32:18',NULL,NULL,NULL,1,2,NULL),(529,'Candule Explosives',NULL,'',NULL,NULL,'system','2011-06-09 01:34:13','rraniga@uniserve.com','2011-06-09 02:09:19',NULL,NULL,NULL,2,4,NULL),(530,'John  McDonald',NULL,'',NULL,NULL,'system','2011-06-09 01:49:11','rraniga@uniserve.com','2011-06-09 01:49:17',NULL,NULL,NULL,1,2,NULL),(531,'anand Patil',NULL,'',NULL,NULL,'system','2011-06-11 14:04:57','patil.anand677@gmail.com','2011-06-11 14:06:30',NULL,NULL,NULL,1,6,NULL),(532,'Anil Patil',NULL,'',NULL,NULL,'system','2011-06-13 12:48:29','patil.anand677@gmail.com','2011-06-13 12:48:35',NULL,NULL,NULL,1,2,NULL),(533,'Apoorva D',NULL,'',NULL,NULL,'system','2011-06-13 13:21:06','patil.anand677@gmail.com','2011-06-13 13:21:12',NULL,NULL,NULL,1,2,NULL),(534,'shivu D',NULL,'',NULL,NULL,'system','2011-06-14 10:44:56','patil.anand677@gmail.com','2011-06-14 10:45:02',NULL,NULL,NULL,1,2,NULL),(536,'apoorva dhanvanthri',NULL,'',NULL,NULL,'system','2011-06-21 06:55:13','admin@firm.com','2011-07-01 06:41:34',NULL,NULL,NULL,1,8,NULL),(537,'apoorvada dhanvanthri',NULL,'',NULL,NULL,'system','2011-06-21 07:08:02','admin@firm.com','2011-06-21 07:08:07',NULL,NULL,NULL,1,2,NULL),(538,'anand Patil',NULL,'',NULL,NULL,'system','2011-06-21 13:34:53','patil.anand677@gmail.com','2011-06-21 13:34:59',NULL,NULL,NULL,1,2,NULL),(539,'Anil Patil',NULL,'',NULL,NULL,'system','2011-06-24 11:43:14','patil.anand677@gmail.com','2011-06-24 11:43:19',NULL,NULL,NULL,1,2,NULL),(540,'Cluster pvt lmt',NULL,'',NULL,NULL,'system','2011-06-26 14:02:46','sagar_bannikal_098@yahoo.com','2011-06-26 14:02:58',NULL,NULL,NULL,2,2,NULL),(552,'Anil Patil',NULL,'',NULL,NULL,'system','2011-06-28 13:14:08','patil.anand677@gmail.com','2011-06-28 13:14:14',NULL,NULL,NULL,1,2,NULL),(553,'saaaaaaaaaa Chavan',NULL,'',NULL,NULL,'system','2011-06-28 13:22:53','sagar_bannikal_098@yahoo.com','2011-06-28 13:23:48',NULL,NULL,NULL,1,4,NULL),(554,'reta Chavan',NULL,'',NULL,NULL,'system','2011-06-30 06:24:46','sagar_bannikal_098@yahoo.com','2011-06-30 06:54:31',NULL,NULL,NULL,1,6,NULL),(555,'sourabh p',NULL,'',NULL,NULL,'system','2011-06-30 10:39:31','patil.anand677@gmail.com','2011-06-30 10:39:36',NULL,NULL,NULL,1,2,NULL),(557,'umesh Patil',NULL,'',NULL,NULL,'system','2011-06-30 11:22:52','patil.anand677@gmail.com','2011-06-30 11:22:57',NULL,NULL,NULL,1,2,NULL),(558,'Jonn Spare',NULL,'',NULL,NULL,'system','2011-07-01 06:40:38','admin@firm.com','2011-07-01 06:40:45',NULL,NULL,NULL,1,2,NULL),(560,'vijay T',NULL,'',NULL,NULL,'system','2011-07-03 06:33:55','anand@gmail.com','2011-07-03 06:34:03',NULL,NULL,NULL,1,2,NULL),(561,'santhosh patil',NULL,'',NULL,NULL,'system','2011-07-03 06:53:50','anand@gmail.com','2011-07-03 06:53:58',NULL,NULL,NULL,1,2,NULL),(562,'staff of SAI lmt Chavan',NULL,'',NULL,NULL,'system','2011-07-03 07:10:07','sagar_bannikal_098@yahoo.com','2011-07-03 07:10:14',NULL,NULL,NULL,1,2,NULL),(563,'yahoo pvt lmt',NULL,'',NULL,NULL,'system','2011-07-04 06:46:01','sagar_bannikal_098@yahoo.com','2011-07-04 06:46:07',NULL,NULL,NULL,2,2,NULL),(564,'Anil Patil',NULL,'',NULL,NULL,'system','2011-07-07 11:41:48','patil.anand677@gmail.com','2011-07-07 11:41:56',NULL,NULL,NULL,1,2,NULL),(566,'Xemplar Corporation Ltd.',NULL,'',NULL,NULL,'system','2011-07-13 21:41:28','rraniga@uniserve.com','2011-07-13 21:41:34',NULL,NULL,NULL,2,2,NULL),(567,'Yvonne Wong',NULL,'',NULL,NULL,'system','2011-07-13 21:46:01','rraniga@uniserve.com','2011-07-13 21:46:07',NULL,NULL,NULL,1,2,NULL),(568,'anandanandanandanandanandanandanandanan p',NULL,'',NULL,NULL,'system','2011-07-17 12:53:43','patil.anand677@gmail.com','2011-07-17 12:54:11',NULL,NULL,NULL,1,2,NULL),(569,'apoorva dhanvantri',NULL,'',NULL,NULL,'system','2011-07-18 13:00:15','apoorvada@yahoo.com','2011-07-19 07:24:10',NULL,NULL,NULL,1,6,NULL),(570,'anand p',NULL,'',NULL,NULL,'system','2011-07-18 13:21:16','aa@gmail.com','2011-07-18 13:24:03',NULL,NULL,NULL,1,6,NULL),(571,'Apoorva dhanvanthri',NULL,'',NULL,NULL,'system','2011-07-19 07:04:20','apoorvada123@yahoo.com','2011-07-19 07:07:01',NULL,NULL,NULL,1,4,NULL),(572,'anand Gouda',NULL,'\0',NULL,NULL,'system','2011-07-19 11:53:06','patil.anand677@gmail.com','2011-07-19 11:54:17',NULL,NULL,NULL,1,3,NULL),(573,'sourabh',NULL,'\0',NULL,NULL,'system','2011-07-21 12:03:14','patil.anand677@gmail.com','2011-07-21 12:05:58',NULL,NULL,NULL,2,5,NULL),(574,'manju G',NULL,'\0',NULL,NULL,'system','2011-07-22 09:16:44','patil.anand677@gmail.com','2011-07-22 09:17:36',NULL,NULL,NULL,1,3,NULL),(575,'sanjeevkumar',NULL,'',NULL,NULL,'system','2011-07-24 12:33:14','sagar_bannikal_098@yahoo.com','2011-07-24 12:33:25',NULL,NULL,NULL,2,2,NULL),(576,'sanjeevkumar',NULL,'',NULL,NULL,'system','2011-07-24 12:33:31','sagar_bannikal_098@yahoo.com','2011-07-24 12:33:43',NULL,NULL,NULL,2,2,NULL),(577,'dhanvanthri',NULL,'',NULL,NULL,'system','2011-07-29 07:15:19','admin@firm.com','2011-07-29 07:15:34',NULL,NULL,NULL,2,2,NULL),(578,'Raju B',NULL,'\0',NULL,NULL,'system','2011-07-29 09:51:14','patil.anand677@gmail.com','2011-07-29 09:52:56',NULL,NULL,NULL,1,5,NULL),(579,'Rajesh',NULL,'\0',NULL,NULL,'system','2011-07-29 10:14:11','patil.anand677@gmail.com','2011-07-29 10:23:24',NULL,NULL,NULL,2,7,NULL),(580,'Rajesh Association ',NULL,'\0',NULL,NULL,'system','2011-07-29 10:28:43','patil.anand677@gmail.com','2011-07-29 10:31:05',NULL,NULL,NULL,2,5,NULL);
/*!40000 ALTER TABLE `party` ENABLE KEYS */;
UNLOCK TABLES;

--
-- Table structure for table `tax_info_reminder`
--

DROP TABLE IF EXISTS `tax_info_reminder`;
/*!40101 SET @saved_cs_client     = @@character_set_client */;
/*!40101 SET character_set_client = utf8 */;
CREATE TABLE `tax_info_reminder` (
  `id` bigint(20) unsigned NOT NULL AUTO_INCREMENT,
  `reminder_day` smallint(6) DEFAULT NULL,
  `filing_type` smallint(11) unsigned DEFAULT NULL,
  `practice_info_id` bigint(20) unsigned DEFAULT NULL,
  `active_flag` bit(1) NOT NULL,
  `create_date` datetime NOT NULL,
  `create_user_id` varchar(50) NOT NULL,
  `last_update_user_id` varchar(50) DEFAULT NULL,
  `last_update_date` timestamp NULL DEFAULT NULL,
  `version` int(11) NOT NULL DEFAULT '0',
  `reminder_day_code` bigint(20) DEFAULT NULL,
  PRIMARY KEY (`id`),
  KEY `reminder_is_for_practice` (`practice_info_id`),
  KEY `reminder_is_for_filing_type` (`filing_type`),
  CONSTRAINT `reminder_is_for_filing_type` FOREIGN KEY (`filing_type`) REFERENCES `tax_info_filing_type` (`id`),
  CONSTRAINT `reminder_is_for_practice` FOREIGN KEY (`practice_info_id`) REFERENCES `tax_client_practice_info` (`id`)
) ENGINE=InnoDB AUTO_INCREMENT=216 DEFAULT CHARSET=latin1;
/*!40101 SET character_set_client = @saved_cs_client */;

--
-- Dumping data for table `tax_info_reminder`
--

LOCK TABLES `tax_info_reminder` WRITE;
/*!40000 ALTER TABLE `tax_info_reminder` DISABLE KEYS */;
INSERT INTO `tax_info_reminder` VALUES (1,7,2,27,'','2011-03-08 08:39:26','system','system','2011-03-08 13:39:26',0,1453),(2,30,2,27,'','2011-03-08 08:39:26','system','system','2011-03-08 13:39:26',0,1455),(80,3,1,28,'','2011-03-22 21:30:22','system','system','2011-03-24 05:49:38',11,1352),(81,7,1,28,'','2011-03-22 21:30:22','system','system','2011-03-24 05:49:38',11,1353),(85,7,2,28,'','2011-03-22 21:30:22','system','system','2011-03-24 05:49:38',11,1453),(89,1,1,28,'','2011-03-22 21:32:22','system','system','2011-03-24 05:49:38',7,1351),(90,1,2,28,'','2011-03-22 21:32:22','system','system','2011-03-24 05:49:38',7,1451),(91,15,1,28,'','2011-03-24 00:19:32','system','system','2011-03-24 05:49:38',5,1354),(92,30,1,28,'','2011-03-24 00:46:17','system','system','2011-03-24 05:49:38',4,1355),(93,15,2,28,'','2011-03-24 00:46:17','system','system','2011-03-24 05:49:38',4,1454),(94,60,1,28,'','2011-03-24 00:52:18','Sagar','system','2011-03-24 05:49:38',4,1356),(95,30,2,28,'','2011-03-24 00:52:18','Sagar','system','2011-03-24 05:49:38',4,1455),(96,60,2,28,'','2011-03-24 01:48:22','Sagar','system','2011-03-24 05:49:38',3,1456),(97,90,1,28,'','2011-03-24 01:49:38','Sagar','system','2011-03-24 05:49:38',2,1357),(98,90,2,28,'','2011-03-24 01:49:38','Sagar','system','2011-03-24 05:49:38',2,1457),(99,90,1,29,'','2011-04-11 07:21:38','system','system','2011-04-11 12:06:08',3,1357),(100,90,2,29,'','2011-04-11 07:21:38','system','system','2011-04-11 12:06:08',3,1357),(101,90,2,31,'','2011-04-11 07:58:49','system','system','2011-04-11 11:58:49',1,1357),(102,3,1,34,'','2011-04-29 22:59:45','system','sagar_bannikal_098@yahoo.com','2011-04-30 02:59:50',2,1352),(103,7,1,34,'','2011-04-29 22:59:45','system','sagar_bannikal_098@yahoo.com','2011-04-30 02:59:50',2,1353),(104,1,1,35,'','2011-05-03 07:45:25','system','sagar_bannikal_098@yahoo.com','2011-05-03 11:45:25',2,1351),(105,3,1,35,'','2011-05-03 07:45:25','system','sagar_bannikal_098@yahoo.com','2011-05-03 11:45:25',2,1352),(106,7,1,35,'','2011-05-03 07:45:25','system','sagar_bannikal_098@yahoo.com','2011-05-03 11:45:25',2,1353),(107,30,2,35,'','2011-05-03 07:45:25','system','sagar_bannikal_098@yahoo.com','2011-05-03 11:45:25',2,1455),(108,60,2,35,'','2011-05-03 07:45:25','system','sagar_bannikal_098@yahoo.com','2011-05-03 11:45:25',2,1456),(109,90,2,35,'','2011-05-03 07:45:25','system','sagar_bannikal_098@yahoo.com','2011-05-03 11:45:25',2,1457),(110,30,1,36,'','2011-05-04 09:12:16','system','anand@gmail.com','2011-05-04 13:12:16',2,1355),(111,15,2,36,'','2011-05-04 09:12:16','system','anand@gmail.com','2011-05-04 13:12:16',2,1454),(112,15,1,37,'','2011-05-06 01:19:44','system','anand@gmail.com','2011-05-06 05:19:44',2,1354),(113,30,2,37,'','2011-05-06 01:19:44','system','anand@gmail.com','2011-05-06 05:19:44',2,1455),(114,15,1,39,'','2011-05-27 01:25:58','system','patil.anand677@gmail.com','2011-05-27 05:25:58',2,1354),(115,15,2,39,'','2011-05-27 01:25:58','system','patil.anand677@gmail.com','2011-05-27 05:25:58',2,1454),(116,NULL,1,45,'','2011-05-27 02:08:48','system','patil.anand677@gmail.com','2011-05-27 06:08:48',1,1354),(117,60,1,46,'','2011-05-27 02:10:38','system','patil.anand677@gmail.com','2011-05-27 06:10:38',2,1356),(118,30,2,46,'','2011-05-27 02:10:38','system','patil.anand677@gmail.com','2011-05-27 06:10:38',2,1455),(119,15,1,47,'','2011-06-13 08:44:53','system','patil.anand677@gmail.com','2011-06-13 12:44:53',2,1354),(120,60,2,47,'','2011-06-13 08:44:53','system','patil.anand677@gmail.com','2011-06-13 12:44:53',2,1456),(121,3,1,48,'','2011-06-14 03:16:47','system','patil.anand677@gmail.com','2011-06-14 07:16:47',2,1352),(122,7,1,48,'','2011-06-14 03:16:47','system','patil.anand677@gmail.com','2011-06-14 07:16:47',2,1353),(123,15,1,48,'','2011-06-14 03:16:47','system','patil.anand677@gmail.com','2011-06-14 07:16:47',2,1354),(124,30,1,48,'','2011-06-14 03:16:47','system','patil.anand677@gmail.com','2011-06-14 07:16:47',2,1355),(125,3,2,48,'','2011-06-14 03:16:47','system','patil.anand677@gmail.com','2011-06-14 07:16:47',2,1452),(126,15,2,48,'','2011-06-14 03:16:47','system','patil.anand677@gmail.com','2011-06-14 07:16:47',2,1454),(127,30,2,48,'','2011-06-14 03:16:47','system','patil.anand677@gmail.com','2011-06-14 07:16:47',2,1455),(128,60,2,48,'','2011-06-14 03:16:47','system','patil.anand677@gmail.com','2011-06-14 07:16:47',2,1456),(129,3,1,49,'','2011-06-18 09:40:09','system','anand@gmail.com','2011-06-18 13:41:37',4,1352),(130,15,1,49,'','2011-06-18 09:40:09','system','anand@gmail.com','2011-06-18 13:41:37',4,1354),(131,60,1,49,'','2011-06-18 09:40:09','system','anand@gmail.com','2011-06-18 13:41:37',4,1356),(132,7,2,49,'','2011-06-18 09:40:09','system','anand@gmail.com','2011-06-18 13:41:37',4,1453),(133,30,2,49,'','2011-06-18 09:40:09','system','anand@gmail.com','2011-06-18 13:41:37',4,1455),(134,90,2,49,'','2011-06-18 09:40:09','system','anand@gmail.com','2011-06-18 13:41:37',4,1457),(135,3,1,50,'','2011-06-21 09:20:10','system','patil.anand677@gmail.com','2011-06-21 13:20:10',2,1352),(136,7,1,50,'','2011-06-21 09:20:10','system','patil.anand677@gmail.com','2011-06-21 13:20:10',2,1353),(137,30,1,50,'','2011-06-21 09:20:10','system','patil.anand677@gmail.com','2011-06-21 13:20:10',2,1355),(138,60,1,50,'','2011-06-21 09:20:10','system','patil.anand677@gmail.com','2011-06-21 13:20:10',2,1356),(139,3,2,50,'','2011-06-21 09:20:10','system','patil.anand677@gmail.com','2011-06-21 13:20:10',2,1452),(140,7,2,50,'','2011-06-21 09:20:10','system','patil.anand677@gmail.com','2011-06-21 13:20:10',2,1453),(141,30,2,50,'','2011-06-21 09:20:10','system','patil.anand677@gmail.com','2011-06-21 13:20:10',2,1455),(142,60,2,50,'','2011-06-21 09:20:10','system','patil.anand677@gmail.com','2011-06-21 13:20:10',2,1456),(143,1,1,52,'','2011-07-06 20:38:04','system','rraniga@uniserve.com','2011-07-07 01:33:52',3,1351),(144,3,1,52,'','2011-07-06 20:38:04','system','rraniga@uniserve.com','2011-07-07 01:33:52',3,1352),(145,7,1,52,'','2011-07-06 20:38:04','system','rraniga@uniserve.com','2011-07-07 01:33:52',3,1353),(146,15,1,52,'','2011-07-06 20:38:04','system','rraniga@uniserve.com','2011-07-07 01:33:52',3,1354),(147,30,1,52,'','2011-07-06 20:38:04','system','rraniga@uniserve.com','2011-07-07 01:33:52',3,1355),(148,1,2,52,'','2011-07-06 20:38:04','system','rraniga@uniserve.com','2011-07-07 01:33:52',3,1451),(149,3,2,52,'','2011-07-06 20:38:04','system','rraniga@uniserve.com','2011-07-07 01:33:52',3,1452),(150,7,2,52,'','2011-07-06 20:38:04','system','rraniga@uniserve.com','2011-07-07 01:33:52',3,1453),(151,15,2,52,'','2011-07-06 20:38:04','system','rraniga@uniserve.com','2011-07-07 01:33:52',3,1454),(152,1,1,53,'','2011-07-06 20:45:25','system','rraniga@uniserve.com','2011-07-07 00:45:25',2,1351),(153,3,1,53,'','2011-07-06 20:45:25','system','rraniga@uniserve.com','2011-07-07 00:45:25',2,1352),(154,7,1,53,'','2011-07-06 20:45:25','system','rraniga@uniserve.com','2011-07-07 00:45:25',2,1353),(155,15,1,53,'','2011-07-06 20:45:25','system','rraniga@uniserve.com','2011-07-07 00:45:25',2,1354),(156,30,1,53,'','2011-07-06 20:45:25','system','rraniga@uniserve.com','2011-07-07 00:45:25',2,1355),(157,60,1,53,'','2011-07-06 20:45:25','system','rraniga@uniserve.com','2011-07-07 00:45:25',2,1356),(158,90,1,53,'','2011-07-06 20:45:25','system','rraniga@uniserve.com','2011-07-07 00:45:25',2,1357),(159,1,2,53,'','2011-07-06 20:45:25','system','rraniga@uniserve.com','2011-07-07 00:45:25',2,1451),(160,3,2,53,'','2011-07-06 20:45:25','system','rraniga@uniserve.com','2011-07-07 00:45:25',2,1452),(161,7,2,53,'','2011-07-06 20:45:25','system','rraniga@uniserve.com','2011-07-07 00:45:25',2,1453),(162,30,2,53,'','2011-07-06 20:45:25','system','rraniga@uniserve.com','2011-07-07 00:45:25',2,1455),(163,1,1,54,'','2011-07-13 19:55:48','system','rraniga@uniserve.com','2011-07-13 23:55:48',2,1351),(164,3,1,54,'','2011-07-13 19:55:48','system','rraniga@uniserve.com','2011-07-13 23:55:48',2,1352),(165,7,1,54,'','2011-07-13 19:55:48','system','rraniga@uniserve.com','2011-07-13 23:55:48',2,1353),(166,15,1,54,'','2011-07-13 19:55:48','system','rraniga@uniserve.com','2011-07-13 23:55:48',2,1354),(167,30,1,54,'','2011-07-13 19:55:48','system','rraniga@uniserve.com','2011-07-13 23:55:48',2,1355),(168,60,1,54,'','2011-07-13 19:55:48','system','rraniga@uniserve.com','2011-07-13 23:55:48',2,1356),(169,90,1,54,'','2011-07-13 19:55:48','system','rraniga@uniserve.com','2011-07-13 23:55:48',2,1357),(170,1,2,54,'','2011-07-13 19:55:48','system','rraniga@uniserve.com','2011-07-13 23:55:48',2,1451),(171,3,2,54,'','2011-07-13 19:55:48','system','rraniga@uniserve.com','2011-07-13 23:55:48',2,1452),(172,7,2,54,'','2011-07-13 19:55:48','system','rraniga@uniserve.com','2011-07-13 23:55:48',2,1453),(173,15,2,54,'','2011-07-13 19:55:48','system','rraniga@uniserve.com','2011-07-13 23:55:48',2,1454),(174,30,2,54,'','2011-07-13 19:55:48','system','rraniga@uniserve.com','2011-07-13 23:55:48',2,1455),(175,60,2,54,'','2011-07-13 19:55:48','system','rraniga@uniserve.com','2011-07-13 23:55:48',2,1456),(176,90,2,54,'','2011-07-13 19:55:48','system','rraniga@uniserve.com','2011-07-13 23:55:48',2,1457),(177,1,1,55,'','2011-07-15 02:50:13','system','patil.anand677@gmail.com','2011-07-15 06:50:14',2,1351),(178,3,1,55,'','2011-07-15 02:50:13','system','patil.anand677@gmail.com','2011-07-15 06:50:14',2,1352),(179,7,1,55,'','2011-07-15 02:50:13','system','patil.anand677@gmail.com','2011-07-15 06:50:14',2,1353),(180,15,1,55,'','2011-07-15 02:50:13','system','patil.anand677@gmail.com','2011-07-15 06:50:14',2,1354),(181,1,2,55,'','2011-07-15 02:50:13','system','patil.anand677@gmail.com','2011-07-15 06:50:14',2,1451),(182,7,2,55,'','2011-07-15 02:50:13','system','patil.anand677@gmail.com','2011-07-15 06:50:14',2,1453),(183,15,2,55,'','2011-07-15 02:50:13','system','patil.anand677@gmail.com','2011-07-15 06:50:14',2,1454),(184,30,2,55,'','2011-07-15 02:50:13','system','patil.anand677@gmail.com','2011-07-15 06:50:14',2,1455),(185,1,1,57,'','2011-07-27 21:40:07','system','rraniga@uniserve.com','2011-07-28 01:40:07',2,1351),(186,3,1,57,'','2011-07-27 21:40:07','system','rraniga@uniserve.com','2011-07-28 01:40:07',2,1352),(187,7,1,57,'','2011-07-27 21:40:07','system','rraniga@uniserve.com','2011-07-28 01:40:07',2,1353),(188,15,1,57,'','2011-07-27 21:40:07','system','rraniga@uniserve.com','2011-07-28 01:40:07',2,1354),(189,30,1,57,'','2011-07-27 21:40:07','system','rraniga@uniserve.com','2011-07-28 01:40:07',2,1355),(190,1,1,58,'','2011-07-27 21:43:31','system','rraniga@uniserve.com','2011-07-28 01:43:31',2,1351),(191,3,1,58,'','2011-07-27 21:43:31','system','rraniga@uniserve.com','2011-07-28 01:43:31',2,1352),(192,7,1,58,'','2011-07-27 21:43:31','system','rraniga@uniserve.com','2011-07-28 01:43:31',2,1353),(193,15,1,58,'','2011-07-27 21:43:31','system','rraniga@uniserve.com','2011-07-28 01:43:31',2,1354),(194,30,1,58,'','2011-07-27 21:43:31','system','rraniga@uniserve.com','2011-07-28 01:43:31',2,1355),(195,60,1,58,'','2011-07-27 21:43:31','system','rraniga@uniserve.com','2011-07-28 01:43:31',2,1356),(196,90,1,58,'','2011-07-27 21:43:31','system','rraniga@uniserve.com','2011-07-28 01:43:31',2,1357),(197,1,2,58,'','2011-07-27 21:43:31','system','rraniga@uniserve.com','2011-07-28 01:43:31',2,1451),(198,3,2,58,'','2011-07-27 21:43:31','system','rraniga@uniserve.com','2011-07-28 01:43:31',2,1452),(199,7,2,58,'','2011-07-27 21:43:31','system','rraniga@uniserve.com','2011-07-28 01:43:31',2,1453),(200,15,2,58,'','2011-07-27 21:43:31','system','rraniga@uniserve.com','2011-07-28 01:43:31',2,1454),(201,30,2,58,'','2011-07-27 21:43:31','system','rraniga@uniserve.com','2011-07-28 01:43:31',2,1455),(202,60,2,58,'','2011-07-27 21:43:31','system','rraniga@uniserve.com','2011-07-28 01:43:31',2,1456),(203,1,1,59,'','2011-07-27 21:43:59','system','rraniga@uniserve.com','2011-07-28 01:43:59',2,1351),(204,3,1,59,'','2011-07-27 21:43:59','system','rraniga@uniserve.com','2011-07-28 01:43:59',2,1352),(205,7,1,59,'','2011-07-27 21:43:59','system','rraniga@uniserve.com','2011-07-28 01:43:59',2,1353),(206,15,1,59,'','2011-07-27 21:43:59','system','rraniga@uniserve.com','2011-07-28 01:43:59',2,1354),(207,30,1,59,'','2011-07-27 21:43:59','system','rraniga@uniserve.com','2011-07-28 01:43:59',2,1355),(208,60,1,59,'','2011-07-27 21:43:59','system','rraniga@uniserve.com','2011-07-28 01:43:59',2,1356),(209,90,1,59,'','2011-07-27 21:43:59','system','rraniga@uniserve.com','2011-07-28 01:43:59',2,1357),(210,1,2,59,'','2011-07-27 21:43:59','system','rraniga@uniserve.com','2011-07-28 01:43:59',2,1451),(211,3,2,59,'','2011-07-27 21:43:59','system','rraniga@uniserve.com','2011-07-28 01:43:59',2,1452),(212,7,2,59,'','2011-07-27 21:43:59','system','rraniga@uniserve.com','2011-07-28 01:43:59',2,1453),(213,15,2,59,'','2011-07-27 21:43:59','system','rraniga@uniserve.com','2011-07-28 01:43:59',2,1454),(214,30,2,59,'','2011-07-27 21:43:59','system','rraniga@uniserve.com','2011-07-28 01:43:59',2,1455),(215,60,2,59,'','2011-07-27 21:43:59','system','rraniga@uniserve.com','2011-07-28 01:43:59',2,1456);
/*!40000 ALTER TABLE `tax_info_reminder` ENABLE KEYS */;
UNLOCK TABLES;

--
-- Table structure for table `users`
--

DROP TABLE IF EXISTS `users`;
/*!40101 SET @saved_cs_client     = @@character_set_client */;
/*!40101 SET character_set_client = utf8 */;
CREATE TABLE `users` (
  `username` varchar(255) NOT NULL,
  `password` varchar(255) NOT NULL,
  `enabled` tinyint(1) NOT NULL,
  `party_relationship_id` int(11) NOT NULL,
  `CREATED_BY` varchar(50) NOT NULL,
  `CREATED_DATE` timestamp NOT NULL DEFAULT CURRENT_TIMESTAMP ON UPDATE CURRENT_TIMESTAMP,
  `UPDATED_BY` varchar(50) NOT NULL,
  `UPDATED_DATE` timestamp NOT NULL DEFAULT '0000-00-00 00:00:00',
  UNIQUE KEY `username` (`username`),
  KEY `username_2` (`username`)
) ENGINE=MyISAM DEFAULT CHARSET=latin1;
/*!40101 SET character_set_client = @saved_cs_client */;

--
-- Dumping data for table `users`
--

LOCK TABLES `users` WRITE;
/*!40000 ALTER TABLE `users` DISABLE KEYS */;
INSERT INTO `users` VALUES ('admin@firm.com','apoorva',1,143,'','2011-07-29 07:32:37','','2011-02-03 05:00:00'),('guest','admin',1,0,'','0000-00-00 00:00:00','','0000-00-00 00:00:00'),('vishnu_sharma@yahoo.com','password',1,138,'system','2011-01-31 10:00:00','system','2011-01-31 10:00:00'),('krishna@iscon.com','password',1,140,'system','2011-01-31 10:00:00','system','2011-01-31 10:00:00'),('james@chase.com','password',1,141,'system','2011-01-31 10:00:00','system','2011-01-31 10:00:00'),('sagar@sgar.com','password',1,143,'system','2011-02-02 05:00:00','system','2011-02-02 05:00:00'),('ady@yahoo.com','password',1,170,'system','2011-02-02 05:00:00','system','2011-02-02 05:00:00'),('bvbwali@yahoo.com','password',1,146,'system','2011-02-03 05:00:00','system','2011-02-03 05:00:00'),('jp1@telus.net','password',1,147,'system','2011-02-03 05:00:00','system','2011-02-03 05:00:00'),('rraniga@uniserve.com','password',1,148,'system','2011-02-03 05:00:00','system','2011-02-03 05:00:00'),('adityavashisht@yahoo.com','password',1,149,'system','2011-02-03 05:00:00','system','2011-02-03 05:00:00'),('sagar_bannikal_098@yahoo.com','password',1,150,'system','2011-07-29 07:34:03','system','2011-02-03 05:00:00'),('savitrisp@gmail.com','password',1,151,'system','2011-02-03 05:00:00','system','2011-02-03 05:00:00'),('rohit@yahoo.com','password',1,158,'system','2011-02-08 05:00:00','system','2011-02-08 05:00:00'),('srgudi@yahoo.com','password',1,167,'system','2011-02-09 05:00:00','system','2011-02-09 05:00:00'),('patil.anand677@gmail.com','password',1,178,'system','2011-07-30 06:03:33','system','2011-02-15 05:00:00'),('prashanth@gmail.com','password',1,173,'system','2011-02-15 05:00:00','system','2011-02-15 05:00:00'),('deepu@yahoo.com','password',1,196,'system','2011-02-16 05:00:00','system','2011-02-16 05:00:00'),('anil$@gmail.com','password',1,199,'system','2011-02-16 05:00:00','system','2011-02-16 05:00:00'),('manju@gmail.com','password',1,200,'system','2011-02-16 05:00:00','system','2011-02-16 05:00:00'),('raju@gmail.com','password',1,213,'system','2011-02-18 05:00:00','system','2011-02-18 05:00:00'),('sandeep@gmail.com','password',1,221,'system','2011-02-21 05:00:00','system','2011-02-21 05:00:00'),('deepu#yahoo.com','password',1,223,'system','2011-02-21 05:00:00','system','2011-02-21 05:00:00'),('deepu1@yahoo.com','password',1,228,'system','2011-02-21 05:00:00','system','2011-02-21 05:00:00'),('tanveer@gamil.om','password',1,244,'system','2011-03-01 05:00:00','system','2011-03-01 05:00:00'),('preety@gmail.com','password',1,245,'system','2011-03-01 05:00:00','system','2011-03-01 05:00:00'),('anand@gmail.com','password',1,255,'system','2011-03-11 05:00:00','system','2011-03-11 05:00:00'),('aa@rt.com','password',1,273,'system','2011-04-06 04:00:00','system','2011-04-06 04:00:00'),('patil.sd@gmail.com','password',1,284,'system','2011-04-14 04:00:00','system','2011-04-14 04:00:00'),('sagar@gmail.com','password',1,290,'system','2011-04-16 04:00:00','system','2011-04-16 04:00:00'),('as@gmail.com','password',1,297,'system','2011-04-19 04:00:00','system','2011-04-19 04:00:00'),('anil@gmail.com','password',1,317,'system','2011-06-11 04:00:00','system','2011-06-11 04:00:00'),('apoorvada@yahoo.com','bhagirathi',1,343,'system','2011-07-19 07:24:10','system','2011-07-18 04:00:00'),('aa@gmail.com','patil',1,344,'system','2011-07-18 13:24:03','system','2011-07-18 04:00:00'),('apoorvada123@yahoo.com','raghavendra',1,345,'system','2011-07-19 07:07:01','system','2011-07-19 04:00:00'),('ap@gmail.com','password',1,346,'system','2011-07-19 04:00:00','system','2011-07-19 04:00:00'),('ma@gmail.com','password',1,347,'system','2011-07-22 04:00:00','system','2011-07-22 04:00:00');
/*!40000 ALTER TABLE `users` ENABLE KEYS */;
UNLOCK TABLES;

--
-- Table structure for table `communication_type`
--

DROP TABLE IF EXISTS `communication_type`;
/*!40101 SET @saved_cs_client     = @@character_set_client */;
/*!40101 SET character_set_client = utf8 */;
CREATE TABLE `communication_type` (
  `id` smallint(6) unsigned NOT NULL,
  `name` varchar(50) DEFAULT NULL,
  `description` varchar(100) DEFAULT NULL,
  `create_date` timestamp NULL DEFAULT NULL,
  `create_user_id` varchar(30) DEFAULT NULL,
  `last_update_user_id` varchar(30) DEFAULT NULL,
  `last_update_date` timestamp NULL DEFAULT NULL,
  `version` int(11) DEFAULT '0',
  `phone_indicator` bit(1) DEFAULT NULL,
  `active_flag` bit(1) DEFAULT NULL,
  PRIMARY KEY (`id`)
) ENGINE=InnoDB DEFAULT CHARSET=latin1;
/*!40101 SET character_set_client = @saved_cs_client */;

--
-- Dumping data for table `communication_type`
--

LOCK TABLES `communication_type` WRITE;
/*!40000 ALTER TABLE `communication_type` DISABLE KEYS */;
INSERT INTO `communication_type` VALUES (1,'Email','Email Address','2010-07-16 10:04:45','system','system','2010-07-16 10:04:57',0,'\0',''),(2,'Fax','Fax','2010-07-16 10:04:45','system','system','2010-07-16 10:04:57',0,'\0',''),(3,'Office','Office Phone','2010-07-16 10:04:45','system','system','2010-07-16 10:04:57',0,'',''),(4,'Home','Home Phone','2010-07-16 10:04:45','system','system','2010-07-16 10:04:57',0,'',''),(5,'Mobile','Mobile Phone','2010-07-16 10:04:45','system','system','2010-07-16 10:04:57',0,'',''),(6,'Other','Other Phone','2010-07-16 10:04:45','system','system','2010-07-16 10:04:57',0,'',''),(7,'Web Site','Web Site URL -1','2010-07-16 10:04:45','system','system','2010-07-16 10:04:57',0,'\0','');
/*!40000 ALTER TABLE `communication_type` ENABLE KEYS */;
UNLOCK TABLES;

--
-- Table structure for table `party_account`
--

DROP TABLE IF EXISTS `party_account`;
/*!40101 SET @saved_cs_client     = @@character_set_client */;
/*!40101 SET character_set_client = utf8 */;
CREATE TABLE `party_account` (
  `party_id` bigint(20) unsigned NOT NULL DEFAULT '0',
  `account_number` varchar(50) NOT NULL,
  `account_type` bigint(20) unsigned DEFAULT NULL,
  `party_site_id` bigint(20) unsigned DEFAULT NULL,
  `id` bigint(20) unsigned NOT NULL AUTO_INCREMENT,
  `active_flag` bit(1) NOT NULL,
  `create_user_id` varchar(100) NOT NULL,
  `create_date` timestamp NULL DEFAULT NULL,
  `version` int(11) NOT NULL DEFAULT '0',
  `last_update_user_id` varchar(100) DEFAULT NULL,
  `last_update_date` timestamp NULL DEFAULT NULL,
  `terms` varchar(2000) DEFAULT NULL,
  `account_category` bigint(20) unsigned DEFAULT NULL,
  `account_entity_name` varchar(50) DEFAULT NULL,
  `address_id` bigint(20) unsigned DEFAULT NULL,
  PRIMARY KEY (`id`),
  KEY `fkeea0f2df3f2a9147` (`party_id`),
  KEY `fkeea0f2df6dd29fe7` (`party_site_id`),
  CONSTRAINT `fk_party_account_is_for_party` FOREIGN KEY (`party_id`) REFERENCES `party` (`party_id`),
  CONSTRAINT `fk_party_relationship_account_is_for_a_site` FOREIGN KEY (`party_site_id`) REFERENCES `party_site` (`id`)
) ENGINE=InnoDB AUTO_INCREMENT=197 DEFAULT CHARSET=latin1;
/*!40101 SET character_set_client = @saved_cs_client */;

--
-- Dumping data for table `party_account`
--

LOCK TABLES `party_account` WRITE;
/*!40000 ALTER TABLE `party_account` DISABLE KEYS */;
INSERT INTO `party_account` VALUES (299,'999884567',800,101,8,'','system','2011-02-03 04:10:35',0,NULL,NULL,'Direct Deposit account',700,NULL,NULL),(318,'15',804,128,9,'','system','2011-02-09 04:21:03',0,NULL,NULL,'testing',700,NULL,NULL),(318,'6778899999',853,139,10,'','system','2011-02-14 12:05:03',0,NULL,NULL,'testing',703,NULL,NULL),(318,'1222',803,NULL,11,'','system','2011-02-15 08:12:58',0,NULL,NULL,'1111',700,'Bank of America',206),(318,'1222',803,NULL,12,'','system','2011-02-15 08:20:30',0,NULL,NULL,'1111',700,'Something else',207),(345,'647895462365',801,149,13,'\0','system','2011-02-15 10:28:22',1,'patil.anand677@gmail.com','2011-06-15 06:40:23','',700,NULL,NULL),(345,'974856712355',857,150,14,'\0','system','2011-02-15 10:36:44',1,'patil.anand677@gmail.com','2011-06-15 06:41:19','',703,NULL,NULL),(345,'1245',822,151,15,'','system','2011-02-15 10:54:49',0,NULL,NULL,'',701,NULL,NULL),(345,'235685858',NULL,153,16,'','system','2011-02-15 11:09:46',0,NULL,NULL,'',702,NULL,NULL),(345,'1452669896=876',802,155,17,'','system','2011-02-15 12:27:02',0,NULL,NULL,'',700,NULL,NULL),(345,'12455+=458878',802,155,18,'','system','2011-02-15 12:29:22',0,NULL,NULL,'',700,NULL,NULL),(318,'234567',803,NULL,19,'','system','2011-02-15 13:41:29',0,NULL,NULL,'345678',700,'ICIICI Bank',218),(318,'999884567',801,NULL,20,'','system','2011-02-15 13:47:25',0,NULL,NULL,'23455',700,'HDBC',219),(318,'6778899999',804,NULL,51,'','system','2011-02-17 14:45:20',0,NULL,NULL,'te',700,'Bank Of India',276),(345,'9745556898989',801,NULL,52,'','system','2011-02-17 14:46:18',0,NULL,NULL,'',700,'Karnataka Bank',277),(345,'45488799966',852,NULL,53,'','system','2011-02-17 14:47:57',0,NULL,NULL,'',703,'Karnataka Bank',278),(318,'456',802,NULL,54,'','system','2011-02-17 14:56:41',0,NULL,NULL,'testing',700,'Punjab',279),(345,'0047896547000',805,NULL,55,'','system','2011-02-18 05:31:10',0,NULL,NULL,'',700,'SBM',280),(345,'12457896454',864,NULL,56,'','system','2011-02-18 05:40:16',0,NULL,NULL,'',703,'SBM',281),(345,'1234',822,NULL,57,'','system','2011-02-18 05:42:36',0,NULL,NULL,'',701,'credit',282),(345,'45488799966',NULL,NULL,58,'','system','2011-02-18 05:44:27',0,NULL,NULL,'',702,'ravi',283),(318,'15',804,NULL,59,'','system','2011-02-18 05:57:40',0,NULL,NULL,'testing',700,'City Bank',284),(345,'1458525=+214',806,NULL,60,'','system','2011-02-18 07:01:20',0,NULL,NULL,'',700,'SBM',287),(345,'45488799966',801,NULL,61,'','system','2011-02-18 07:11:17',0,NULL,NULL,'',700,'credit',288),(345,'9745556898989',802,NULL,62,'','system','2011-02-18 07:24:02',0,NULL,NULL,'',700,'credit',289),(345,'4785+=469999',857,NULL,63,'','system','2011-02-18 07:27:32',1,NULL,NULL,'',703,'sbi',290),(345,'45488799966',852,NULL,64,'','system','2011-02-18 07:35:26',0,NULL,NULL,'',703,'credit',291),(345,'qrwerwerw',1492,NULL,65,'','system','2011-02-18 07:39:05',2,NULL,NULL,'',701,'Karnataka Bank',292),(345,'4785469999',821,NULL,66,'','system','2011-02-18 07:50:34',0,NULL,NULL,'',701,'SBM',293),(345,'97455#=56898989',NULL,NULL,67,'','system','2011-02-18 07:52:24',1,NULL,NULL,'',702,'ravi',294),(345,'147856977',NULL,NULL,68,'','system','2011-02-18 07:57:31',0,NULL,NULL,'',702,'shankar',295),(345,'45488799966',801,NULL,69,'','system','2011-02-21 06:13:18',0,NULL,NULL,'',700,'SBM',304),(345,'4785469999',852,NULL,70,'','system','2011-02-21 07:07:54',0,NULL,NULL,'',703,'Karnataka Bank',305),(345,'4785469999',1492,NULL,71,'','system','2011-02-21 07:21:46',0,NULL,NULL,'',701,'SBM',306),(345,'454887#=99966',821,NULL,72,'','system','2011-02-21 07:24:16',1,NULL,NULL,'',701,'sbi',307),(345,'45488799966',NULL,NULL,73,'','system','2011-02-21 07:26:24',0,NULL,NULL,'',702,'santhosh',308),(345,'454887#=99966',NULL,NULL,74,'','system','2011-02-21 07:28:19',0,NULL,NULL,'',702,'mallu',309),(345,'454887#=99966',855,NULL,75,'','system','2011-02-21 07:45:07',0,NULL,NULL,'',703,'Karnataka Bank',310),(345,'454887#=99966',822,NULL,76,'','system','2011-02-21 08:00:59',0,NULL,NULL,'',701,'Karnataka Bank',311),(345,'454887#=99966',NULL,NULL,77,'','system','2011-02-21 08:04:31',0,NULL,NULL,'',702,'Karnataka Bank',312),(345,'asgghjl',NULL,NULL,78,'','system','2011-02-23 13:27:49',0,NULL,NULL,'',702,'125555@#$%',332),(345,'asdgfhjkl',803,NULL,79,'','system','2011-02-24 13:30:29',0,NULL,NULL,'',700,'1234566789',337),(345,'dggfhhgjkg',801,NULL,80,'','system','2011-02-25 05:09:23',0,NULL,NULL,'',700,'123sda@#$%',338),(345,'adghs@$@$',851,NULL,81,'','system','2011-02-25 05:25:49',0,NULL,NULL,'',703,'@#$asda124',339),(404,'3456789',803,NULL,82,'','system','2011-02-26 23:17:22',0,NULL,NULL,'None',700,'Citi Bank',342),(404,'1234567',801,NULL,84,'','system','2011-02-27 03:06:36',0,NULL,NULL,'none',700,'Bank of India',344),(404,'234',803,NULL,85,'\0','system','2011-02-27 06:08:47',1,'sagar_bannikal_098@yahoo.com','2011-06-30 10:54:20','testing',700,'SBI',345),(345,'@$^Z46',856,NULL,88,'','system','2011-03-01 12:27:33',1,NULL,NULL,'',703,'#$%$^%%^',356),(345,'asdfghjk',822,NULL,90,'','system','2011-03-01 13:06:14',0,NULL,NULL,'',701,'123456',358),(345,'454887#=99966',854,NULL,92,'','system','2011-03-01 13:08:23',0,NULL,NULL,'',703,'125555@#$%',360),(345,'133253256',801,NULL,96,'','system','2011-03-04 06:15:28',0,NULL,NULL,'',700,'rerewt',379),(345,'45488799966',804,NULL,97,'','system','2011-03-04 11:56:40',0,NULL,NULL,'',700,'Karnataka Bank',380),(345,'45488799966',801,NULL,98,'','system','2011-03-04 11:56:43',1,NULL,NULL,'',700,'Karnataka Bank',381),(345,'45488799966',801,NULL,99,'','system','2011-03-09 05:51:13',0,NULL,NULL,'',700,'Karnataka Bank',387),(345,'4785469999',805,NULL,100,'','system','2011-03-09 06:05:08',0,NULL,NULL,'',700,'SBM',388),(345,'45488799966',855,NULL,101,'','system','2011-03-09 07:25:45',0,NULL,NULL,'',703,'SBM',389),(345,'45488799966',821,NULL,102,'','system','2011-03-09 07:59:47',0,NULL,NULL,'',701,'SBM',390),(345,'1414414',NULL,NULL,103,'','system','2011-03-10 13:30:15',0,NULL,NULL,'',702,'sbm',393),(431,'123456789',801,NULL,104,'','system','2011-03-11 06:33:02',0,NULL,NULL,'',700,'SBI',398),(345,'asdfghjk4567',802,NULL,105,'','system','2011-04-04 08:52:30',0,NULL,NULL,'',700,'Karnataka Bank',408),(345,'asdfghjk',801,NULL,106,'','system','2011-04-04 11:56:29',0,NULL,NULL,'',700,'SBM',409),(345,'asdfghjk',852,NULL,107,'','system','2011-04-05 12:06:34',0,NULL,NULL,'',703,'sudeep',410),(345,'asdfghjRER123',822,NULL,108,'','system','2011-04-05 12:17:50',0,NULL,NULL,'',701,'Karnataka Bank',411),(345,'asdfghjk',NULL,NULL,109,'','system','2011-04-05 12:25:32',0,NULL,NULL,'',702,'Karnataka Bank',412),(345,'asdfghjk',NULL,NULL,110,'','system','2011-04-05 12:28:07',0,NULL,NULL,'',702,'SBM',413),(345,'9745556898989fhddggggggggggggggggggggggggggggggggg',801,NULL,111,'','system','2011-04-07 06:12:08',0,NULL,NULL,'',700,'Karnataka Bank',424),(345,'9745556898989fhddgggggggggggggggggg',801,NULL,112,'','system','2011-04-07 06:13:09',0,NULL,NULL,'',700,'Karnataka Bank',425),(345,'9745556898989',853,NULL,115,'','system','2011-04-08 05:19:56',0,NULL,NULL,'',703,'Karnataka Bank',430),(345,'9745556898989',821,NULL,116,'','system','2011-04-08 07:50:17',2,NULL,NULL,'',701,'Karnataka Bank',431),(345,'234',803,NULL,117,'','system','2011-04-10 06:53:44',0,NULL,NULL,'',700,'SBI',432),(431,'234',802,NULL,118,'','system','2011-04-11 12:26:24',0,NULL,NULL,'',700,'SBI',439),(345,'45454523',803,NULL,119,'','system','2011-04-25 05:45:36',3,'patil.anand677@gmail.com','2011-04-25 05:47:37','',700,'SBI',482),(345,'45454523',NULL,NULL,120,'','system','2011-04-25 11:29:20',1,'patil.anand677@gmail.com','2011-04-25 11:29:22','',702,'SBI',485),(345,'45454523',801,NULL,121,'','system','2011-04-25 11:30:49',1,'patil.anand677@gmail.com','2011-04-25 11:30:50','',700,'SBI',486),(431,'32569874522',802,NULL,122,'\0','system','2011-04-30 07:39:04',2,'anand@gmail.com','2011-07-25 11:53:03','',700,'SBI',490),(431,'32145698',855,NULL,123,'','system','2011-04-30 07:48:44',1,'anand@gmail.com','2011-04-30 07:48:46','',703,'Karnataka Bank',491),(345,'124658987',802,NULL,124,'','system','2011-05-12 13:19:32',1,'patil.anand677@gmail.com','2011-05-12 13:19:36','',700,'SBI',492),(345,'124658987',851,NULL,125,'','system','2011-05-12 13:22:01',1,'patil.anand677@gmail.com','2011-05-12 13:22:03','',703,'SBI',493),(345,'124658987',1492,NULL,126,'','system','2011-05-12 13:23:17',1,'patil.anand677@gmail.com','2011-05-12 13:23:19','',701,'SBI',494),(345,'124658987',NULL,NULL,127,'','system','2011-05-12 13:24:34',1,'patil.anand677@gmail.com','2011-05-12 13:24:37','',702,'SBI',495),(345,'124658987',803,NULL,128,'','system','2011-05-12 13:54:18',1,'patil.anand677@gmail.com','2011-05-12 13:54:20','',700,'SBI',496),(345,'124658987',852,NULL,129,'','system','2011-05-12 13:55:27',1,'patil.anand677@gmail.com','2011-05-12 13:55:29','',703,'SBI',497),(345,'124658987',822,NULL,130,'','system','2011-05-12 13:56:40',1,'patil.anand677@gmail.com','2011-05-12 13:56:42','',701,'SBI',498),(345,'124658987',NULL,NULL,131,'','system','2011-05-12 13:57:27',1,'patil.anand677@gmail.com','2011-05-12 13:57:29','',702,'SBI',499),(345,'124658987',805,NULL,132,'','system','2011-05-23 04:23:46',1,'patil.anand677@gmail.com','2011-05-23 04:23:48','',700,'SBI',506),(345,'124658987',802,NULL,133,'','system','2011-05-25 10:30:11',1,'patil.anand677@gmail.com','2011-05-25 10:30:16','',700,'SBI',511),(345,'124658987',852,NULL,134,'','system','2011-05-25 10:50:40',1,'patil.anand677@gmail.com','2011-05-25 10:50:45','',703,'SBI',512),(345,'124658987',1492,NULL,135,'','system','2011-05-25 10:52:15',1,'patil.anand677@gmail.com','2011-05-25 10:52:20','',701,'SBI',513),(345,'124658987',NULL,NULL,136,'','system','2011-05-25 10:53:37',1,'patil.anand677@gmail.com','2011-05-25 10:53:42','',702,'SBI',514),(345,'124658987',806,NULL,137,'','system','2011-05-27 04:44:36',1,'patil.anand677@gmail.com','2011-05-27 04:44:38','',700,'SBI',515),(345,'124658987',802,NULL,138,'','system','2011-05-31 05:05:25',1,'patil.anand677@gmail.com','2011-05-31 05:05:28','',700,'SBI',518),(345,'124658987',859,NULL,139,'','system','2011-05-31 05:08:13',1,'patil.anand677@gmail.com','2011-05-31 05:08:16','',703,'Insurance',519),(345,'124658987',1492,NULL,140,'','system','2011-05-31 05:11:17',1,'patil.anand677@gmail.com','2011-05-31 05:11:20','',701,'SBI',520),(345,'124658987',NULL,NULL,141,'','system','2011-05-31 05:14:35',1,'patil.anand677@gmail.com','2011-05-31 05:14:38','',702,'SBI',521),(431,'124658987',822,NULL,142,'','system','2011-06-01 13:49:26',1,'anand@gmail.com','2011-06-01 13:49:28','',701,'Insurance',527),(431,'124658987',NULL,NULL,144,'','system','2011-06-01 14:00:39',1,'anand@gmail.com','2011-06-01 14:00:43','',702,'SBI',529),(345,'124658987',800,NULL,145,'','system','2011-06-06 06:42:01',1,'patil.anand677@gmail.com','2011-06-06 06:42:03','',700,'SBH',531),(345,'124658987',801,NULL,146,'','system','2011-06-06 06:53:47',1,'patil.anand677@gmail.com','2011-06-06 06:53:48','',700,'SBI',532),(345,'124658987',803,NULL,147,'','system','2011-06-06 10:57:51',1,'patil.anand677@gmail.com','2011-06-06 10:57:52','',700,'SBH',537),(345,'124658987',859,NULL,148,'','system','2011-06-06 11:07:14',1,'patil.anand677@gmail.com','2011-06-06 11:07:15','',703,'Insurance',538),(345,'124658987',822,NULL,149,'','system','2011-06-06 11:14:39',1,'patil.anand677@gmail.com','2011-06-06 11:14:40','',701,'SBI',539),(345,'124658987',NULL,NULL,150,'','system','2011-06-06 11:39:54',1,'patil.anand677@gmail.com','2011-06-06 11:39:56','',702,'Raj',540),(345,'124658987',803,NULL,151,'','system','2011-06-08 07:40:34',1,'patil.anand677@gmail.com','2011-06-08 07:40:36','',700,'SBH',547),(345,'124658987',856,NULL,152,'','system','2011-06-08 07:42:07',1,'patil.anand677@gmail.com','2011-06-08 07:42:09','',703,'SBI',548),(345,'124658987',822,NULL,153,'','system','2011-06-08 07:44:01',1,'patil.anand677@gmail.com','2011-06-08 07:44:03','',701,'SBH',549),(345,'124658987',NULL,NULL,154,'','system','2011-06-08 07:45:28',1,'patil.anand677@gmail.com','2011-06-08 07:45:30','',702,'SBH',550),(529,'5302569874',801,NULL,155,'','system','2011-06-09 02:17:38',1,'rraniga@uniserve.com','2011-06-09 02:17:39','',700,'Scotiabank',554),(529,'A123',857,NULL,156,'','system','2011-06-09 02:25:23',1,'rraniga@uniserve.com','2011-06-09 02:25:25','Advised clients re incorporation',703,'Throsteinssons',555),(529,'AWC456FG',822,NULL,157,'','system','2011-06-09 02:30:21',1,'rraniga@uniserve.com','2011-06-09 02:30:23','Life insurance on John owned by the Company',701,'AAA Insurance',556),(529,'123659',NULL,NULL,158,'','system','2011-06-09 02:33:03',1,'rraniga@uniserve.com','2011-06-09 02:33:05','Advice client before asking fr confirmation',702,'Computershare',557),(345,'124658987',863,NULL,159,'','system','2011-06-15 10:43:57',1,'patil.anand677@gmail.com','2011-06-15 10:43:59','',703,'SBI',566),(345,'124658987',822,NULL,160,'','system','2011-06-15 10:46:59',1,'patil.anand677@gmail.com','2011-06-15 10:47:01','',701,'SBH',567),(345,'124658987',NULL,NULL,161,'','system','2011-06-15 10:49:51',1,'patil.anand677@gmail.com','2011-06-15 10:49:54','',702,'SBI',568),(299,'420',803,NULL,168,'','system','2011-06-21 06:59:30',1,'admin@firm.com','2011-06-21 06:59:32','rule d world',700,'axis bank',577),(299,'420',852,NULL,169,'','system','2011-06-21 07:00:56',1,'admin@firm.com','2011-06-21 07:00:58','rule d world',703,'axis bank',578),(299,'420',822,NULL,170,'','system','2011-06-21 07:02:28',1,'admin@firm.com','2011-06-21 07:02:30','rule d world',701,'axis bank',579),(299,'420',NULL,NULL,171,'','system','2011-06-21 07:03:31',1,'admin@firm.com','2011-06-21 07:03:33','rule d world',702,'axis bank',580),(404,'420',803,NULL,184,'\0','system','2011-06-28 06:03:16',2,'sagar_bannikal_098@yahoo.com','2011-06-28 09:21:18','',700,'axis bank',597),(404,'420',852,NULL,185,'','system','2011-06-28 06:08:08',1,'sagar_bannikal_098@yahoo.com','2011-06-28 06:08:10','',703,'axis bank',598),(404,'45488799966',851,NULL,186,'','system','2011-06-30 06:56:17',1,'sagar_bannikal_098@yahoo.com','2011-06-30 06:56:19','test',703,'Karnataka Bank',609),(404,'45488799966',1492,NULL,187,'','system','2011-06-30 06:58:16',1,'sagar_bannikal_098@yahoo.com','2011-06-30 06:58:18','test',701,'Karnataka Bank',610),(404,'45488799966',804,NULL,188,'\0','system','2011-06-30 10:55:25',2,'sagar_bannikal_098@yahoo.com','2011-06-30 10:56:43','test',700,'Karnataka Bank',612),(345,'124658987',803,NULL,189,'\0','system','2011-06-30 10:57:53',2,'patil.anand677@gmail.com','2011-06-30 10:58:47','',700,'SBH',613),(299,'420',803,NULL,190,'','system','2011-07-01 06:43:29',1,'admin@firm.com','2011-07-01 06:43:31','',700,'axis bank',617),(299,'420',852,NULL,191,'','system','2011-07-01 06:44:32',1,'admin@firm.com','2011-07-01 06:44:34','',703,'axis bank',618),(299,'420',852,NULL,192,'','system','2011-07-01 06:47:09',1,'admin@firm.com','2011-07-01 06:47:11','',703,'axis bank',619),(404,'45488799966',851,NULL,193,'','system','2011-07-01 09:44:39',1,'sagar_bannikal_098@yahoo.com','2011-07-01 09:44:42','',703,'Karnataka Bank',620),(345,'124658987',800,NULL,194,'','system','2011-07-07 11:45:28',1,'patil.anand677@gmail.com','2011-07-07 11:45:34','',700,'SBI',627),(345,'124658987',805,NULL,195,'','system','2011-07-07 11:48:31',1,'patil.anand677@gmail.com','2011-07-07 11:48:33','',700,'SBH',628),(431,'123456789',NULL,NULL,196,'\0','system','2011-07-25 11:58:10',2,'anand@gmail.com','2011-07-25 11:58:39','',702,'SBH',642);
/*!40000 ALTER TABLE `party_account` ENABLE KEYS */;
UNLOCK TABLES;

--
-- Table structure for table `party_code`
--

DROP TABLE IF EXISTS `party_code`;
/*!40101 SET @saved_cs_client     = @@character_set_client */;
/*!40101 SET character_set_client = utf8 */;
CREATE TABLE `party_code` (
  `id` bigint(20) NOT NULL AUTO_INCREMENT,
  `code_id` bigint(20) unsigned NOT NULL,
  `party_id` bigint(20) unsigned NOT NULL,
  `create_date` datetime NOT NULL,
  `create_user_id` varchar(30) NOT NULL,
  `version` int(11) NOT NULL DEFAULT '0',
  `sort_order` int(11) DEFAULT NULL,
  `last_update_user_id` varchar(30) DEFAULT NULL,
  `last_update_date` timestamp NULL DEFAULT NULL,
  `active_flag` bit(1) DEFAULT NULL,
  PRIMARY KEY (`id`),
  KEY `fk3b3907c64b78cfda` (`party_id`),
  KEY `fk3b3907c6384382ba` (`code_id`),
  CONSTRAINT `fk3b3907c64b78cfda` FOREIGN KEY (`party_id`) REFERENCES `party` (`party_id`),
  CONSTRAINT `fk_party_cd_is_a_code` FOREIGN KEY (`code_id`) REFERENCES `code` (`id`),
  CONSTRAINT `fk_party_cd_is_for_party` FOREIGN KEY (`party_id`) REFERENCES `party` (`party_id`)
) ENGINE=InnoDB AUTO_INCREMENT=47 DEFAULT CHARSET=latin1;
/*!40101 SET character_set_client = @saved_cs_client */;

--
-- Dumping data for table `party_code`
--

LOCK TABLES `party_code` WRITE;
/*!40000 ALTER TABLE `party_code` DISABLE KEYS */;
INSERT INTO `party_code` VALUES (1,1462,314,'2011-02-08 23:16:08','system',0,1,NULL,NULL,''),(2,1463,314,'2011-02-08 23:17:41','system',0,2,NULL,NULL,''),(3,1464,314,'2011-02-08 23:24:10','system',0,2,NULL,NULL,''),(4,1465,314,'2011-02-08 23:24:36','system',0,3,NULL,NULL,''),(5,1466,310,'2011-02-09 00:17:55','system',0,1,NULL,NULL,''),(6,1467,310,'2011-02-09 00:19:16','system',0,1,NULL,NULL,''),(7,1468,310,'2011-02-09 00:27:45','system',0,1,NULL,NULL,''),(8,1469,310,'2011-02-09 23:06:56','system',0,1,NULL,NULL,''),(9,1470,310,'2011-02-09 23:07:43','system',0,1,NULL,NULL,''),(10,1471,310,'2011-02-09 23:09:29','system',0,1,NULL,NULL,''),(11,1485,343,'2011-02-15 07:10:47','system',0,2,NULL,NULL,''),(12,1486,343,'2011-02-15 07:12:41','system',0,3,NULL,NULL,''),(13,1489,343,'2011-02-16 04:34:08','system',0,2,NULL,NULL,''),(14,1491,343,'2011-02-17 08:48:11','system',0,2,NULL,NULL,''),(15,1493,343,'2011-02-18 03:10:31','system',0,3,NULL,NULL,''),(16,1494,343,'2011-02-18 03:34:36','system',0,2,NULL,NULL,''),(17,1495,343,'2011-02-21 04:00:00','system',0,3,NULL,NULL,''),(18,1496,343,'2011-02-21 04:28:43','system',0,3,NULL,NULL,''),(19,1501,343,'2011-02-28 08:21:59','system',0,2,NULL,NULL,''),(20,1503,343,'2011-03-01 08:56:41','system',1,1245245422,NULL,NULL,''),(21,1506,343,'2011-03-02 02:12:51','system',0,1245245422,NULL,NULL,''),(22,1508,370,'2011-03-12 07:47:10','system',0,3,NULL,NULL,''),(23,1509,370,'2011-03-12 07:48:03','system',0,3,NULL,NULL,''),(24,1510,343,'2011-04-05 09:14:30','system',0,2444,NULL,NULL,''),(25,1512,343,'2011-04-06 04:13:51','system',0,1243546789,NULL,NULL,''),(26,1513,343,'2011-04-06 04:14:31','system',0,1234567890,NULL,NULL,''),(27,1515,314,'2011-04-15 08:16:55','system',1,12,'sagar_bannikal_098@yahoo.com','2011-04-15 12:16:57',''),(28,1516,343,'2011-04-15 09:01:12','system',1,NULL,'patil.anand677@gmail.com','2011-04-15 13:01:13',''),(29,1518,343,'2011-04-18 06:06:32','system',1,15,'patil.anand677@gmail.com','2011-04-18 10:06:33',''),(30,1519,343,'2011-04-18 06:07:26','system',1,20,'patil.anand677@gmail.com','2011-04-18 10:07:27',''),(31,1520,343,'2011-04-18 06:07:28','system',1,20,'patil.anand677@gmail.com','2011-04-18 10:07:29',''),(32,1525,343,'2011-05-25 05:49:14','system',1,20,'patil.anand677@gmail.com','2011-05-25 09:49:18',''),(33,1526,343,'2011-05-27 03:02:32','system',2,20,'patil.anand677@gmail.com','2011-05-27 07:02:55','\0'),(34,1527,343,'2011-05-27 03:03:34','system',2,18,'patil.anand677@gmail.com','2011-05-27 07:04:16',''),(35,1528,343,'2011-05-27 03:13:13','system',1,20,'patil.anand677@gmail.com','2011-05-27 07:13:15',''),(36,1531,343,'2011-06-18 01:08:33','system',1,20,'patil.anand677@gmail.com','2011-06-18 05:08:35',''),(37,1532,343,'2011-06-18 01:09:26','system',1,20,'patil.anand677@gmail.com','2011-06-18 05:09:28',''),(38,1533,343,'2011-06-18 01:10:15','system',1,20,'patil.anand677@gmail.com','2011-06-18 05:10:17',''),(39,1534,370,'2011-06-18 05:47:41','system',1,20,'anand@gmail.com','2011-06-18 09:47:43',''),(40,1535,343,'2011-06-24 07:45:25','system',1,NULL,'patil.anand677@gmail.com','2011-06-24 11:45:26',''),(41,1536,343,'2011-06-24 07:47:13','system',1,20,'patil.anand677@gmail.com','2011-06-24 11:47:15',''),(42,1537,298,'2011-06-28 02:41:27','system',1,11,'admin@firm.com','2011-06-28 06:41:29',''),(43,1541,343,'2011-07-21 02:22:30','system',1,2,'patil.anand677@gmail.com','2011-07-21 06:22:33',''),(44,1542,314,'2011-07-29 01:07:20','system',1,5,'sagar_bannikal_098@yahoo.com','2011-07-29 05:07:24',''),(45,1543,343,'2011-07-29 06:02:49','system',1,NULL,'patil.anand677@gmail.com','2011-07-29 10:02:53',''),(46,1544,314,'2011-07-30 07:26:44','system',1,2,'sagar_bannikal_098@yahoo.com','2011-07-30 11:26:49','');
/*!40000 ALTER TABLE `party_code` ENABLE KEYS */;
UNLOCK TABLES;

--
-- Table structure for table `party_site_communication`
--

DROP TABLE IF EXISTS `party_site_communication`;
/*!40101 SET @saved_cs_client     = @@character_set_client */;
/*!40101 SET character_set_client = utf8 */;
CREATE TABLE `party_site_communication` (
  `id` bigint(20) unsigned NOT NULL AUTO_INCREMENT,
  `communication_type` smallint(6) unsigned NOT NULL,
  `party_site_id` bigint(20) unsigned DEFAULT NULL,
  `contact_detail` varchar(255) DEFAULT NULL,
  `best_time_to_contact` varchar(100) DEFAULT NULL,
  `preferred_flag` bit(1) DEFAULT NULL,
  `version` int(11) NOT NULL DEFAULT '0',
  `active_flag` bit(1) DEFAULT NULL,
  `create_date` timestamp NULL DEFAULT NULL,
  `create_user_id` varchar(100) NOT NULL,
  `last_update_date` timestamp NULL DEFAULT NULL,
  `last_update_user_id` varchar(100) DEFAULT NULL,
  `contact_name` varchar(255) DEFAULT NULL,
  `contact_title` varchar(50) DEFAULT NULL,
  `party_id` bigint(20) unsigned DEFAULT NULL,
  `sub_type` int(11) DEFAULT NULL,
  PRIMARY KEY (`id`),
  KEY `fkeeac7ad76dd29fe7` (`party_site_id`),
  KEY `fk_party_site_communication_for_communication_type` (`communication_type`),
  KEY `fk_party_site_communication_is_for_party` (`party_id`),
  CONSTRAINT `fk_party_site_communication_for_communication_type` FOREIGN KEY (`communication_type`) REFERENCES `communication_type` (`id`),
  CONSTRAINT `fk_party_site_communication_is_for_party` FOREIGN KEY (`party_id`) REFERENCES `party` (`party_id`) ON DELETE NO ACTION ON UPDATE NO ACTION,
  CONSTRAINT `fk_party_site_communication_is_for_party_site` FOREIGN KEY (`party_site_id`) REFERENCES `party_site` (`id`)
) ENGINE=InnoDB AUTO_INCREMENT=741 DEFAULT CHARSET=latin1;
/*!40101 SET character_set_client = @saved_cs_client */;

--
-- Dumping data for table `party_site_communication`
--

LOCK TABLES `party_site_communication` WRITE;
/*!40000 ALTER TABLE `party_site_communication` DISABLE KEYS */;
INSERT INTO `party_site_communication` VALUES (249,3,97,'7031111234',NULL,NULL,0,'','2011-02-02 06:40:43','system',NULL,'system',NULL,NULL,NULL,NULL),(250,1,97,'sai@tax.com',NULL,NULL,0,'','2011-02-02 06:40:43','system',NULL,'system',NULL,NULL,NULL,NULL),(251,2,97,'18889991234',NULL,NULL,0,'','2011-02-02 06:40:43','system',NULL,'system',NULL,NULL,NULL,NULL),(252,7,97,'www.default.com',NULL,NULL,0,'','2011-02-02 06:40:43','system',NULL,'system',NULL,NULL,NULL,NULL),(253,3,98,'7031111234',NULL,NULL,0,'','2011-02-02 06:56:59','system',NULL,'system',NULL,NULL,NULL,NULL),(254,1,98,'sagar@sgar.com',NULL,NULL,0,'','2011-02-02 06:56:59','system',NULL,'system',NULL,NULL,NULL,NULL),(255,2,98,'18889991234',NULL,NULL,0,'','2011-02-02 06:56:59','system',NULL,'system',NULL,NULL,NULL,NULL),(256,7,98,'www.default.com',NULL,NULL,0,'','2011-02-02 06:56:59','system',NULL,'system',NULL,NULL,NULL,NULL),(257,3,99,'7031111234',NULL,NULL,0,'','2011-02-03 03:55:21','system',NULL,'system',NULL,NULL,NULL,NULL),(258,1,99,'ady@yahoo.com',NULL,NULL,0,'','2011-02-03 03:55:21','system',NULL,'system',NULL,NULL,NULL,NULL),(259,2,99,'1112345678',NULL,NULL,0,'','2011-02-03 03:55:21','system',NULL,'system',NULL,NULL,NULL,NULL),(260,7,99,'www.default.com',NULL,NULL,0,'','2011-02-03 03:55:21','system',NULL,'system',NULL,NULL,NULL,NULL),(261,3,100,'7031112345',NULL,NULL,0,'','2011-02-03 03:59:38','system',NULL,'system',NULL,NULL,NULL,NULL),(262,1,100,'john@boa.com',NULL,NULL,0,'','2011-02-03 03:59:38','system',NULL,'system',NULL,NULL,NULL,NULL),(263,2,100,'1112345678',NULL,NULL,0,'','2011-02-03 03:59:38','system',NULL,'system',NULL,NULL,NULL,NULL),(264,7,100,'www.boa.com',NULL,NULL,0,'','2011-02-03 03:59:38','system',NULL,'system',NULL,NULL,NULL,NULL),(265,3,101,'7031112345',NULL,NULL,0,'','2011-02-03 04:09:00','system',NULL,'system',NULL,NULL,NULL,NULL),(266,1,101,'john@boa.com',NULL,NULL,0,'','2011-02-03 04:09:00','system',NULL,'system',NULL,NULL,NULL,NULL),(267,2,101,'1112345678',NULL,NULL,0,'','2011-02-03 04:09:00','system',NULL,'system',NULL,NULL,NULL,NULL),(268,7,101,'www.boa.com',NULL,NULL,0,'','2011-02-03 04:09:00','system',NULL,'system',NULL,NULL,NULL,NULL),(269,4,102,'87897',NULL,NULL,0,'','2011-02-03 18:02:00','system',NULL,'system',NULL,NULL,NULL,NULL),(270,1,102,'dsad@nv.com',NULL,NULL,0,'','2011-02-03 18:02:00','system',NULL,'system',NULL,NULL,NULL,NULL),(271,2,102,'jk',NULL,NULL,0,'','2011-02-03 18:02:00','system',NULL,'system',NULL,NULL,NULL,NULL),(272,7,102,'www.default.com',NULL,NULL,0,'','2011-02-03 18:02:00','system',NULL,'system',NULL,NULL,NULL,NULL),(273,4,103,'87897',NULL,NULL,0,'','2011-02-03 18:02:01','system',NULL,'system',NULL,NULL,NULL,NULL),(274,1,103,'dsad@nv.com',NULL,NULL,0,'','2011-02-03 18:02:01','system',NULL,'system',NULL,NULL,NULL,NULL),(275,2,103,'jk',NULL,NULL,0,'','2011-02-03 18:02:01','system',NULL,'system',NULL,NULL,NULL,NULL),(276,7,103,'www.default.com',NULL,NULL,0,'','2011-02-03 18:02:01','system',NULL,'system',NULL,NULL,NULL,NULL),(277,3,104,'888',NULL,NULL,0,'','2011-02-03 18:03:52','system',NULL,'system',NULL,NULL,NULL,NULL),(278,1,104,'7677@gmail.com',NULL,NULL,0,'','2011-02-03 18:03:52','system',NULL,'system',NULL,NULL,NULL,NULL),(279,2,104,'87897978978',NULL,NULL,0,'','2011-02-03 18:03:52','system',NULL,'system',NULL,NULL,NULL,NULL),(280,7,104,'www.default.com',NULL,NULL,0,'','2011-02-03 18:03:52','system',NULL,'system',NULL,NULL,NULL,NULL),(281,3,102,'',NULL,NULL,0,'','2011-02-03 18:05:39','system',NULL,'system',NULL,NULL,NULL,NULL),(286,5,106,'9972344799',NULL,NULL,0,'','2011-02-04 01:24:06','system',NULL,'system',NULL,NULL,NULL,NULL),(287,1,106,'bvbwali@yahoo.com',NULL,NULL,0,'','2011-02-04 01:24:06','system',NULL,'system',NULL,NULL,NULL,NULL),(288,2,106,'998812345',NULL,NULL,0,'','2011-02-04 01:24:06','system',NULL,'system',NULL,NULL,NULL,NULL),(289,7,106,'www.default.com',NULL,NULL,0,'','2011-02-04 01:24:06','system',NULL,'system',NULL,NULL,NULL,NULL),(290,5,107,'9972344799',NULL,NULL,0,'','2011-02-04 01:29:09','system',NULL,'system',NULL,NULL,NULL,NULL),(291,1,107,'bvbwali@yahoo.com',NULL,NULL,0,'','2011-02-04 01:29:09','system',NULL,'system',NULL,NULL,NULL,NULL),(292,2,107,'8812345',NULL,NULL,0,'','2011-02-04 01:29:09','system',NULL,'system',NULL,NULL,NULL,NULL),(293,7,107,'www.default.com',NULL,NULL,0,'','2011-02-04 01:29:09','system',NULL,'system',NULL,NULL,NULL,NULL),(294,3,108,'7031111234',NULL,NULL,0,'','2011-02-04 02:51:40','system',NULL,'system',NULL,NULL,NULL,NULL),(295,1,108,'taxman@tf.com',NULL,NULL,0,'','2011-02-04 02:51:40','system',NULL,'system',NULL,NULL,NULL,NULL),(296,2,108,'1112345678',NULL,NULL,0,'','2011-02-04 02:51:40','system',NULL,'system',NULL,NULL,NULL,NULL),(297,7,108,'www.default.com',NULL,NULL,0,'','2011-02-04 02:51:40','system',NULL,'system',NULL,NULL,NULL,NULL),(298,5,109,'6045917103',NULL,NULL,0,'','2011-02-04 02:55:55','system',NULL,'system',NULL,NULL,NULL,NULL),(299,1,109,'jp1@telus.net',NULL,NULL,0,'','2011-02-04 02:55:55','system',NULL,'system',NULL,NULL,NULL,NULL),(300,2,109,'1112345678',NULL,NULL,0,'','2011-02-04 02:55:55','system',NULL,'system',NULL,NULL,NULL,NULL),(301,7,109,'www.default.com',NULL,NULL,0,'','2011-02-04 02:55:55','system',NULL,'system',NULL,NULL,NULL,NULL),(302,3,110,'6045888377',NULL,NULL,0,'','2011-02-04 02:59:48','system',NULL,'system',NULL,NULL,NULL,NULL),(303,1,110,'rraniga@uniserve.com',NULL,NULL,0,'','2011-02-04 02:59:48','system',NULL,'system',NULL,NULL,NULL,NULL),(304,2,110,'604-588-1187',NULL,NULL,0,'','2011-02-04 02:59:48','system',NULL,'system',NULL,NULL,NULL,NULL),(305,7,110,'www.default.com',NULL,NULL,0,'','2011-02-04 02:59:48','system',NULL,'system',NULL,NULL,NULL,NULL),(306,3,111,'6045888377',NULL,NULL,0,'','2011-02-04 03:01:55','system',NULL,'system',NULL,NULL,NULL,NULL),(307,1,111,'rraniga@uniserve.com',NULL,NULL,0,'','2011-02-04 03:01:55','system',NULL,'system',NULL,NULL,NULL,NULL),(308,2,111,'604-588-1187',NULL,NULL,0,'','2011-02-04 03:01:55','system',NULL,'system',NULL,NULL,NULL,NULL),(309,7,111,'www.default.com',NULL,NULL,0,'','2011-02-04 03:01:55','system',NULL,'system',NULL,NULL,NULL,NULL),(310,3,112,'7031111234',NULL,NULL,0,'','2011-02-04 03:03:48','system',NULL,'system',NULL,NULL,NULL,NULL),(311,1,112,'adityavashisht@yahoo.com',NULL,NULL,0,'','2011-02-04 03:03:48','system',NULL,'system',NULL,NULL,NULL,NULL),(312,2,112,'1112345678',NULL,NULL,0,'','2011-02-04 03:03:48','system',NULL,'system',NULL,NULL,NULL,NULL),(313,7,112,'www.default.com',NULL,NULL,0,'','2011-02-04 03:03:48','system',NULL,'system',NULL,NULL,NULL,NULL),(314,3,113,'7031111234',NULL,NULL,0,'','2011-02-04 03:05:11','system',NULL,'system',NULL,NULL,NULL,NULL),(315,1,113,'adityavashisht@yahoo.com',NULL,NULL,0,'','2011-02-04 03:05:11','system',NULL,'system',NULL,NULL,NULL,NULL),(316,2,113,'1112345678',NULL,NULL,0,'','2011-02-04 03:05:11','system',NULL,'system',NULL,NULL,NULL,NULL),(317,7,113,'www.default.com',NULL,NULL,0,'','2011-02-04 03:05:11','system',NULL,'system',NULL,NULL,NULL,NULL),(318,3,114,'6045888377',NULL,NULL,0,'','2011-02-04 03:07:03','system',NULL,'system',NULL,NULL,NULL,NULL),(319,1,114,'sagar_bannikal_098@yahoo.com',NULL,NULL,0,'','2011-02-04 03:07:03','system',NULL,'system',NULL,NULL,NULL,NULL),(320,2,114,'1112345678',NULL,NULL,0,'','2011-02-04 03:07:03','system',NULL,'system',NULL,NULL,NULL,NULL),(321,7,114,'www.default.com',NULL,NULL,0,'','2011-02-04 03:07:03','system',NULL,'system',NULL,NULL,NULL,NULL),(322,3,115,'7031111234',NULL,NULL,0,'','2011-02-04 03:08:38','system',NULL,'system',NULL,NULL,NULL,NULL),(323,1,115,'sagar_bannikal_098@yahoo.com',NULL,NULL,0,'','2011-02-04 03:08:38','system',NULL,'system',NULL,NULL,NULL,NULL),(324,2,115,'1112345678',NULL,NULL,0,'','2011-02-04 03:08:38','system',NULL,'system',NULL,NULL,NULL,NULL),(325,7,115,'www.default.com',NULL,NULL,0,'','2011-02-04 03:08:38','system',NULL,'system',NULL,NULL,NULL,NULL),(326,3,116,'7031111234',NULL,NULL,0,'','2011-02-04 03:10:53','system',NULL,'system',NULL,NULL,NULL,NULL),(327,1,116,'savitrisp@gmail.com',NULL,NULL,0,'','2011-02-04 03:10:53','system',NULL,'system',NULL,NULL,NULL,NULL),(328,2,116,'1112345678',NULL,NULL,0,'','2011-02-04 03:10:53','system',NULL,'system',NULL,NULL,NULL,NULL),(329,7,116,'www.default.com',NULL,NULL,0,'','2011-02-04 03:10:53','system',NULL,'system',NULL,NULL,NULL,NULL),(330,3,117,'7031111234',NULL,NULL,0,'','2011-02-04 03:12:24','system',NULL,'system',NULL,NULL,NULL,NULL),(331,1,117,'savitrisp@gmail.com',NULL,NULL,0,'','2011-02-04 03:12:24','system',NULL,'system',NULL,NULL,NULL,NULL),(332,2,117,'1112345678',NULL,NULL,0,'','2011-02-04 03:12:24','system',NULL,'system',NULL,NULL,NULL,NULL),(333,7,117,'www.default.com',NULL,NULL,0,'','2011-02-04 03:12:24','system',NULL,'system',NULL,NULL,NULL,NULL),(338,3,123,'250-778-5899',NULL,NULL,0,'','2011-02-08 06:06:19','system',NULL,'system',NULL,NULL,NULL,NULL),(339,1,123,'ed@don.com',NULL,NULL,0,'','2011-02-08 06:06:19','system',NULL,'system',NULL,NULL,NULL,NULL),(340,2,123,'2507789658',NULL,NULL,0,'','2011-02-08 06:06:19','system',NULL,'system',NULL,NULL,NULL,NULL),(341,7,123,'www.hero.com',NULL,NULL,0,'','2011-02-08 06:06:19','system',NULL,'system',NULL,NULL,NULL,NULL),(342,3,123,'250-778-5897',NULL,NULL,0,'','2011-02-08 06:06:19','system',NULL,'system',NULL,NULL,NULL,NULL),(343,3,124,'9916899999',NULL,NULL,0,'','2011-02-08 14:38:56','system',NULL,'system',NULL,NULL,NULL,NULL),(344,1,124,'rohit@yahoo.com',NULL,NULL,0,'','2011-02-08 14:38:56','system',NULL,'system',NULL,NULL,NULL,NULL),(345,2,124,'4543534534',NULL,NULL,0,'','2011-02-08 14:38:56','system',NULL,'system',NULL,NULL,NULL,NULL),(346,7,124,'www.default.com',NULL,NULL,0,'','2011-02-08 14:38:56','system',NULL,'system',NULL,NULL,NULL,NULL),(347,3,125,'604-588-1187',NULL,NULL,0,'','2011-02-09 02:54:15','system',NULL,'system',NULL,NULL,NULL,NULL),(348,1,125,'raniga@dfarc.com',NULL,NULL,0,'','2011-02-09 02:54:15','system',NULL,'system',NULL,NULL,NULL,NULL),(349,2,125,'604-588-8377',NULL,NULL,0,'','2011-02-09 02:54:15','system',NULL,'system',NULL,NULL,NULL,NULL),(350,7,125,'www.default.com',NULL,NULL,0,'','2011-02-09 02:54:15','system',NULL,'system',NULL,NULL,NULL,NULL),(351,3,126,'604-588-1187',NULL,NULL,0,'','2011-02-09 02:54:16','system',NULL,'system',NULL,NULL,NULL,NULL),(352,1,126,'raniga@dfarc.com',NULL,NULL,0,'','2011-02-09 02:54:16','system',NULL,'system',NULL,NULL,NULL,NULL),(353,2,126,'604-588-8377',NULL,NULL,0,'','2011-02-09 02:54:16','system',NULL,'system',NULL,NULL,NULL,NULL),(354,7,126,'www.default.com',NULL,NULL,0,'','2011-02-09 02:54:16','system',NULL,'system',NULL,NULL,NULL,NULL),(355,3,127,'604-588-1187',NULL,NULL,0,'','2011-02-09 02:54:16','system',NULL,'system',NULL,NULL,NULL,NULL),(356,1,127,'raniga@dfarc.com',NULL,NULL,0,'','2011-02-09 02:54:16','system',NULL,'system',NULL,NULL,NULL,NULL),(357,2,127,'604-588-8377',NULL,NULL,0,'','2011-02-09 02:54:16','system',NULL,'system',NULL,NULL,NULL,NULL),(358,7,127,'www.default.com',NULL,NULL,0,'','2011-02-09 02:54:16','system',NULL,'system',NULL,NULL,NULL,NULL),(359,3,128,'8002345678',NULL,NULL,0,'','2011-02-09 04:20:18','system',NULL,'system',NULL,NULL,NULL,NULL),(360,1,128,'icici@gmail.com',NULL,NULL,0,'','2011-02-09 04:20:18','system',NULL,'system',NULL,NULL,NULL,NULL),(361,2,128,'18002345678',NULL,NULL,0,'','2011-02-09 04:20:18','system',NULL,'system',NULL,NULL,NULL,NULL),(362,7,128,'www.icici.com',NULL,NULL,0,'','2011-02-09 04:20:18','system',NULL,'system',NULL,NULL,NULL,NULL),(363,3,129,'604-588-8369',NULL,NULL,0,'','2011-02-09 04:56:30','system',NULL,'system',NULL,NULL,NULL,NULL),(364,1,129,'yad@rbc.ca',NULL,NULL,0,'','2011-02-09 04:56:30','system',NULL,'system',NULL,NULL,NULL,NULL),(365,2,129,'604-1123589',NULL,NULL,0,'','2011-02-09 04:56:30','system',NULL,'system',NULL,NULL,NULL,NULL),(366,7,129,'www.rbc.ca',NULL,NULL,0,'','2011-02-09 04:56:30','system',NULL,'system',NULL,NULL,NULL,NULL),(367,3,130,'7031111234',NULL,NULL,0,'','2011-02-09 06:43:57','system',NULL,'system',NULL,NULL,NULL,NULL),(368,1,130,'srgudi@yahoo.com',NULL,NULL,0,'','2011-02-09 06:43:58','system',NULL,'system',NULL,NULL,NULL,NULL),(369,2,130,'1112345678',NULL,NULL,0,'','2011-02-09 06:43:58','system',NULL,'system',NULL,NULL,NULL,NULL),(370,7,130,'www.default.com',NULL,NULL,0,'','2011-02-09 06:43:58','system',NULL,'system',NULL,NULL,NULL,NULL),(371,3,131,'7031111234',NULL,NULL,0,'','2011-02-09 06:55:41','system',NULL,'system',NULL,NULL,NULL,NULL),(372,1,131,'srgudi@yahoo.com',NULL,NULL,0,'','2011-02-09 06:55:41','system',NULL,'system',NULL,NULL,NULL,NULL),(373,2,131,'1112345678',NULL,NULL,0,'','2011-02-09 06:55:41','system',NULL,'system',NULL,NULL,NULL,NULL),(374,7,131,'www.default.com',NULL,NULL,0,'','2011-02-09 06:55:41','system',NULL,'system',NULL,NULL,NULL,NULL),(375,3,133,'7031111234',NULL,NULL,0,'','2011-02-09 07:03:56','system',NULL,'system',NULL,NULL,NULL,NULL),(376,1,133,'ram_sharma@yahoo.com',NULL,NULL,0,'','2011-02-09 07:03:56','system',NULL,'system',NULL,NULL,NULL,NULL),(377,2,133,'1112345678',NULL,NULL,0,'','2011-02-09 07:03:56','system',NULL,'system',NULL,NULL,NULL,NULL),(378,7,133,'www.default.com',NULL,NULL,0,'','2011-02-09 07:03:56','system',NULL,'system',NULL,NULL,NULL,NULL),(379,3,134,'7031111234',NULL,NULL,0,'','2011-02-09 07:04:53','system',NULL,'system',NULL,NULL,NULL,NULL),(380,1,134,'ady@yahoo.com',NULL,NULL,0,'','2011-02-09 07:04:53','system',NULL,'system',NULL,NULL,NULL,NULL),(381,2,134,'1112345678',NULL,NULL,0,'','2011-02-09 07:04:53','system',NULL,'system',NULL,NULL,NULL,NULL),(382,7,134,'www.default.com',NULL,NULL,0,'','2011-02-09 07:04:53','system',NULL,'system',NULL,NULL,NULL,NULL),(383,3,135,'9916899999',NULL,NULL,0,'','2011-02-10 06:41:01','system',NULL,'system',NULL,NULL,NULL,NULL),(384,1,135,'roshan@gmail.com',NULL,NULL,0,'','2011-02-10 06:41:01','system',NULL,'system',NULL,NULL,NULL,NULL),(385,2,135,'4543534534',NULL,NULL,0,'','2011-02-10 06:41:01','system',NULL,'system',NULL,NULL,NULL,NULL),(386,7,135,'www.default.com',NULL,NULL,0,'','2011-02-10 06:41:01','system',NULL,'system',NULL,NULL,NULL,NULL),(391,3,137,'9916899999',NULL,NULL,0,'','2011-02-10 06:49:47','system',NULL,'system',NULL,NULL,NULL,NULL),(392,1,137,'prashanth@gmail.com',NULL,NULL,0,'','2011-02-10 06:49:47','system',NULL,'system',NULL,NULL,NULL,NULL),(393,2,137,'4543534534',NULL,NULL,0,'','2011-02-10 06:49:47','system',NULL,'system',NULL,NULL,NULL,NULL),(394,7,137,'www.default.com',NULL,NULL,0,'','2011-02-10 06:49:47','system',NULL,'system',NULL,NULL,NULL,NULL),(395,3,138,'188885556667',NULL,NULL,0,'','2011-02-13 00:42:26','system',NULL,'system',NULL,NULL,NULL,NULL),(396,1,138,'sarma@citi.com',NULL,NULL,0,'','2011-02-13 00:42:26','system',NULL,'system',NULL,NULL,NULL,NULL),(397,2,138,'8889991234',NULL,NULL,0,'','2011-02-13 00:42:26','system',NULL,'system',NULL,NULL,NULL,NULL),(398,7,138,'www.citi.com',NULL,NULL,0,'','2011-02-13 00:42:26','system',NULL,'system',NULL,NULL,NULL,NULL),(399,1,118,'test@gmial.com',NULL,NULL,0,'','2011-02-14 12:00:14','system',NULL,'system',NULL,NULL,NULL,NULL),(400,2,118,'12345678',NULL,NULL,0,'','2011-02-14 12:00:14','system',NULL,'system',NULL,NULL,NULL,NULL),(401,7,118,'www.test.com',NULL,NULL,0,'','2011-02-14 12:00:14','system',NULL,'system',NULL,NULL,NULL,NULL),(402,3,118,'9916891168',NULL,NULL,0,'','2011-02-14 12:00:14','system',NULL,'system',NULL,NULL,NULL,NULL),(403,3,139,'',NULL,NULL,0,'','2011-02-14 12:04:26','system',NULL,'system',NULL,NULL,NULL,NULL),(404,1,139,'',NULL,NULL,0,'','2011-02-14 12:04:26','system',NULL,'system',NULL,NULL,NULL,NULL),(405,2,139,'',NULL,NULL,0,'','2011-02-14 12:04:26','system',NULL,'system',NULL,NULL,NULL,NULL),(406,7,139,'',NULL,NULL,0,'','2011-02-14 12:04:26','system',NULL,'system',NULL,NULL,NULL,NULL),(407,3,140,'6045897896',NULL,NULL,0,'','2011-02-15 04:46:31','system',NULL,'system',NULL,NULL,NULL,NULL),(408,1,140,'johnmahony@dfarc.com',NULL,NULL,0,'','2011-02-15 04:46:31','system',NULL,'system',NULL,NULL,NULL,NULL),(409,2,140,'6045889658',NULL,NULL,0,'','2011-02-15 04:46:31','system',NULL,'system',NULL,NULL,NULL,NULL),(410,7,140,'www.default.com',NULL,NULL,0,'','2011-02-15 04:46:31','system',NULL,'system',NULL,NULL,NULL,NULL),(411,3,141,'9916899168',NULL,NULL,0,'','2011-02-15 06:56:13','system',NULL,'system',NULL,NULL,NULL,NULL),(412,1,141,'patil_enterprises@gmail.com',NULL,NULL,0,'','2011-02-15 06:56:13','system',NULL,'system',NULL,NULL,NULL,NULL),(413,2,141,'4566645',NULL,NULL,0,'','2011-02-15 06:56:13','system',NULL,'system',NULL,NULL,NULL,NULL),(414,7,141,'www.default.com',NULL,NULL,0,'','2011-02-15 06:56:13','system',NULL,'system',NULL,NULL,NULL,NULL),(415,3,142,'9916899168',NULL,NULL,0,'','2011-02-15 07:00:04','system',NULL,'system',NULL,NULL,NULL,NULL),(416,1,142,'patil.anand677@gmail.com',NULL,NULL,0,'','2011-02-15 07:00:04','system',NULL,'system',NULL,NULL,NULL,NULL),(417,2,142,'4566645',NULL,NULL,0,'','2011-02-15 07:00:04','system',NULL,'system',NULL,NULL,NULL,NULL),(418,7,142,'www.default.com',NULL,NULL,0,'','2011-02-15 07:00:04','system',NULL,'system',NULL,NULL,NULL,NULL),(419,3,144,'9745863251=+5466',NULL,NULL,1,'','2011-02-15 07:49:52','system',NULL,'system',NULL,NULL,NULL,NULL),(420,1,144,'raju@gmail.com',NULL,NULL,0,'','2011-02-15 07:49:52','system',NULL,'system',NULL,NULL,NULL,NULL),(421,2,144,'124563',NULL,NULL,0,'','2011-02-15 07:49:52','system',NULL,'system',NULL,NULL,NULL,NULL),(422,7,144,'www.default.com',NULL,NULL,0,'','2011-02-15 07:49:52','system',NULL,'system',NULL,NULL,NULL,NULL),(423,3,145,'9874569842',NULL,NULL,0,'','2011-02-15 07:59:25','system',NULL,'system',NULL,NULL,NULL,NULL),(424,1,145,'raju@gmail.com',NULL,NULL,0,'','2011-02-15 07:59:25','system',NULL,'system',NULL,NULL,NULL,NULL),(425,2,145,'145233',NULL,NULL,0,'','2011-02-15 07:59:25','system',NULL,'system',NULL,NULL,NULL,NULL),(426,7,145,'raju@gmail.com',NULL,NULL,0,'','2011-02-15 07:59:25','system',NULL,'system',NULL,NULL,NULL,NULL),(427,3,146,'9743147781',NULL,NULL,0,'','2011-02-15 08:20:45','system',NULL,'system',NULL,NULL,NULL,NULL),(428,1,146,'sandeep@gmail.com',NULL,NULL,0,'','2011-02-15 08:20:45','system',NULL,'system',NULL,NULL,NULL,NULL),(429,2,146,'1478954',NULL,NULL,0,'','2011-02-15 08:20:45','system',NULL,'system',NULL,NULL,NULL,NULL),(430,7,146,'www.default.com',NULL,NULL,0,'','2011-02-15 08:20:45','system',NULL,'system',NULL,NULL,NULL,NULL),(431,3,147,'97485965445878888',NULL,NULL,0,'','2011-02-15 09:09:31','system',NULL,'system',NULL,NULL,NULL,NULL),(432,1,147,'madival@gmail.com',NULL,NULL,0,'','2011-02-15 09:09:31','system',NULL,'system',NULL,NULL,NULL,NULL),(433,2,147,'1457869',NULL,NULL,0,'','2011-02-15 09:09:31','system',NULL,'system',NULL,NULL,NULL,NULL),(434,7,147,'www.default.com',NULL,NULL,0,'','2011-02-15 09:09:31','system',NULL,'system',NULL,NULL,NULL,NULL),(435,3,148,'97457964566546554',NULL,NULL,0,'','2011-02-15 09:41:05','system',NULL,'system',NULL,NULL,NULL,NULL),(436,1,148,'basu@yahoo.com',NULL,NULL,0,'','2011-02-15 09:41:05','system',NULL,'system',NULL,NULL,NULL,NULL),(437,2,148,'1245789',NULL,NULL,0,'','2011-02-15 09:41:05','system',NULL,'system',NULL,NULL,NULL,NULL),(438,7,148,'www.sales.co.in',NULL,NULL,0,'','2011-02-15 09:41:05','system',NULL,'system',NULL,NULL,NULL,NULL),(439,3,149,'97485642369',NULL,NULL,0,'','2011-02-15 10:26:28','system',NULL,'system',NULL,NULL,NULL,NULL),(440,1,149,'jaggu@yahoo.com',NULL,NULL,0,'','2011-02-15 10:26:28','system',NULL,'system',NULL,NULL,NULL,NULL),(441,2,149,'415789665',NULL,NULL,1,'','2011-02-15 10:26:28','system',NULL,'system',NULL,NULL,NULL,NULL),(442,7,149,'www.sbi.com',NULL,NULL,0,'','2011-02-15 10:26:28','system',NULL,'system',NULL,NULL,NULL,NULL),(443,3,150,'9874589658',NULL,NULL,0,'','2011-02-15 10:34:24','system',NULL,'system',NULL,NULL,NULL,NULL),(444,1,150,'shahi@rediffmail.com',NULL,NULL,0,'','2011-02-15 10:34:24','system',NULL,'system',NULL,NULL,NULL,NULL),(445,2,150,'47859647',NULL,NULL,2,'','2011-02-15 10:34:24','system',NULL,'system',NULL,NULL,NULL,NULL),(446,7,150,'www.rediffmail.com',NULL,NULL,0,'','2011-02-15 10:34:24','system',NULL,'system',NULL,NULL,NULL,NULL),(447,3,151,'6748945632',NULL,NULL,0,'','2011-02-15 10:41:53','system',NULL,'system',NULL,NULL,NULL,NULL),(448,1,151,'uday@gmail.com',NULL,NULL,0,'','2011-02-15 10:41:53','system',NULL,'system',NULL,NULL,NULL,NULL),(449,2,151,'97458796156',NULL,NULL,0,'','2011-02-15 10:41:53','system',NULL,'system',NULL,NULL,NULL,NULL),(450,7,151,'www.gmail.com',NULL,NULL,0,'','2011-02-15 10:41:53','system',NULL,'system',NULL,NULL,NULL,NULL),(451,5,152,'9748568975',NULL,NULL,0,'','2011-02-15 10:53:33','system',NULL,'system',NULL,NULL,NULL,NULL),(452,1,152,'manju@gmail.com',NULL,NULL,0,'','2011-02-15 10:53:33','system',NULL,'system',NULL,NULL,NULL,NULL),(453,2,152,'47859647',NULL,NULL,0,'','2011-02-15 10:53:33','system',NULL,'system',NULL,NULL,NULL,NULL),(454,7,152,'www.gmail.com',NULL,NULL,0,'','2011-02-15 10:53:33','system',NULL,'system',NULL,NULL,NULL,NULL),(455,3,153,'21457879',NULL,NULL,0,'','2011-02-15 10:59:37','system',NULL,'system',NULL,NULL,NULL,NULL),(456,1,153,'sanjyay@yahoo.com',NULL,NULL,0,'','2011-02-15 10:59:37','system',NULL,'system',NULL,NULL,NULL,NULL),(457,2,153,'4789654',NULL,NULL,0,'','2011-02-15 10:59:37','system',NULL,'system',NULL,NULL,NULL,NULL),(458,7,153,'www.yahoo.com',NULL,NULL,0,'','2011-02-15 10:59:37','system',NULL,'system',NULL,NULL,NULL,NULL),(459,5,154,'9874589652',NULL,NULL,0,'','2011-02-15 11:39:23','system',NULL,'system',NULL,NULL,NULL,NULL),(460,1,154,'ajay@yahoo.com',NULL,NULL,0,'','2011-02-15 11:39:23','system',NULL,'system',NULL,NULL,NULL,NULL),(461,2,154,'64789544',NULL,NULL,0,'','2011-02-15 11:39:23','system',NULL,'system',NULL,NULL,NULL,NULL),(462,7,154,'www.default.com',NULL,NULL,0,'','2011-02-15 11:39:23','system',NULL,'system',NULL,NULL,NULL,NULL),(463,3,155,'558796122',NULL,NULL,0,'','2011-02-15 12:25:40','system',NULL,'system',NULL,NULL,NULL,NULL),(464,1,155,'Raghu@gmail.com',NULL,NULL,0,'','2011-02-15 12:25:40','system',NULL,'system',NULL,NULL,NULL,NULL),(465,2,155,'1478586',NULL,NULL,0,'','2011-02-15 12:25:40','system',NULL,'system',NULL,NULL,NULL,NULL),(466,7,155,'www.gmail.com',NULL,NULL,0,'','2011-02-15 12:25:40','system',NULL,'system',NULL,NULL,NULL,NULL),(467,3,157,'7031111234',NULL,NULL,0,'','2011-02-16 04:13:17','system',NULL,'system',NULL,NULL,NULL,NULL),(468,1,157,'ram_kumar@gudi.com',NULL,NULL,0,'','2011-02-16 04:13:17','system',NULL,'system',NULL,NULL,NULL,NULL),(469,2,157,'1-888-999-1234',NULL,NULL,0,'','2011-02-16 04:13:17','system',NULL,'system',NULL,NULL,NULL,NULL),(470,7,157,'www.default.com',NULL,NULL,0,'','2011-02-16 04:13:17','system',NULL,'system',NULL,NULL,NULL,NULL),(471,3,158,'18889901241',NULL,NULL,0,'','2011-02-16 04:34:38','system',NULL,'system',NULL,NULL,NULL,NULL),(472,1,158,'vasu@yahoo.com',NULL,NULL,0,'','2011-02-16 04:34:38','system',NULL,'system',NULL,NULL,NULL,NULL),(473,2,158,'1112345678',NULL,NULL,0,'','2011-02-16 04:34:38','system',NULL,'system',NULL,NULL,NULL,NULL),(474,7,158,'www.default.com',NULL,NULL,0,'','2011-02-16 04:34:38','system',NULL,'system',NULL,NULL,NULL,NULL),(475,5,159,'9745865897142545868876868',NULL,NULL,1,'','2011-02-16 05:37:15','system',NULL,'system',NULL,NULL,NULL,NULL),(476,1,159,'shree_@enterprises.com',NULL,NULL,1,'','2011-02-16 05:37:15','system',NULL,'system',NULL,NULL,NULL,NULL),(477,2,159,'1245788245788752742542572727',NULL,NULL,1,'','2011-02-16 05:37:15','system',NULL,'system',NULL,NULL,NULL,NULL),(478,7,159,'www.default.com',NULL,NULL,0,'','2011-02-16 05:37:15','system',NULL,'system',NULL,NULL,NULL,NULL),(480,4,160,'54789652',NULL,NULL,0,'','2011-02-16 06:09:02','system',NULL,'system',NULL,NULL,NULL,NULL),(481,1,160,'anand@yahoo.com',NULL,NULL,0,'','2011-02-16 06:09:02','system',NULL,'system',NULL,NULL,NULL,NULL),(482,2,160,'',NULL,NULL,0,'','2011-02-16 06:09:02','system',NULL,'system',NULL,NULL,NULL,NULL),(483,7,160,'www.default.com',NULL,NULL,0,'','2011-02-16 06:09:02','system',NULL,'system',NULL,NULL,NULL,NULL),(484,3,160,'24578569',NULL,NULL,0,'','2011-02-16 06:10:38','system',NULL,'system',NULL,NULL,NULL,NULL),(485,5,161,'98745689522',NULL,NULL,0,'','2011-02-16 06:14:11','system',NULL,'system',NULL,NULL,NULL,NULL),(486,1,161,'deepu@yahoo.com',NULL,NULL,0,'','2011-02-16 06:14:11','system',NULL,'system',NULL,NULL,NULL,NULL),(487,2,161,'',NULL,NULL,0,'','2011-02-16 06:14:11','system',NULL,'system',NULL,NULL,NULL,NULL),(488,7,161,'www.default.com',NULL,NULL,0,'','2011-02-16 06:14:11','system',NULL,'system',NULL,NULL,NULL,NULL),(489,3,162,'9745863251',NULL,NULL,0,'','2011-02-16 06:19:57','system',NULL,'system',NULL,NULL,NULL,NULL),(490,1,162,'deepu@yahoo.com',NULL,NULL,0,'','2011-02-16 06:19:57','system',NULL,'system',NULL,NULL,NULL,NULL),(491,2,162,'',NULL,NULL,0,'','2011-02-16 06:19:57','system',NULL,'system',NULL,NULL,NULL,NULL),(492,7,162,'www.default.com',NULL,NULL,0,'','2011-02-16 06:19:57','system',NULL,'system',NULL,NULL,NULL,NULL),(493,3,163,'9745863251',NULL,NULL,0,'','2011-02-16 06:21:27','system',NULL,'system',NULL,NULL,NULL,NULL),(494,1,163,'deepu@yahoo.com',NULL,NULL,0,'','2011-02-16 06:21:27','system',NULL,'system',NULL,NULL,NULL,NULL),(495,2,163,'',NULL,NULL,0,'','2011-02-16 06:21:27','system',NULL,'system',NULL,NULL,NULL,NULL),(496,7,163,'www.default.com',NULL,NULL,0,'','2011-02-16 06:21:27','system',NULL,'system',NULL,NULL,NULL,NULL),(497,3,164,'245896647',NULL,NULL,0,'','2011-02-16 06:33:50','system',NULL,'system',NULL,NULL,NULL,NULL),(498,1,164,'anil#@gmail.com',NULL,NULL,1,'','2011-02-16 06:33:50','system',NULL,'system',NULL,NULL,NULL,NULL),(499,2,164,'14526546',NULL,NULL,0,'','2011-02-16 06:33:50','system',NULL,'system',NULL,NULL,NULL,NULL),(500,7,164,'www.default.com',NULL,NULL,0,'','2011-02-16 06:33:50','system',NULL,'system',NULL,NULL,NULL,NULL),(501,5,165,'98745879255',NULL,NULL,0,'','2011-02-16 06:43:56','system',NULL,'system',NULL,NULL,NULL,NULL),(502,1,165,'manju@gmail.com',NULL,NULL,0,'','2011-02-16 06:43:56','system',NULL,'system',NULL,NULL,NULL,NULL),(503,2,165,'1457896',NULL,NULL,0,'','2011-02-16 06:43:56','system',NULL,'system',NULL,NULL,NULL,NULL),(504,7,165,'www.default.com',NULL,NULL,0,'','2011-02-16 06:43:56','system',NULL,'system',NULL,NULL,NULL,NULL),(505,5,166,'9874569842',NULL,NULL,0,'','2011-02-16 09:28:22','system',NULL,'system',NULL,NULL,NULL,NULL),(506,1,166,'manju@gmail.com',NULL,NULL,0,'','2011-02-16 09:28:22','system',NULL,'system',NULL,NULL,NULL,NULL),(507,2,166,'145233',NULL,NULL,0,'','2011-02-16 09:28:22','system',NULL,'system',NULL,NULL,NULL,NULL),(508,7,166,'www.gmail.com',NULL,NULL,0,'','2011-02-16 09:28:22','system',NULL,'system',NULL,NULL,NULL,NULL),(509,5,168,'9784565478',NULL,NULL,0,'','2011-02-16 10:01:39','system',NULL,'system',NULL,NULL,NULL,NULL),(510,1,168,'veeresh@gmail.com',NULL,NULL,0,'','2011-02-16 10:01:39','system',NULL,'system',NULL,NULL,NULL,NULL),(511,2,168,'145623',NULL,NULL,0,'','2011-02-16 10:01:39','system',NULL,'system',NULL,NULL,NULL,NULL),(512,7,168,'www.default.com',NULL,NULL,0,'','2011-02-16 10:01:39','system',NULL,'system',NULL,NULL,NULL,NULL),(513,3,169,'6478955454',NULL,NULL,0,'','2011-02-16 10:06:29','system',NULL,'system',NULL,NULL,NULL,NULL),(514,1,169,'rajesh@yahoo.com',NULL,NULL,0,'','2011-02-16 10:06:29','system',NULL,'system',NULL,NULL,NULL,NULL),(515,2,169,'478965',NULL,NULL,0,'','2011-02-16 10:06:29','system',NULL,'system',NULL,NULL,NULL,NULL),(516,7,169,'www.default.com',NULL,NULL,0,'','2011-02-16 10:06:29','system',NULL,'system',NULL,NULL,NULL,NULL),(517,5,170,'9874569842',NULL,NULL,1,'','2011-02-16 10:11:10','system',NULL,'system',NULL,NULL,NULL,NULL),(518,1,170,'srikanth*gmail.com',NULL,NULL,1,'','2011-02-16 10:11:10','system',NULL,'system',NULL,NULL,NULL,NULL),(519,2,170,'47896',NULL,NULL,0,'','2011-02-16 10:11:10','system',NULL,'system',NULL,NULL,NULL,NULL),(520,7,170,'www.gmail.com',NULL,NULL,0,'','2011-02-16 10:11:10','system',NULL,'system',NULL,NULL,NULL,NULL),(521,3,171,'32565656565',NULL,NULL,0,'','2011-02-16 13:19:54','system',NULL,'system',NULL,NULL,NULL,NULL),(522,1,171,'patil@association.com',NULL,NULL,0,'','2011-02-16 13:19:54','system',NULL,'system',NULL,NULL,NULL,NULL),(523,2,171,'648965',NULL,NULL,0,'','2011-02-16 13:19:54','system',NULL,'system',NULL,NULL,NULL,NULL),(524,7,171,'www.default.com',NULL,NULL,0,'','2011-02-16 13:19:54','system',NULL,'system',NULL,NULL,NULL,NULL),(525,3,172,'568522222',NULL,NULL,0,'','2011-02-16 13:28:43','system',NULL,'system',NULL,NULL,NULL,NULL),(526,1,172,'basu@yahoo.com',NULL,NULL,0,'','2011-02-16 13:28:43','system',NULL,'system',NULL,NULL,NULL,NULL),(527,2,172,'478569',NULL,NULL,0,'','2011-02-16 13:28:43','system',NULL,'system',NULL,NULL,NULL,NULL),(528,7,172,'www.default.com',NULL,NULL,0,'','2011-02-16 13:28:43','system',NULL,'system',NULL,NULL,NULL,NULL),(529,3,173,'354535451',NULL,NULL,0,'','2011-02-16 13:32:25','system',NULL,'system',NULL,NULL,NULL,NULL),(530,1,173,'ramesh@gmail.com',NULL,NULL,0,'','2011-02-16 13:32:25','system',NULL,'system',NULL,NULL,NULL,NULL),(531,2,173,'478566',NULL,NULL,0,'','2011-02-16 13:32:25','system',NULL,'system',NULL,NULL,NULL,NULL),(532,7,173,'www.gmail.com',NULL,NULL,0,'','2011-02-16 13:32:25','system',NULL,'system',NULL,NULL,NULL,NULL),(533,3,154,'',NULL,NULL,0,'','2011-02-16 13:38:48','system',NULL,'system',NULL,NULL,NULL,NULL),(534,3,174,'24587854',NULL,NULL,0,'','2011-02-16 13:45:21','system',NULL,'system',NULL,NULL,NULL,NULL),(535,1,174,'anand@yahoo.com',NULL,NULL,0,'','2011-02-16 13:45:21','system',NULL,'system',NULL,NULL,NULL,NULL),(536,2,174,'2145789',NULL,NULL,0,'','2011-02-16 13:45:21','system',NULL,'system',NULL,NULL,NULL,NULL),(537,7,174,'www.yahoo.com',NULL,NULL,0,'','2011-02-16 13:45:21','system',NULL,'system',NULL,NULL,NULL,NULL),(538,3,175,'254789666',NULL,NULL,0,'','2011-02-17 06:23:58','system',NULL,'system',NULL,NULL,NULL,NULL),(539,1,175,'santhosh#yahoo.com',NULL,NULL,0,'','2011-02-17 06:23:58','system',NULL,'system',NULL,NULL,NULL,NULL),(540,2,175,'1245879',NULL,NULL,0,'','2011-02-17 06:23:58','system',NULL,'system',NULL,NULL,NULL,NULL),(541,7,175,'www.yahoo.com',NULL,NULL,0,'','2011-02-17 06:23:58','system',NULL,'system',NULL,NULL,NULL,NULL),(542,4,175,'45789633',NULL,NULL,0,'','2011-02-17 06:23:58','system',NULL,'system',NULL,NULL,NULL,NULL),(543,4,176,'36987456859',NULL,NULL,1,'','2011-02-17 07:26:21','system',NULL,'system',NULL,NULL,NULL,NULL),(544,1,176,'Bhanu@yahoo.com',NULL,NULL,0,'','2011-02-17 07:26:21','system',NULL,'system',NULL,NULL,NULL,NULL),(545,2,176,'',NULL,NULL,0,'','2011-02-17 07:26:21','system',NULL,'system',NULL,NULL,NULL,NULL),(546,7,176,'www.default.com',NULL,NULL,0,'','2011-02-17 07:26:21','system',NULL,'system',NULL,NULL,NULL,NULL),(549,3,177,'12324345',NULL,NULL,0,'','2011-02-17 11:16:25','system',NULL,'system',NULL,NULL,NULL,NULL),(550,1,177,'ganesh#gmail.com',NULL,NULL,0,'','2011-02-17 11:16:25','system',NULL,'system',NULL,NULL,NULL,NULL),(551,2,177,'',NULL,NULL,0,'','2011-02-17 11:16:25','system',NULL,'system',NULL,NULL,NULL,NULL),(552,7,177,'www.default.com',NULL,NULL,0,'','2011-02-17 11:16:25','system',NULL,'system',NULL,NULL,NULL,NULL),(553,3,178,'9874569842',NULL,NULL,0,'','2011-02-17 11:45:54','system',NULL,'system',NULL,NULL,NULL,NULL),(554,1,178,'santhosh#yahoo.com',NULL,NULL,0,'','2011-02-17 11:45:54','system',NULL,'system',NULL,NULL,NULL,NULL),(555,2,178,'1245879',NULL,NULL,0,'','2011-02-17 11:45:54','system',NULL,'system',NULL,NULL,NULL,NULL),(556,7,178,'www.yahoo.com',NULL,NULL,0,'','2011-02-17 11:45:54','system',NULL,'system',NULL,NULL,NULL,NULL),(557,3,179,'214551',NULL,NULL,0,'','2011-02-17 11:59:04','system',NULL,'system',NULL,NULL,NULL,NULL),(558,1,179,'sourabh@yahoo.com',NULL,NULL,0,'','2011-02-17 11:59:04','system',NULL,'system',NULL,NULL,NULL,NULL),(559,2,179,'1425',NULL,NULL,0,'','2011-02-17 11:59:04','system',NULL,'system',NULL,NULL,NULL,NULL),(560,7,179,'www.yahoo.com',NULL,NULL,0,'','2011-02-17 11:59:04','system',NULL,'system',NULL,NULL,NULL,NULL),(561,3,180,'9745863251',NULL,NULL,0,'','2011-02-17 12:54:10','system',NULL,'system',NULL,NULL,NULL,NULL),(562,1,180,'Bhanu#yahoo.com',NULL,NULL,0,'','2011-02-17 12:54:10','system',NULL,'system',NULL,NULL,NULL,NULL),(563,2,180,'',NULL,NULL,0,'','2011-02-17 12:54:10','system',NULL,'system',NULL,NULL,NULL,NULL),(564,7,180,'www.default.com',NULL,NULL,0,'','2011-02-17 12:54:10','system',NULL,'system',NULL,NULL,NULL,NULL),(565,3,181,'6542255',NULL,NULL,0,'','2011-02-17 13:11:41','system',NULL,'system',NULL,NULL,NULL,NULL),(566,1,181,'raju@gmail.com',NULL,NULL,0,'','2011-02-17 13:11:41','system',NULL,'system',NULL,NULL,NULL,NULL),(567,2,181,'478569',NULL,NULL,0,'','2011-02-17 13:11:41','system',NULL,'system',NULL,NULL,NULL,NULL),(568,7,181,'www.default.com',NULL,NULL,0,'','2011-02-17 13:11:41','system',NULL,'system',NULL,NULL,NULL,NULL),(569,3,182,'6542255',NULL,NULL,0,'','2011-02-18 06:31:17','system',NULL,'system',NULL,NULL,NULL,NULL),(570,1,182,'roy@gmail.com',NULL,NULL,0,'','2011-02-18 06:31:17','system',NULL,'system',NULL,NULL,NULL,NULL),(571,2,182,'14578',NULL,NULL,0,'','2011-02-18 06:31:17','system',NULL,'system',NULL,NULL,NULL,NULL),(572,7,182,'www.default.com',NULL,NULL,0,'','2011-02-18 06:31:17','system',NULL,'system',NULL,NULL,NULL,NULL),(573,3,183,'45247896',NULL,NULL,0,'','2011-02-18 06:39:03','system',NULL,'system',NULL,NULL,NULL,NULL),(574,1,183,'sandeep@yahoo.com',NULL,NULL,0,'','2011-02-18 06:39:03','system',NULL,'system',NULL,NULL,NULL,NULL),(575,2,183,'478599',NULL,NULL,0,'','2011-02-18 06:39:03','system',NULL,'system',NULL,NULL,NULL,NULL),(576,7,183,'www.default.com',NULL,NULL,0,'','2011-02-18 06:39:03','system',NULL,'system',NULL,NULL,NULL,NULL),(577,3,184,'9745863251',NULL,NULL,0,'','2011-02-18 12:15:54','system',NULL,'system',NULL,NULL,NULL,NULL),(578,1,184,'sandeep@gmail.com',NULL,NULL,0,'','2011-02-18 12:15:54','system',NULL,'system',NULL,NULL,NULL,NULL),(579,2,184,'1245788',NULL,NULL,0,'','2011-02-18 12:15:54','system',NULL,'system',NULL,NULL,NULL,NULL),(580,7,184,'www.default.com',NULL,NULL,0,'','2011-02-18 12:15:54','system',NULL,'system',NULL,NULL,NULL,NULL),(581,3,185,'145632',NULL,NULL,0,'','2011-02-18 12:17:55','system',NULL,'system',NULL,NULL,NULL,NULL),(582,1,185,'raju@gmail.com',NULL,NULL,0,'','2011-02-18 12:17:55','system',NULL,'system',NULL,NULL,NULL,NULL),(583,2,185,'124563',NULL,NULL,0,'','2011-02-18 12:17:55','system',NULL,'system',NULL,NULL,NULL,NULL),(584,7,185,'www.default.com',NULL,NULL,0,'','2011-02-18 12:17:55','system',NULL,'system',NULL,NULL,NULL,NULL),(585,3,187,'6542255',NULL,NULL,0,'','2011-02-19 07:16:55','system',NULL,'system',NULL,NULL,NULL,NULL),(586,1,187,'raju#gmail.com',NULL,NULL,0,'','2011-02-19 07:16:55','system',NULL,'system',NULL,NULL,NULL,NULL),(587,2,187,'',NULL,NULL,0,'','2011-02-19 07:16:55','system',NULL,'system',NULL,NULL,NULL,NULL),(588,7,187,'www.default.com',NULL,NULL,0,'','2011-02-19 07:16:55','system',NULL,'system',NULL,NULL,NULL,NULL),(589,4,144,'97845696333',NULL,NULL,0,'','2011-02-19 07:21:32','system',NULL,'system',NULL,NULL,NULL,NULL),(590,3,189,'214551',NULL,NULL,1,'','2011-02-19 13:26:38','system',NULL,'system',NULL,NULL,NULL,NULL),(591,1,189,'sourabh@yahoo.com',NULL,NULL,1,'','2011-02-19 13:26:38','system',NULL,'system',NULL,NULL,NULL,NULL),(592,2,189,'1245879',NULL,NULL,1,'','2011-02-19 13:26:38','system',NULL,'system',NULL,NULL,NULL,NULL),(593,7,189,'www.yahoo.com',NULL,NULL,1,'','2011-02-19 13:26:38','system',NULL,'system',NULL,NULL,NULL,NULL),(594,3,190,'',NULL,NULL,0,'','2011-02-21 05:20:23','system',NULL,'system',NULL,NULL,NULL,NULL),(595,1,190,'',NULL,NULL,0,'','2011-02-21 05:20:23','system',NULL,'system',NULL,NULL,NULL,NULL),(596,2,190,'',NULL,NULL,0,'','2011-02-21 05:20:23','system',NULL,'system',NULL,NULL,NULL,NULL),(597,7,190,'',NULL,NULL,0,'','2011-02-21 05:20:23','system',NULL,'system',NULL,NULL,NULL,NULL),(598,3,191,'',NULL,NULL,0,'','2011-02-21 06:04:24','system',NULL,'system',NULL,NULL,NULL,NULL),(599,1,191,'',NULL,NULL,0,'','2011-02-21 06:04:24','system',NULL,'system',NULL,NULL,NULL,NULL),(600,2,191,'',NULL,NULL,0,'','2011-02-21 06:04:24','system',NULL,'system',NULL,NULL,NULL,NULL),(601,7,191,'',NULL,NULL,0,'','2011-02-21 06:04:24','system',NULL,'system',NULL,NULL,NULL,NULL),(602,3,192,'',NULL,NULL,0,'','2011-02-21 08:46:56','system',NULL,'system',NULL,NULL,NULL,NULL),(603,1,192,'',NULL,NULL,0,'','2011-02-21 08:46:56','system',NULL,'system',NULL,NULL,NULL,NULL),(604,2,192,'',NULL,NULL,0,'','2011-02-21 08:46:56','system',NULL,'system',NULL,NULL,NULL,NULL),(605,7,192,'www.default.com',NULL,NULL,0,'','2011-02-21 08:46:56','system',NULL,'system',NULL,NULL,NULL,NULL),(606,3,193,'',NULL,NULL,0,'','2011-02-21 08:53:47','system',NULL,'system',NULL,NULL,NULL,NULL),(607,1,193,'sandeep&gmail.com',NULL,NULL,1,'','2011-02-21 08:53:47','system',NULL,'system',NULL,NULL,NULL,NULL),(608,2,193,'',NULL,NULL,0,'','2011-02-21 08:53:47','system',NULL,'system',NULL,NULL,NULL,NULL),(609,7,193,'www.default.com',NULL,NULL,0,'','2011-02-21 08:53:47','system',NULL,'system',NULL,NULL,NULL,NULL),(610,3,194,'',NULL,NULL,0,'','2011-02-21 09:03:43','system',NULL,'system',NULL,NULL,NULL,NULL),(611,1,194,'',NULL,NULL,0,'','2011-02-21 09:03:43','system',NULL,'system',NULL,NULL,NULL,NULL),(612,2,194,'',NULL,NULL,0,'','2011-02-21 09:03:43','system',NULL,'system',NULL,NULL,NULL,NULL),(613,7,194,'www.default.com',NULL,NULL,0,'','2011-02-21 09:03:43','system',NULL,'system',NULL,NULL,NULL,NULL),(614,3,195,'',NULL,NULL,0,'','2011-02-21 09:58:12','system',NULL,'system',NULL,NULL,NULL,NULL),(615,1,195,'',NULL,NULL,0,'','2011-02-21 09:58:12','system',NULL,'system',NULL,NULL,NULL,NULL),(616,2,195,'',NULL,NULL,0,'','2011-02-21 09:58:12','system',NULL,'system',NULL,NULL,NULL,NULL),(617,7,195,'www.default.com',NULL,NULL,0,'','2011-02-21 09:58:12','system',NULL,'system',NULL,NULL,NULL,NULL),(618,3,196,'',NULL,NULL,0,'','2011-02-21 09:59:21','system',NULL,'system',NULL,NULL,NULL,NULL),(619,1,196,'',NULL,NULL,1,'','2011-02-21 09:59:21','system',NULL,'system',NULL,NULL,NULL,NULL),(620,2,196,'',NULL,NULL,0,'','2011-02-21 09:59:21','system',NULL,'system',NULL,NULL,NULL,NULL),(621,7,196,'www.default.com',NULL,NULL,0,'','2011-02-21 09:59:21','system',NULL,'system',NULL,NULL,NULL,NULL),(622,3,197,'6542255',NULL,NULL,0,'','2011-02-21 10:05:02','system',NULL,'system',NULL,NULL,NULL,NULL),(623,1,197,'anand@gmail.com',NULL,NULL,0,'','2011-02-21 10:05:02','system',NULL,'system',NULL,NULL,NULL,NULL),(624,2,197,'',NULL,NULL,0,'','2011-02-21 10:05:02','system',NULL,'system',NULL,NULL,NULL,NULL),(625,7,197,'www.default.com',NULL,NULL,0,'','2011-02-21 10:05:02','system',NULL,'system',NULL,NULL,NULL,NULL),(626,3,198,'6542255',NULL,NULL,0,'','2011-02-21 10:05:13','system',NULL,'system',NULL,NULL,NULL,NULL),(627,1,198,'anand@gmail.com',NULL,NULL,0,'','2011-02-21 10:05:13','system',NULL,'system',NULL,NULL,NULL,NULL),(628,2,198,'',NULL,NULL,0,'','2011-02-21 10:05:13','system',NULL,'system',NULL,NULL,NULL,NULL),(629,7,198,'www.default.com',NULL,NULL,0,'','2011-02-21 10:05:13','system',NULL,'system',NULL,NULL,NULL,NULL),(630,3,199,'',NULL,NULL,0,'','2011-02-21 10:28:39','system',NULL,'system',NULL,NULL,NULL,NULL),(631,1,199,'',NULL,NULL,0,'','2011-02-21 10:28:39','system',NULL,'system',NULL,NULL,NULL,NULL),(632,2,199,'',NULL,NULL,0,'','2011-02-21 10:28:39','system',NULL,'system',NULL,NULL,NULL,NULL),(633,7,199,'www.default.com',NULL,NULL,0,'','2011-02-21 10:28:39','system',NULL,'system',NULL,NULL,NULL,NULL),(634,3,200,'',NULL,NULL,0,'','2011-02-21 10:30:16','system',NULL,'system',NULL,NULL,NULL,NULL),(635,1,200,'',NULL,NULL,1,'','2011-02-21 10:30:16','system',NULL,'system',NULL,NULL,NULL,NULL),(636,2,200,'',NULL,NULL,0,'','2011-02-21 10:30:16','system',NULL,'system',NULL,NULL,NULL,NULL),(637,7,200,'www.default.com',NULL,NULL,0,'','2011-02-21 10:30:16','system',NULL,'system',NULL,NULL,NULL,NULL),(638,3,201,'',NULL,NULL,0,'','2011-02-21 10:34:27','system',NULL,'system',NULL,NULL,NULL,NULL),(639,1,201,'',NULL,NULL,0,'','2011-02-21 10:34:27','system',NULL,'system',NULL,NULL,NULL,NULL),(640,2,201,'',NULL,NULL,0,'','2011-02-21 10:34:27','system',NULL,'system',NULL,NULL,NULL,NULL),(641,7,201,'www.default.com',NULL,NULL,0,'','2011-02-21 10:34:27','system',NULL,'system',NULL,NULL,NULL,NULL),(642,3,202,'',NULL,NULL,0,'','2011-02-21 10:57:39','system',NULL,'system',NULL,NULL,NULL,NULL),(643,1,202,'',NULL,NULL,0,'','2011-02-21 10:57:39','system',NULL,'system',NULL,NULL,NULL,NULL),(644,2,202,'',NULL,NULL,0,'','2011-02-21 10:57:39','system',NULL,'system',NULL,NULL,NULL,NULL),(645,7,202,'www.default.com',NULL,NULL,0,'','2011-02-21 10:57:39','system',NULL,'system',NULL,NULL,NULL,NULL),(646,3,203,'',NULL,NULL,0,'','2011-02-21 11:21:54','system',NULL,'system',NULL,NULL,NULL,NULL),(647,1,203,'',NULL,NULL,0,'','2011-02-21 11:21:54','system',NULL,'system',NULL,NULL,NULL,NULL),(648,2,203,'',NULL,NULL,0,'','2011-02-21 11:21:54','system',NULL,'system',NULL,NULL,NULL,NULL),(649,7,203,'www.default.com',NULL,NULL,0,'','2011-02-21 11:21:54','system',NULL,'system',NULL,NULL,NULL,NULL),(650,3,204,'',NULL,NULL,0,'','2011-02-21 11:23:34','system',NULL,'system',NULL,NULL,NULL,NULL),(651,1,204,'deepu@yahoo.com',NULL,NULL,0,'','2011-02-21 11:23:34','system',NULL,'system',NULL,NULL,NULL,NULL),(652,2,204,'',NULL,NULL,0,'','2011-02-21 11:23:34','system',NULL,'system',NULL,NULL,NULL,NULL),(653,7,204,'www.default.com',NULL,NULL,0,'','2011-02-21 11:23:34','system',NULL,'system',NULL,NULL,NULL,NULL),(654,3,205,'',NULL,NULL,0,'','2011-02-21 11:24:40','system',NULL,'system',NULL,NULL,NULL,NULL),(655,1,205,'deepu1#yahoo.com',NULL,NULL,1,'','2011-02-21 11:24:40','system',NULL,'system',NULL,NULL,NULL,NULL),(656,2,205,'',NULL,NULL,0,'','2011-02-21 11:24:40','system',NULL,'system',NULL,NULL,NULL,NULL),(657,7,205,'www.default.com',NULL,NULL,0,'','2011-02-21 11:24:40','system',NULL,'system',NULL,NULL,NULL,NULL),(658,3,207,'',NULL,NULL,0,'','2011-02-23 12:39:56','system',NULL,'system',NULL,NULL,NULL,NULL),(659,1,207,'',NULL,NULL,0,'','2011-02-23 12:39:56','system',NULL,'system',NULL,NULL,NULL,NULL),(660,2,207,'',NULL,NULL,0,'','2011-02-23 12:39:56','system',NULL,'system',NULL,NULL,NULL,NULL),(661,7,207,'www.default.com',NULL,NULL,0,'','2011-02-23 12:39:56','system',NULL,'system',NULL,NULL,NULL,NULL),(662,3,208,'',NULL,NULL,0,'','2011-02-23 13:07:18','system',NULL,'system',NULL,NULL,NULL,NULL),(663,1,208,'raju@gmail.com',NULL,NULL,0,'','2011-02-23 13:07:18','system',NULL,'system',NULL,NULL,NULL,NULL),(664,2,208,'1245879',NULL,NULL,0,'','2011-02-23 13:07:18','system',NULL,'system',NULL,NULL,NULL,NULL),(665,7,208,'',NULL,NULL,0,'','2011-02-23 13:07:18','system',NULL,'system',NULL,NULL,NULL,NULL),(666,3,209,'',NULL,NULL,0,'','2011-02-23 13:11:21','system',NULL,'system',NULL,NULL,NULL,NULL),(667,1,209,'',NULL,NULL,0,'','2011-02-23 13:11:21','system',NULL,'system',NULL,NULL,NULL,NULL),(668,2,209,'',NULL,NULL,0,'','2011-02-23 13:11:21','system',NULL,'system',NULL,NULL,NULL,NULL),(669,7,209,'',NULL,NULL,0,'','2011-02-23 13:11:21','system',NULL,'system',NULL,NULL,NULL,NULL),(670,3,210,'',NULL,NULL,0,'','2011-02-23 13:15:11','system',NULL,'system',NULL,NULL,NULL,NULL),(671,1,210,'',NULL,NULL,0,'','2011-02-23 13:15:11','system',NULL,'system',NULL,NULL,NULL,NULL),(672,2,210,'',NULL,NULL,0,'','2011-02-23 13:15:11','system',NULL,'system',NULL,NULL,NULL,NULL),(673,7,210,'www.default.com',NULL,NULL,0,'','2011-02-23 13:15:11','system',NULL,'system',NULL,NULL,NULL,NULL),(674,3,213,'adffgfghh',NULL,NULL,1,'','2011-02-24 11:18:17','system',NULL,'system',NULL,NULL,NULL,NULL),(675,1,213,'12455$@@$',NULL,NULL,1,'','2011-02-24 11:18:17','system',NULL,'system',NULL,NULL,NULL,NULL),(676,2,213,'',NULL,NULL,0,'','2011-02-24 11:18:17','system',NULL,'system',NULL,NULL,NULL,NULL),(677,7,213,'www.default.com',NULL,NULL,0,'','2011-02-24 11:18:17','system',NULL,'system',NULL,NULL,NULL,NULL),(678,3,214,'affghjkhh',NULL,NULL,0,'','2011-02-24 12:59:08','system',NULL,'system',NULL,NULL,NULL,NULL),(679,1,214,'4441135456',NULL,NULL,0,'','2011-02-24 12:59:08','system',NULL,'system',NULL,NULL,NULL,NULL),(680,2,214,'gdsgfdhgfhjhj',NULL,NULL,0,'','2011-02-24 12:59:08','system',NULL,'system',NULL,NULL,NULL,NULL),(681,7,214,'125saa@#$',NULL,NULL,0,'','2011-02-24 12:59:08','system',NULL,'system',NULL,NULL,NULL,NULL),(682,3,215,'2345',NULL,NULL,0,'','2011-02-25 05:27:47','system',NULL,'system',NULL,NULL,NULL,NULL),(683,1,215,'shanti@gamil.com',NULL,NULL,0,'','2011-02-25 05:27:47','system',NULL,'system',NULL,NULL,NULL,NULL),(684,2,215,'123',NULL,NULL,0,'','2011-02-25 05:27:47','system',NULL,'system',NULL,NULL,NULL,NULL),(685,7,215,'www.default.com',NULL,NULL,0,'','2011-02-25 05:27:47','system',NULL,'system',NULL,NULL,NULL,NULL),(686,5,216,NULL,NULL,NULL,0,'','2011-02-26 23:15:00','system','2011-02-26 23:15:00','system',NULL,NULL,NULL,NULL),(687,1,216,NULL,NULL,NULL,0,'','2011-02-26 23:15:00','system','2011-02-26 23:15:00','system',NULL,NULL,NULL,NULL),(688,2,216,NULL,NULL,NULL,0,'','2011-02-26 23:15:00','system','2011-02-26 23:15:00','system',NULL,NULL,NULL,NULL),(689,7,216,NULL,NULL,NULL,0,'','2011-02-26 23:15:00','system','2011-02-26 23:15:00','system',NULL,NULL,NULL,NULL),(690,5,217,'gdsgdgfd',NULL,NULL,0,'','2011-02-27 07:21:41','system','2011-02-27 07:21:41','system',NULL,NULL,NULL,-1),(691,1,217,'1324345465',NULL,NULL,0,'','2011-02-27 07:21:41','system','2011-02-27 07:21:41','system',NULL,NULL,NULL,NULL),(692,2,217,'sgsgffdf',NULL,NULL,0,'','2011-02-27 07:21:41','system','2011-02-27 07:21:41','system',NULL,NULL,NULL,NULL),(693,7,217,'www.default.com',NULL,NULL,0,'','2011-02-27 07:21:41','system','2011-02-27 07:21:41','system',NULL,NULL,NULL,NULL),(694,5,218,'fhdfhdh',NULL,NULL,0,'','2011-02-28 13:06:47','system','2011-02-28 13:06:47','system',NULL,NULL,NULL,-1),(695,1,218,'1245344',NULL,NULL,0,'','2011-02-28 13:06:47','system','2011-02-28 13:06:47','system',NULL,NULL,NULL,NULL),(696,2,218,'ghhghk',NULL,NULL,0,'','2011-02-28 13:06:47','system','2011-02-28 13:06:47','system',NULL,NULL,NULL,NULL),(697,7,218,'www.default.com',NULL,NULL,0,'','2011-02-28 13:06:47','system','2011-02-28 13:06:47','system',NULL,NULL,NULL,NULL),(698,5,219,'fgfhfghfgd',NULL,NULL,3,'','2011-02-28 14:21:27','system','2011-02-28 14:21:27','system',NULL,NULL,NULL,3),(699,1,219,'124435652',NULL,NULL,0,'','2011-02-28 14:21:27','system','2011-02-28 14:21:27','system',NULL,NULL,NULL,NULL),(700,2,219,'ggfsghfghf',NULL,NULL,0,'','2011-02-28 14:21:27','system','2011-02-28 14:21:27','system',NULL,NULL,NULL,NULL),(701,7,219,'www.default.com',NULL,NULL,0,'','2011-02-28 14:21:27','system','2011-02-28 14:21:27','system',NULL,NULL,NULL,NULL),(706,5,220,'fgfgagtrgr',NULL,NULL,4,'','2011-02-28 14:29:20','system','2011-02-28 14:29:20','system',NULL,NULL,NULL,3),(707,1,NULL,'',NULL,NULL,0,'','2011-02-28 14:29:20','system',NULL,'system',NULL,NULL,NULL,NULL),(708,2,NULL,'',NULL,NULL,0,'','2011-02-28 14:29:20','system',NULL,'system',NULL,NULL,NULL,NULL),(709,7,NULL,'www.default.com',NULL,NULL,0,'','2011-02-28 14:29:20','system',NULL,'system',NULL,NULL,NULL,NULL),(710,1,NULL,'',NULL,NULL,0,'','2011-02-28 14:29:53','system',NULL,'system',NULL,NULL,NULL,NULL),(711,2,NULL,'',NULL,NULL,0,'','2011-02-28 14:29:53','system',NULL,'system',NULL,NULL,NULL,NULL),(712,7,NULL,'www.default.com',NULL,NULL,0,'','2011-02-28 14:29:53','system',NULL,'system',NULL,NULL,NULL,NULL),(713,1,NULL,'13243253425',NULL,NULL,0,'','2011-02-28 14:31:00','system',NULL,'system',NULL,NULL,NULL,NULL),(714,2,NULL,'',NULL,NULL,0,'','2011-02-28 14:31:00','system',NULL,'system',NULL,NULL,NULL,NULL),(715,7,NULL,'www.default.com',NULL,NULL,0,'','2011-02-28 14:31:00','system',NULL,'system',NULL,NULL,NULL,NULL),(716,1,NULL,'13243253425',NULL,NULL,0,'','2011-02-28 14:32:58','system',NULL,'system',NULL,NULL,NULL,NULL),(717,2,NULL,'',NULL,NULL,0,'','2011-02-28 14:32:58','system',NULL,'system',NULL,NULL,NULL,NULL),(718,7,NULL,'www.default.com',NULL,NULL,0,'','2011-02-28 14:32:58','system',NULL,'system',NULL,NULL,NULL,NULL),(719,1,NULL,'13243253425',NULL,NULL,0,'','2011-02-28 14:33:33','system',NULL,'system',NULL,NULL,NULL,NULL),(720,2,NULL,'',NULL,NULL,0,'','2011-02-28 14:33:33','system',NULL,'system',NULL,NULL,NULL,NULL),(721,7,NULL,'www.default.com',NULL,NULL,0,'','2011-02-28 14:33:33','system',NULL,'system',NULL,NULL,NULL,NULL),(722,5,221,'fgfhfghfgd',NULL,NULL,1,'','2011-02-28 15:05:14','system','2011-02-28 15:05:14','system',NULL,NULL,NULL,3),(723,1,221,'1324345465',NULL,NULL,0,'','2011-02-28 15:05:14','system','2011-02-28 15:05:14','system',NULL,NULL,NULL,NULL),(724,2,221,'sgsgffdf',NULL,NULL,0,'','2011-02-28 15:05:14','system','2011-02-28 15:05:14','system',NULL,NULL,NULL,NULL),(725,7,221,'www.default.com',NULL,NULL,0,'','2011-02-28 15:05:14','system','2011-02-28 15:05:14','system',NULL,NULL,NULL,NULL),(726,5,222,'@$%%#%#',NULL,NULL,3,'','2011-03-01 05:11:17','system','2011-03-01 05:11:17','system',NULL,NULL,NULL,3),(727,1,222,'134243254325',NULL,NULL,0,'','2011-03-01 05:11:17','system','2011-03-01 05:11:17','system',NULL,NULL,NULL,NULL),(728,2,222,'gfgfgfhh',NULL,NULL,0,'','2011-03-01 05:11:17','system','2011-03-01 05:11:17','system',NULL,NULL,NULL,NULL),(729,7,222,'www.default.com',NULL,NULL,0,'','2011-03-01 05:11:17','system','2011-03-01 05:11:17','system',NULL,NULL,NULL,NULL),(730,5,223,NULL,NULL,NULL,0,'','2011-03-01 06:54:01','system','2011-03-01 06:54:01','system',NULL,NULL,NULL,NULL),(731,1,223,NULL,NULL,NULL,0,'','2011-03-01 06:54:01','system','2011-03-01 06:54:01','system',NULL,NULL,NULL,NULL),(732,2,223,NULL,NULL,NULL,0,'','2011-03-01 06:54:01','system','2011-03-01 06:54:01','system',NULL,NULL,NULL,NULL),(733,7,223,NULL,NULL,NULL,0,'','2011-03-01 06:54:01','system','2011-03-01 06:54:01','system',NULL,NULL,NULL,NULL),(734,3,224,'asdfgjk',NULL,NULL,0,'','2011-03-01 12:18:32','system',NULL,'system',NULL,NULL,NULL,NULL),(735,1,224,'12345',NULL,NULL,0,'','2011-03-01 12:18:32','system',NULL,'system',NULL,NULL,NULL,NULL),(736,2,224,'awsedrftghj',NULL,NULL,0,'','2011-03-01 12:18:32','system',NULL,'system',NULL,NULL,NULL,NULL),(737,7,224,'2345678',NULL,NULL,0,'','2011-03-01 12:18:32','system',NULL,'system',NULL,NULL,NULL,NULL),(738,1,NULL,NULL,NULL,NULL,0,'','2011-03-01 12:18:32','system',NULL,'system',NULL,NULL,NULL,NULL),(739,2,NULL,NULL,NULL,NULL,0,'','2011-03-01 12:18:32','system',NULL,'system',NULL,NULL,NULL,NULL),(740,7,NULL,NULL,NULL,NULL,0,'','2011-03-01 12:18:32','system',NULL,'system',NULL,NULL,NULL,NULL);
/*!40000 ALTER TABLE `party_site_communication` ENABLE KEYS */;
UNLOCK TABLES;

--
-- Table structure for table `task_notification_recipient`
--

DROP TABLE IF EXISTS `task_notification_recipient`;
/*!40101 SET @saved_cs_client     = @@character_set_client */;
/*!40101 SET character_set_client = utf8 */;
CREATE TABLE `task_notification_recipient` (
  `notification_type` bigint(20) unsigned NOT NULL AUTO_INCREMENT,
  `template_id` bigint(20) unsigned DEFAULT NULL,
  `recipient` varchar(30) DEFAULT NULL,
  `email_type` varchar(300) DEFAULT NULL,
  `version` int(11) DEFAULT NULL,
  `active_flag` bit(1) DEFAULT NULL,
  `create_date` timestamp NULL DEFAULT NULL,
  `create_user_id` varchar(30) DEFAULT NULL,
  `last_update_user_id` varchar(30) DEFAULT NULL,
  `last_update_date` timestamp NULL DEFAULT NULL,
  PRIMARY KEY (`notification_type`),
  KEY `fk_task_not_recipient` (`template_id`),
  CONSTRAINT `fk_task_not_recipient` FOREIGN KEY (`template_id`) REFERENCES `task_notification_template` (`id`)
) ENGINE=InnoDB AUTO_INCREMENT=21 DEFAULT CHARSET=latin1;
/*!40101 SET character_set_client = @saved_cs_client */;

--
-- Dumping data for table `task_notification_recipient`
--

LOCK TABLES `task_notification_recipient` WRITE;
/*!40000 ALTER TABLE `task_notification_recipient` DISABLE KEYS */;
INSERT INTO `task_notification_recipient` VALUES (1,1,'client','bcc',1,'','2011-03-19 23:42:22','system',NULL,NULL),(2,1,'partner','cc',0,NULL,NULL,NULL,NULL,NULL),(3,1,'employee','to',1,'','2011-03-19 23:45:36','system',NULL,NULL),(4,2,'client','bcc',0,NULL,NULL,NULL,NULL,NULL),(5,2,'partner','cc',0,NULL,NULL,NULL,NULL,NULL),(6,2,'employee','to',0,NULL,NULL,NULL,NULL,NULL),(7,1,'Emloyee','cc',0,'','2011-04-14 06:14:14','system',NULL,NULL),(8,2,'Emloyee','trtettwtrt',0,'','2011-04-14 06:14:52','system',NULL,NULL),(9,1,'Emloyee','cc',0,'','2011-04-15 07:20:39','system',NULL,NULL),(10,6,'Emloyee','cc',0,'','2011-04-15 07:29:13','system',NULL,NULL),(11,2,'Emloyee','cc',0,'','2011-04-16 10:35:55','system',NULL,NULL),(12,1,'Emloyee','cc',0,'','2011-04-25 06:32:43','system',NULL,NULL),(13,2,'Engineer','bcc',0,'','2011-04-30 06:33:44','system',NULL,NULL),(14,6,'Bussoness Analyst','bcc',0,'','2011-04-30 07:21:09','system',NULL,NULL),(15,1,'CLIENT','to  bcc',0,'','2011-05-14 05:31:36','system',NULL,NULL),(16,1,'Customer','cc',2,'\0','2011-05-25 09:15:28','system',NULL,'2011-05-25 09:17:02'),(17,2,'gdg','asdghj.com',0,'','2011-05-27 06:24:03','system',NULL,NULL),(18,4,'Ranjeeth','rajeshrc28@gmail.com',0,'','2011-06-01 12:14:08','system',NULL,NULL),(19,8,'customer','asdj.com',0,'','2011-06-18 06:12:14','system',NULL,NULL),(20,1,'apoorva','cc',0,'','2011-06-28 06:45:09','system',NULL,NULL);
/*!40000 ALTER TABLE `task_notification_recipient` ENABLE KEYS */;
UNLOCK TABLES;

--
-- Table structure for table `address`
--

DROP TABLE IF EXISTS `address`;
/*!40101 SET @saved_cs_client     = @@character_set_client */;
/*!40101 SET character_set_client = utf8 */;
CREATE TABLE `address` (
  `id` bigint(20) unsigned NOT NULL AUTO_INCREMENT,
  `address_line_1` varchar(100) DEFAULT NULL,
  `address_line_2` varchar(100) DEFAULT NULL,
  `city` varchar(100) DEFAULT NULL,
  `state` varchar(50) DEFAULT NULL,
  `postal_code` varchar(50) DEFAULT NULL,
  `country` varchar(100) DEFAULT NULL,
  `last_update_user_id` varchar(30) DEFAULT NULL,
  `last_update_date` timestamp NULL DEFAULT NULL,
  `version` int(11) NOT NULL DEFAULT '0',
  `active_flag` bit(1) DEFAULT NULL,
  `create_date` timestamp NULL DEFAULT NULL,
  `create_user_id` varchar(30) DEFAULT NULL,
  `country_code` bigint(20) unsigned DEFAULT NULL,
  `state_code` bigint(20) unsigned zerofill DEFAULT NULL,
  PRIMARY KEY (`id`),
  KEY `fk_address_has_country_code` (`country_code`),
  KEY `fk_address_has_state_code` (`state_code`),
  CONSTRAINT `fk_address_has_country_code` FOREIGN KEY (`country_code`) REFERENCES `code` (`id`),
  CONSTRAINT `fk_address_has_state_code` FOREIGN KEY (`state_code`) REFERENCES `code` (`id`)
) ENGINE=InnoDB AUTO_INCREMENT=647 DEFAULT CHARSET=latin1;
/*!40101 SET character_set_client = @saved_cs_client */;

--
-- Dumping data for table `address`
--

LOCK TABLES `address` WRITE;
/*!40000 ALTER TABLE `address` DISABLE KEYS */;
INSERT INTO `address` VALUES (157,'34 Anderson ln','test 45678','Toronto',NULL,'100456',NULL,NULL,NULL,0,'','2011-02-02 06:40:43','system',2,00000000000000001069),(158,'34 Anderson ln www','test 45678','Toronto',NULL,'10045',NULL,'admin@firm.com','2011-04-16 19:52:13',2,'','2011-02-02 06:56:59','system',1,00000000000000001063),(159,'1234 test','Elden Street','Sterling',NULL,'20105',NULL,NULL,NULL,0,'','2011-02-03 03:55:21','system',1,00000000000000001066),(160,'1234 kinsale pl','234','St Louis',NULL,'20105',NULL,NULL,NULL,0,'','2011-02-03 03:59:38','system',1,00000000000000001061),(161,'1234 kinsale pl','234','St Louis',NULL,'20105',NULL,NULL,NULL,0,'','2011-02-03 04:09:00','system',1,00000000000000001061),(162,'kmnknY*&y','kjnk*Y(]','rwrer',NULL,'vcxvxcv',NULL,NULL,NULL,0,'','2011-02-03 18:02:00','system',1,00000000000000001005),(163,'kmnknY*&y','kjnk*Y(]','rwrer',NULL,'vcxvxcv',NULL,NULL,NULL,0,'','2011-02-03 18:02:01','system',1,00000000000000001005),(164,'%^%%^%^4','$^%$%^$%^$%$','%^$%^$%$',NULL,'^^^^',NULL,NULL,NULL,0,'','2011-02-03 18:03:52','system',1,00000000000000001066),(165,'1234 kinsale pl','234','St Louis',NULL,'20105',NULL,NULL,NULL,0,'','2011-02-04 01:12:59','system',1,00000000000000001059),(166,'27, 2nd Cross, 3rd Main','Basaveshware Nagar','Falls Church',NULL,'22042',NULL,NULL,NULL,0,'','2011-02-04 01:24:06','system',1,00000000000000001056),(167,'27, 2nd Cross, 3rd Main','Basaveshware Nagar','Falls Church',NULL,'22042',NULL,NULL,NULL,0,'','2011-02-04 01:29:09','system',1458,00000000000000001459),(168,'1234 test','Elden Street','Surrey',NULL,'V3R 4H6',NULL,NULL,NULL,0,'','2011-02-04 02:51:40','system',2,00000000000000001068),(169,'456 jones dr','Elden Street','Surray',NULL,'V3R 4H6',NULL,NULL,NULL,0,'','2011-02-04 02:55:55','system',2,00000000000000001068),(170,'200 - 10193 152A Street','','Surrey',NULL,'V3R 4H6',NULL,NULL,NULL,0,'','2011-02-04 02:59:48','system',2,00000000000000001068),(171,'200 - 10193 152A Street','','Surrey',NULL,'V3R 4H6',NULL,NULL,NULL,0,'','2011-02-04 03:01:55','system',2,00000000000000001068),(172,'94 Sharma Ln','Elden Street','St Loius',NULL,'45789',NULL,NULL,NULL,0,'','2011-02-04 03:03:48','system',1,00000000000000001024),(173,'1234 test','Elden Street','St Loius',NULL,'45789',NULL,NULL,NULL,0,'','2011-02-04 03:05:11','system',1,00000000000000001024),(174,'3rd Main, 4th Cross,','Rajaji Nagar','Bangalore',NULL,'560032',NULL,NULL,NULL,0,'','2011-02-04 03:07:03','system',1458,00000000000000001459),(175,'3rd Main, 4th Cross, T Section','Rajaji Nagar','Bangalore',NULL,'560032',NULL,NULL,NULL,1,'','2011-02-04 03:08:38','system',1,00000000000000001062),(176,'5th Cross, 4th Main','Basaveshwara Nagar','Bangalore',NULL,'560032',NULL,NULL,NULL,0,'','2011-02-04 03:10:53','system',1458,00000000000000001459),(177,'3rd Main, 4th Cross,','Basaveshwara Nagar','Bangalore',NULL,'560032',NULL,NULL,NULL,0,'','2011-02-04 03:12:23','system',1458,00000000000000001459),(178,'Louis tower','','Romeo',NULL,'560079',NULL,NULL,NULL,1,'','2011-02-08 02:46:49','system',1,00000000000000001062),(180,NULL,NULL,NULL,NULL,NULL,NULL,NULL,NULL,0,'','2011-02-08 05:26:24','system',2,00000000000000001068),(181,NULL,NULL,NULL,NULL,NULL,NULL,NULL,NULL,0,'','2011-02-08 05:28:18','system',2,00000000000000001068),(182,'1325 153A Street','Suite348','Coquitlam',NULL,'V3E W4R',NULL,NULL,NULL,0,'','2011-02-08 05:51:42','system',2,00000000000000001068),(183,'234 Frogger Street','Suite 200','Vancouver',NULL,'',NULL,NULL,NULL,0,'','2011-02-08 06:06:19','system',2,00000000000000001068),(184,'Richmond circle','','Bangalore',NULL,'560079',NULL,NULL,NULL,0,'','2011-02-08 14:38:56','system',1,00000000000000001066),(185,'1235 - 152 A Street','Suite 200','Surrey',NULL,'V3R 4H6',NULL,NULL,NULL,0,'','2011-02-09 02:54:15','system',2,00000000000000001068),(186,'1235 - 152 A Street','Suite 200','Surrey',NULL,'V3R 4H6',NULL,NULL,NULL,0,'','2011-02-09 02:54:16','system',2,00000000000000001068),(187,'1235 - 152 A Street','Suite 200','Surrey',NULL,'V3R 4H6',NULL,NULL,NULL,0,'','2011-02-09 02:54:16','system',2,00000000000000001068),(188,'Basaveshvar Nagar','3rd cross','bangalore',NULL,'560079',NULL,NULL,NULL,0,'','2011-02-09 04:20:17','system',1,00000000000000001062),(189,'123 main Street','Suite 200','Surrey',NULL,'V3R 5W7',NULL,NULL,NULL,0,'','2011-02-09 04:56:30','system',2,00000000000000001068),(190,'1234 test','Basaveshwara Nagar','Sterling',NULL,'20105',NULL,NULL,NULL,0,'','2011-02-09 06:43:57','system',1,00000000000000001063),(191,'1234 test','Basaveshwara Nagar','Sterling',NULL,'20105',NULL,NULL,NULL,0,'','2011-02-09 06:55:40','system',1,00000000000000001066),(192,NULL,NULL,NULL,NULL,NULL,NULL,NULL,NULL,0,'','2011-02-09 06:58:04','system',1,00000000000000001066),(193,'1234 test','Basaveshwara Nagar','Bangalore',NULL,'20105',NULL,NULL,NULL,0,'','2011-02-09 07:03:56','system',1,00000000000000001065),(194,'1234 test','Basaveshwara Nagar','Bangalore',NULL,'20105',NULL,NULL,NULL,0,'','2011-02-09 07:04:53','system',1,00000000000000001065),(195,'roshan nagar','','surrey',NULL,'560079',NULL,NULL,NULL,0,'','2011-02-10 06:41:01','system',1,00000000000000001061),(196,'guru nagar','','Bangalore',NULL,'560079',NULL,NULL,NULL,0,'','2011-02-10 06:47:56','system',1,00000000000000001061),(197,'Sataynarayana Pet','3main','Bangalore',NULL,'560079',NULL,NULL,NULL,0,'','2011-02-10 06:49:46','system',1464,00000000000000001465),(198,'1234 some dr','','Herndon',NULL,'22042',NULL,NULL,NULL,0,'','2011-02-13 00:42:26','system',1,00000000000000001056),(199,'Blank Rome','','Romeo',NULL,'560079',NULL,NULL,NULL,0,'','2011-02-14 12:04:26','system',2,00000000000000001067),(200,'102 - 10256 main Street','','Vancouver',NULL,'V3X 3G9',NULL,NULL,NULL,0,'','2011-02-15 04:46:31','system',2,00000000000000001068),(201,'Patil Nagar','','Cape Town',NULL,'554187',NULL,NULL,NULL,0,'','2011-02-15 06:56:12','system',1462,00000000000000001463),(202,'Patil Nagar','','Cape Town',NULL,'554187',NULL,'patil.anand677@gmail.com','2011-07-18 13:08:19',4,'','2011-02-15 07:00:03','system',2,00000000000000001071),(203,NULL,NULL,NULL,NULL,NULL,NULL,NULL,NULL,0,'','2011-02-15 07:40:12','system',1,00000000000000001001),(204,'asfghjhkhk','','us',NULL,'1478965',NULL,NULL,NULL,0,'','2011-02-15 07:49:51','system',1,00000000000000001066),(205,'Rajaji Nagar','','US',NULL,'12458',NULL,NULL,NULL,0,'','2011-02-15 07:59:25','system',2,00000000000000001071),(206,'1234 kinsale pl','234','St Louis',NULL,'20105',NULL,NULL,NULL,0,'','2011-02-15 08:13:00','system',1,NULL),(207,'1234 kinsale pl','234','St Louis',NULL,'20105',NULL,NULL,NULL,0,'','2011-02-15 08:20:32','system',1,NULL),(208,'7th Cross','Basaveshvar Nagar','canada',NULL,'1452366',NULL,NULL,NULL,0,'','2011-02-15 08:20:44','system',2,00000000000000001071),(209,'sanglad colony','','srilanka',NULL,'1425773',NULL,NULL,NULL,0,'','2011-02-15 09:09:30','system',1,00000000000000001064),(210,'santhinagar','','Bangalore',NULL,'4578966',NULL,NULL,NULL,0,'','2011-02-15 09:41:05','system',2,00000000000000001070),(211,'Ram Nagar','','Dhadar',NULL,'1478965',NULL,NULL,NULL,0,'','2011-02-15 10:26:28','system',1,00000000000000001063),(212,'Dodaballapur','','Bangalore',NULL,'178963357',NULL,NULL,NULL,0,'','2011-02-15 10:34:23','system',2,00000000000000001077),(213,'BDA Complex','','as',NULL,'7845896',NULL,NULL,NULL,0,'','2011-02-15 10:41:52','system',2,00000000000000001068),(214,'ganga Nagar','','noida',NULL,'121245432',NULL,NULL,NULL,0,'','2011-02-15 10:53:33','system',1,00000000000000001057),(215,'sanjay nagar','','chandigad',NULL,'2456889',NULL,NULL,NULL,0,'','2011-02-15 10:59:37','system',2,00000000000000001067),(216,'malleshwaram','','gurghav',NULL,'145788',NULL,NULL,NULL,0,'','2011-02-15 11:39:23','system',1,00000000000000001063),(217,'Nadini Layout','','Canada',NULL,'32145544',NULL,NULL,NULL,0,'','2011-02-15 12:25:40','system',1,00000000000000001059),(218,'1234 kinsale pl','234','St Louis',NULL,'20105',NULL,NULL,NULL,0,'','2011-02-15 13:41:31','system',1,00000000000000001056),(219,'1234 kinsale pl','234','Sterlng',NULL,'20105',NULL,NULL,NULL,0,'','2011-02-15 13:47:27','system',1,00000000000000001056),(221,NULL,NULL,NULL,NULL,NULL,NULL,NULL,NULL,0,'','2011-02-16 04:11:43','system',1,00000000000000001062),(222,'1234 test','Basaveshwara Nagar','Bangalore',NULL,'20105',NULL,NULL,NULL,0,'','2011-02-16 04:13:17','system',1,00000000000000001066),(223,'1234 test','Basaveshwara Nagar','Sterling',NULL,'20105',NULL,NULL,NULL,0,'','2011-02-16 04:34:38','system',1,00000000000000001063),(224,'jayanagar','','Bagladesh',NULL,'1456358936',NULL,NULL,NULL,1,'','2011-02-16 05:37:15','system',2,00000000000000001067),(225,'Koramangala','','kalkatha',NULL,'142563',NULL,NULL,NULL,0,'','2011-02-16 06:09:02','system',1485,00000000000000001486),(226,'Rajputh Nagar','','Cape Town',NULL,'dggggsgs',NULL,NULL,NULL,0,'','2011-02-16 06:14:10','system',1,00000000000000001002),(227,'Koramangala','','Sriranga ',NULL,'1245775',NULL,NULL,NULL,0,'','2011-02-16 06:19:57','system',1485,00000000000000001486),(228,'Koramangala','','Sriranga ',NULL,'1245775',NULL,NULL,NULL,0,'','2011-02-16 06:21:26','system',2,00000000000000001072),(229,'Basavanagudi','','Dharwad',NULL,'2456',NULL,NULL,NULL,0,'','2011-02-16 06:33:50','system',2,00000000000000001067),(230,'jayanagar','','Bagladesh',NULL,'147895',NULL,NULL,NULL,0,'','2011-02-16 06:43:56','system',1,00000000000000001062),(233,'Rajaji Nagar','','Bangalore',NULL,'121245432',NULL,NULL,NULL,0,'','2011-02-16 09:28:22','system',2,00000000000000001074),(234,NULL,NULL,NULL,NULL,NULL,NULL,NULL,NULL,0,'','2011-02-16 09:55:49','system',2,00000000000000001072),(235,'raj mohan roy','7th croos','orisa',NULL,'1478569',NULL,NULL,NULL,0,'','2011-02-16 10:01:39','system',2,00000000000000001071),(236,'Rajathgiri','8th cross','Dharwad',NULL,'478963',NULL,NULL,NULL,0,'','2011-02-16 10:06:29','system',1,00000000000000001002),(237,'9th main','Vasanth Nagar','Ramadurga',NULL,'121245432',NULL,NULL,NULL,0,'','2011-02-16 10:11:09','system',1485,00000000000000001486),(239,'raj mohan roy','','Bagladesh',NULL,'14523',NULL,NULL,NULL,0,'','2011-02-16 13:19:54','system',1,00000000000000001057),(240,'Rajathgiri','','Bagladesh',NULL,'14552',NULL,NULL,NULL,0,'','2011-02-16 13:28:43','system',1,00000000000000001003),(241,'maruthi nagar','','hydrabad',NULL,'1452',NULL,NULL,NULL,0,'','2011-02-16 13:32:25','system',2,00000000000000001070),(243,'Richmond Circle','','hydrabad',NULL,'478569',NULL,NULL,NULL,0,'','2011-02-16 13:45:21','system',2,00000000000000001079),(254,'shubas Nagar','','goa',NULL,'145236',NULL,NULL,NULL,0,'','2011-02-17 06:23:58','system',2,00000000000000001068),(257,'Bagalkoti Nagar','','Hydrabad',NULL,'554187',NULL,NULL,NULL,0,'','2011-02-17 07:26:19','system',2,00000000000000001070),(258,'Koramangala','','Sriranga',NULL,'1454',NULL,NULL,NULL,0,'','2011-02-17 11:16:25','system',1,00000000000000001004),(259,'shubas Nagar','','Bangalore',NULL,'1478878',NULL,NULL,NULL,0,'','2011-02-17 11:45:54','system',1,00000000000000001066),(260,'Gayithri Nagar','','Belgaum',NULL,'14253',NULL,NULL,NULL,0,'','2011-02-17 11:59:04','system',2,00000000000000001070),(262,'Bagalkoti Nagar','','Cape Town',NULL,'455655',NULL,NULL,NULL,0,'','2011-02-17 12:54:10','system',2,00000000000000001070),(263,'jayanagar','','Dharwad',NULL,'45222',NULL,NULL,NULL,0,'','2011-02-17 13:11:39','system',2,00000000000000001072),(276,'Louis tower','3rd cross','Romeo',NULL,'96',NULL,NULL,NULL,0,'','2011-02-17 14:45:22','system',2,00000000000000001072),(277,'Richmond Circle','','Belgaum',NULL,'12458',NULL,NULL,NULL,0,'','2011-02-17 14:46:21','system',2,00000000000000001070),(278,'Richmond Circle','','goa',NULL,'121245432',NULL,NULL,NULL,0,'','2011-02-17 14:47:58','system',2,00000000000000001070),(279,'Louis tower','in','Romeo',NULL,'560079',NULL,NULL,NULL,0,'','2011-02-17 14:56:42','system',2,00000000000000001070),(280,'Bommanahalli','','Yalahanka',NULL,'145365',NULL,NULL,NULL,0,'','2011-02-18 05:31:12','system',1,00000000000000001061),(281,'shubas Nagar','','Bangalore',NULL,'147859',NULL,NULL,NULL,0,'','2011-02-18 05:40:18','system',2,00000000000000001070),(282,'Rajaji Nagar','','Dhadar',NULL,'14253',NULL,NULL,NULL,0,'','2011-02-18 05:42:39','system',1,00000000000000001066),(283,'Gayithri Nagar','','Belgaum',NULL,'14253',NULL,NULL,NULL,0,'','2011-02-18 05:44:29','system',2,00000000000000001070),(284,'Louis tower','3rd cross','Romeo',NULL,'96',NULL,NULL,NULL,0,'','2011-02-18 05:57:42','system',2,00000000000000001071),(285,'jayanagar','','Dharwad',NULL,'14539',NULL,NULL,NULL,0,'','2011-02-18 06:31:16','system',1,00000000000000001066),(286,'raj mohan roy','','Sriranga',NULL,'12455',NULL,NULL,NULL,0,'','2011-02-18 06:39:02','system',1,00000000000000001060),(287,'Gayithri Nagar','','goa',NULL,'14253',NULL,NULL,NULL,0,'','2011-02-18 07:01:23','system',2,00000000000000001071),(288,'Richmond Circle','','paris',NULL,'14253',NULL,NULL,NULL,0,'','2011-02-18 07:11:19','system',2,00000000000000001069),(289,'shubas Nagar','','Bangalore',NULL,'14253',NULL,NULL,NULL,0,'','2011-02-18 07:24:04','system',2,00000000000000001069),(290,'shubas Nagar','','goa',NULL,'1478687',NULL,NULL,NULL,1,'','2011-02-18 07:27:34','system',1,00000000000000001061),(291,'shubas Nagar','','Dhadar',NULL,'121245432',NULL,NULL,NULL,0,'','2011-02-18 07:35:28','system',1,00000000000000001066),(292,'Richmond Circle','','Belgaum',NULL,'1478687',NULL,NULL,NULL,2,'','2011-02-18 07:39:07','system',1,00000000000000001066),(293,'Gayithri Nagar','','goa',NULL,'121245432',NULL,NULL,NULL,0,'','2011-02-18 07:50:37','system',2,00000000000000001071),(294,'Bommanahalli','','Ramadurga',NULL,'12458',NULL,NULL,NULL,1,'','2011-02-18 07:52:26','system',1,00000000000000001066),(295,'Gayithri Nagar','','Ramadurga',NULL,'1478878',NULL,NULL,NULL,0,'','2011-02-18 07:57:33','system',1,00000000000000001004),(296,'jayanagar','8th cross','Bagladesh',NULL,'1454',NULL,NULL,NULL,0,'','2011-02-18 12:15:54','system',2,00000000000000001070),(297,'jayanagar','7th croos','Hydrabad',NULL,'455655',NULL,NULL,NULL,0,'','2011-02-18 12:17:55','system',2,00000000000000001069),(298,NULL,NULL,NULL,NULL,NULL,NULL,NULL,NULL,0,'','2011-02-19 06:26:08','system',2,00000000000000001068),(299,'jayanagar','','Hydrabad',NULL,'1454',NULL,NULL,NULL,0,'','2011-02-19 07:16:55','system',2,00000000000000001070),(300,NULL,NULL,NULL,NULL,NULL,NULL,NULL,NULL,0,'','2011-02-19 08:01:32','system',1,00000000000000001066),(301,'Rajaji Nagar','Vasanth Nagar','Bangalore',NULL,'12458',NULL,NULL,NULL,1,'','2011-02-19 13:26:38','system',1,00000000000000001006),(302,'Richmond Circle','','goa',NULL,'1478878',NULL,NULL,NULL,0,'','2011-02-21 05:20:23','system',2,00000000000000001069),(303,'shubas Nagar','','Dhadar',NULL,'12458',NULL,NULL,NULL,0,'','2011-02-21 06:04:23','system',2,00000000000000001069),(304,'Richmond Circle','','Bangalore',NULL,'14253',NULL,NULL,NULL,1,'','2011-02-21 06:13:21','system',2,00000000000000001070),(305,'Richmond Circle','','Dhadar',NULL,'14253',NULL,NULL,NULL,0,'','2011-02-21 07:08:00','system',2,00000000000000001069),(306,'shubas Nagar','','paris',NULL,'1478878',NULL,NULL,NULL,0,'','2011-02-21 07:21:50','system',2,00000000000000001070),(307,'Gayithri Nagar','','Bangalore',NULL,'121245432',NULL,NULL,NULL,1,'','2011-02-21 07:24:21','system',2,00000000000000001071),(308,'Richmond Circle','','paris',NULL,'12458',NULL,NULL,NULL,0,'','2011-02-21 07:26:28','system',2,00000000000000001071),(309,'Bommanahalli','','Belgaum',NULL,'14253',NULL,NULL,NULL,0,'','2011-02-21 07:28:23','system',2,00000000000000001070),(310,'Rajaji Nagar','','Bangalore',NULL,'12458',NULL,NULL,NULL,0,'','2011-02-21 07:45:10','system',1,00000000000000001070),(311,'shubas Nagar','','Belgaum',NULL,'14253',NULL,NULL,NULL,0,'','2011-02-21 08:01:05','system',1,00000000000000001003),(312,'Richmond Circle','Vasanth Nagar','paris',NULL,'121245432',NULL,NULL,NULL,0,'','2011-02-21 08:04:35','system',1,00000000000000001003),(313,'jayanagar','','Hydrabad',NULL,'455655',NULL,NULL,NULL,0,'','2011-02-21 08:46:55','system',1,00000000000000001005),(314,'Bagalkoti Nagar','','Hydrabad',NULL,'12455+=1452',NULL,NULL,NULL,1,'','2011-02-21 08:53:47','system',1,00000000000000001003),(315,'Bagalkoti Nagar','','Hydrabad',NULL,'1245775+=1455',NULL,NULL,NULL,0,'','2011-02-21 09:03:42','system',1,00000000000000001061),(316,'jayanagar','','Bagladesh',NULL,'12455',NULL,NULL,NULL,0,'','2011-02-21 09:58:12','system',2,00000000000000001070),(317,'jayanagar','','Bagladesh',NULL,'12455',NULL,NULL,NULL,0,'','2011-02-21 09:59:21','system',1,00000000000000001003),(318,'Bagalkoti Nagar','','Bagladesh',NULL,'455655',NULL,NULL,NULL,0,'','2011-02-21 10:05:02','system',1,00000000000000001005),(319,'Bagalkoti Nagar','','Bagladesh',NULL,'fghftyu236',NULL,NULL,NULL,0,'','2011-02-21 10:05:12','system',1,00000000000000001005),(320,'Bagalkoti Nagar','','Bagladesh',NULL,'455655',NULL,NULL,NULL,0,'','2011-02-21 10:28:39','system',1,00000000000000001002),(321,'Bagalkoti Nagar','','Bagladesh',NULL,'455655sddd',NULL,NULL,NULL,1,'','2011-02-21 10:30:16','system',2,00000000000000001069),(322,'jayanagar','','Sriranga',NULL,'455655',NULL,NULL,NULL,0,'','2011-02-21 10:34:27','system',2,00000000000000001070),(323,'jayanagar','','Bagladesh',NULL,'21124456hghhd',NULL,NULL,NULL,0,'','2011-02-21 10:57:38','system',2,00000000000000001072),(324,'jayanagar','','Hydrabad',NULL,'3535353',NULL,NULL,NULL,0,'','2011-02-21 11:21:54','system',2,00000000000000001079),(325,'jayanagar','','Hydrabad',NULL,'3535353',NULL,NULL,NULL,0,'','2011-02-21 11:23:34','system',1,00000000000000001066),(326,'jayanagar','','Hydrabad',NULL,'3535353',NULL,NULL,NULL,0,'','2011-02-21 11:24:39','system',2,00000000000000001070),(327,NULL,NULL,NULL,NULL,NULL,NULL,NULL,NULL,0,'','2011-02-22 12:22:48','system',1,00000000000000001066),(328,'jayanagar','','Bagladesh',NULL,'455655',NULL,NULL,NULL,0,'','2011-02-23 12:39:56','system',2,00000000000000001069),(329,'15464','','56',NULL,'fiyifyi',NULL,NULL,NULL,2,'','2011-02-23 13:07:18','system',1,00000000000000001001),(330,'123@#$5hjhj','','1432@#$145',NULL,'dsafasf',NULL,NULL,NULL,0,'','2011-02-23 13:11:21','system',2,00000000000000001077),(331,'as145@#$','','@#%%^asd4415',NULL,'aasa@#$1245',NULL,NULL,NULL,0,'','2011-02-23 13:15:11','system',1,00000000000000001006),(332,'as123@#%','','124@#$%',NULL,'dsga',NULL,NULL,NULL,0,'','2011-02-23 13:27:50','system',1,00000000000000001007),(333,NULL,NULL,NULL,NULL,NULL,NULL,NULL,NULL,0,'','2011-02-24 06:38:39','system',2,00000000000000001069),(334,NULL,NULL,NULL,NULL,NULL,NULL,NULL,NULL,0,'','2011-02-24 09:50:45','system',1,00000000000000001066),(335,'da@$$1252','','123678',NULL,'dadd@$@$124',NULL,NULL,NULL,0,'','2011-02-24 11:18:17','system',2,00000000000000001073),(336,'123@#$5hjhj','','1432@#$145',NULL,'afghjk1234',NULL,NULL,NULL,0,'','2011-02-24 12:59:08','system',2,00000000000000001074),(337,'12345678','','6543789034',NULL,'ffffffffgh',NULL,NULL,NULL,0,'','2011-02-24 13:30:30','system',1,00000000000000001008),(338,'@#$adhd123','','1432@#$145',NULL,'sf@$@@1454',NULL,NULL,NULL,0,'','2011-02-25 05:09:24','system',1,00000000000000001006),(339,'14524566','','@$$%&*#@',NULL,'@#$%^%$#@',NULL,NULL,NULL,0,'','2011-02-25 05:25:50','system',2,00000000000000001069),(340,'john nagar','cross','banglore',NULL,'a1b 2C3',NULL,'sagar_bannikal_098@yahoo.com','2011-04-15 12:20:06',2,'','2011-02-25 05:27:47','system',1,00000000000000001063),(341,'3rd main','','Bangolre',NULL,'234',NULL,NULL,NULL,1,'','2011-02-26 23:15:00','system',1,00000000000000001056),(342,'45678 Citi dr','','Sterlng',NULL,'22042',NULL,NULL,NULL,0,'','2011-02-26 23:17:23','system',1,00000000000000001056),(344,'1234 kinsale pl','','Sterlng',NULL,'20105',NULL,NULL,NULL,2,'','2011-02-27 03:06:37','system',1,00000000000000001066),(345,'3rd main','','Bangolre',NULL,'234',NULL,NULL,NULL,0,'','2011-02-27 06:08:48','system',2,00000000000000001072),(346,'as324$@$@','','$@$$@$@@%',NULL,'fdsdsgsgds',NULL,NULL,NULL,0,'','2011-02-27 07:21:41','system',2,00000000000000001070),(347,'1256@#$','','124563',NULL,'@#$^%^$%^',NULL,NULL,NULL,0,'','2011-02-28 13:06:47','system',1,00000000000000001007),(348,'13@$@xxnx','','123435552',NULL,'$@#@#$asf12',NULL,NULL,NULL,0,'','2011-02-28 14:21:27','system',2,00000000000000001069),(349,'da@$$1252','','123678',NULL,'dadd@$@$124',NULL,NULL,NULL,0,'','2011-02-28 14:25:21','system',2,00000000000000001071),(350,'da@$$1252','','123678',NULL,'113dd@$$',NULL,NULL,NULL,0,'','2011-02-28 15:05:14','system',2,00000000000000001067),(351,'1244325436','441235535','424231453215',NULL,'@$@$$@',NULL,NULL,NULL,0,'','2011-03-01 05:11:17','system',2,00000000000000001069),(352,NULL,NULL,NULL,NULL,NULL,NULL,NULL,NULL,0,'','2011-03-01 06:54:01','system',2,00000000000000001070),(355,'`123456789','','123456',NULL,'sdfghjk',NULL,NULL,NULL,1,'','2011-03-01 12:18:32','system',2,00000000000000001073),(356,'123@#$5hjhj','','1435435456',NULL,'swdfghjk',NULL,NULL,NULL,1,'','2011-03-01 12:27:35','system',2,00000000000000001069),(358,'14335','','345678',NULL,'asdfghjk',NULL,NULL,NULL,0,'','2011-03-01 13:06:15','system',1,00000000000000001057),(360,'123@#$5hjhj','','11243445',NULL,'szdfxfcgvbnm',NULL,NULL,NULL,0,'','2011-03-01 13:08:27','system',1,00000000000000001066),(364,'32324325','','554677756',NULL,'sdfgvhbjn',NULL,NULL,NULL,0,'','2011-03-01 13:41:25','system',2,00000000000000001076),(367,'kamal nagar','wy','banglore',NULL,'A1B 2C3',NULL,'sagar_bannikal_098@yahoo.com','2011-07-02 11:13:27',2,'','2011-03-01 13:53:42','system',2,00000000000000001070),(368,'shanti nagar','','banglore',NULL,'2345',NULL,NULL,NULL,0,'','2011-03-01 14:02:16','system',2,00000000000000001070),(370,'shanti nagar','','banglore',NULL,'2345',NULL,NULL,NULL,0,'','2011-03-01 14:06:09','system',1,00000000000000001066),(371,'shanti nagar','','banglore',NULL,'2345',NULL,NULL,NULL,0,'','2011-03-01 14:07:54','system',2,00000000000000001070),(372,'priya nagar','','banglore',NULL,'2345',NULL,NULL,NULL,0,'','2011-03-02 03:57:09','system',2,00000000000000001071),(374,'#%#%#%','','%#%#%',NULL,'fdhfghh',NULL,NULL,NULL,0,'','2011-03-02 06:06:35','system',1,00000000000000001006),(379,'Rajaji Nagar','','Dhadar',NULL,'121245432',NULL,NULL,NULL,0,'','2011-03-04 06:15:29','system',2,00000000000000001067),(380,'Richmond Circle','','Bangalore',NULL,'121245432',NULL,NULL,NULL,0,'','2011-03-04 11:56:44','system',1,00000000000000001004),(381,'Richmond Circle','','Bangalore',NULL,'121245432',NULL,NULL,NULL,0,'','2011-03-04 11:56:44','system',1,00000000000000001004),(382,NULL,NULL,NULL,NULL,NULL,NULL,NULL,NULL,0,'','2011-03-08 12:22:20','system',1,00000000000000001062),(383,'da@$$1252','12424','Bagladesh',NULL,'ADAD124',NULL,NULL,NULL,3,'','2011-03-08 13:07:57','system',1,00000000000000001007),(384,'da@$$1252','','Bagladesh',NULL,'sdfgvhbjn',NULL,NULL,NULL,0,'','2011-03-08 13:26:51','system',1,00000000000000001008),(385,'da@$$1252','','Hydrabad',NULL,'asda1241',NULL,NULL,NULL,0,'','2011-03-08 13:57:59','system',2,00000000000000001076),(386,'123@#$5hjhj','','Bangalore',NULL,'vcx2134',NULL,NULL,NULL,0,'','2011-03-08 14:18:00','system',1,00000000000000001005),(387,'123@#$5hjhj','','Bangalore',NULL,'asdf14141',NULL,NULL,NULL,0,'','2011-03-09 05:51:14','system',1,00000000000000001061),(388,'123@#$5hjhj','','paris',NULL,'asdf14141',NULL,NULL,NULL,0,'','2011-03-09 06:05:09','system',1,00000000000000001062),(389,'123@#$5hjhj','','Bangalore',NULL,'asdf14141',NULL,NULL,NULL,0,'','2011-03-09 07:25:46','system',1,00000000000000001061),(390,'123@#$5hjhj','','Bangalore',NULL,'asdf14141',NULL,NULL,NULL,0,'','2011-03-09 07:59:48','system',1,00000000000000001062),(391,'Bagalkoti Nagar','','Bagladesh',NULL,'455655',NULL,NULL,NULL,0,'','2011-03-10 05:52:58','system',2,00000000000000001073),(392,'jayanagar','','Bagladesh',NULL,'455655',NULL,NULL,NULL,0,'','2011-03-10 05:55:59','system',2,00000000000000001073),(393,'basaveshvar nagar','','Banagalore',NULL,'14253',NULL,NULL,NULL,0,'','2011-03-10 13:30:16','system',2,00000000000000001071),(394,'Basaveshwar Nagar','','Bangalore',NULL,'2345',NULL,NULL,NULL,0,'','2011-03-11 05:17:09','system',2,00000000000000001070),(395,NULL,NULL,NULL,NULL,NULL,NULL,NULL,NULL,0,'','2011-03-11 06:03:56','system',1,00000000000000001063),(396,'vijaya Ngar','','Mandya',NULL,'123554',NULL,NULL,NULL,0,'','2011-03-11 06:12:08','system',2,00000000000000001074),(397,'Rajaji Nagar','','Bangalore',NULL,'124514526',NULL,NULL,NULL,0,'','2011-03-11 06:28:31','system',2,00000000000000001077),(398,'Manjunath Nagar','','Hasan',NULL,'1236654',NULL,NULL,NULL,0,'','2011-03-11 06:33:03','system',2,00000000000000001071),(399,'dggssgsg','','canada',NULL,'A1V 1H6',NULL,NULL,NULL,0,'','2011-04-03 09:06:27','system',2,00000000000000001071),(400,'dggssgsg','','canada',NULL,'A1V 1H6',NULL,NULL,NULL,0,'','2011-04-03 09:06:31','system',2,00000000000000001071),(401,NULL,NULL,NULL,NULL,NULL,NULL,NULL,NULL,0,'','2011-04-03 09:51:51','system',2,00000000000000001069),(402,'Basaveshwarnagar','','Banagalore',NULL,'A1B 2C3',NULL,NULL,NULL,0,'','2011-04-03 13:14:17','system',2,00000000000000001070),(403,'Basaveshwarnagar','','Banagalore',NULL,'A1B 2C3',NULL,NULL,NULL,0,'','2011-04-03 13:33:02','system',2,00000000000000001070),(404,NULL,NULL,NULL,NULL,NULL,NULL,NULL,NULL,0,'','2011-04-04 05:38:51','system',1485,00000000000000001486),(405,'Bagalkoti Nagar','','Hydrabad',NULL,'a1b 2C3',NULL,NULL,NULL,0,'','2011-04-04 07:12:57','system',1,00000000000000001008),(406,'jayanagar','','Dharwad',NULL,'a1b 2C3',NULL,NULL,NULL,0,'','2011-04-04 07:20:58','system',1,00000000000000001008),(407,'shubas Nagar','','Bangalore',NULL,'a1y 4G7',NULL,NULL,NULL,1,'','2011-04-04 07:53:12','system',1,00000000000000001007),(408,'Rajaji Nagar','','Belgaum',NULL,'n3v 5G8',NULL,NULL,NULL,0,'','2011-04-04 08:52:31','system',1,00000000000000001059),(409,'Richmond Circle','','Ramadurga',NULL,'c4e 2h3',NULL,NULL,NULL,0,'','2011-04-04 11:56:30','system',1485,00000000000000001486),(410,'123@#$=-5hjhj','','goa',NULL,'a6h 6h9',NULL,NULL,NULL,0,'','2011-04-05 12:06:35','system',1,00000000000000001062),(411,'123@#$5hjhj','','paris',NULL,'v5f 6H8',NULL,NULL,NULL,0,'','2011-04-05 12:17:51','system',1,00000000000000001062),(412,'123@#$5hjhj','','Bangalore',NULL,'d5h 3H8',NULL,NULL,NULL,0,'','2011-04-05 12:25:33','system',2,00000000000000001071),(413,'123@#$5hjhj','','Bangalore',NULL,'r5g 5b7',NULL,NULL,NULL,0,'','2011-04-05 12:28:08','system',2,00000000000000001067),(414,'da@$$1252','','Bagladesh',NULL,'a5f 2R7',NULL,NULL,NULL,0,'','2011-04-05 12:59:03','system',2,00000000000000001070),(415,'kamala nagar','','Bagladesh',NULL,'a4f 6G8',NULL,'patil.anand677@gmail.com','2011-04-16 11:14:38',3,'','2011-04-06 07:38:55','system',1485,00000000000000001486),(417,'#%#%#%dfhhhh555553 ddddddddddddd','','Bagladeshbfffffffffffffdadfg',NULL,'a1b 2C3',NULL,NULL,NULL,0,'','2011-04-06 10:31:37','system',2,00000000000000001069),(418,'#%#%#%','','Bagladesh',NULL,'a1b 2C3',NULL,NULL,NULL,0,'','2011-04-06 11:43:12','system',1,00000000000000001006),(419,'jayanagargfgfffffffffffffffffffffx','','Bagladeshjfffcggffffffffffffffffffff',NULL,'a1b 2C3',NULL,NULL,NULL,2,'','2011-04-06 11:45:40','system',2,00000000000000001073),(420,'123@#$5hjhjgsssssssssssfsgggggggggg','','Bangaloregfjjjjjjjjjjjjjjjjjjjjjjjgfggggggggggg',NULL,'a4f 2h5',NULL,NULL,NULL,1,'','2011-04-06 11:55:25','system',2,00000000000000001070),(421,'Bommanahallijyyyyyyyyyyyyyyyyyyjjjyjyjjjjjjjjjjjjjjjjjjjjjjjjjjjjjjjjjjjjjjjjjjjjjjjjjjj','','Bangaloreyjueeeeeeeeeeeeeeeeeeeeeeeeeee',NULL,'a1v 3b5',NULL,NULL,NULL,0,'','2011-04-06 12:01:40','system',2,00000000000000001071),(423,'123@#$5hjhj','','Bangalore',NULL,'d2r 5g6',NULL,NULL,NULL,0,'','2011-04-07 06:00:18','system',2,00000000000000001070),(424,'Richmond Circle','','Bangalore',NULL,'a4f 2h5',NULL,NULL,NULL,0,'','2011-04-07 06:12:11','system',2,00000000000000001070),(425,'Richmond Circlehfdddddddddddddddddddddddddddddddddddd','','Bangaloregdhhhhhhhhhhhhhhhhhhhhhhhhhhhhhhhhhhdh',NULL,'a4f 2h5',NULL,NULL,NULL,2,'','2011-04-07 06:13:11','system',1,00000000000000001061),(426,'#%#%#dd','','Bagladesh',NULL,'a1b 2C3',NULL,NULL,NULL,0,'','2011-04-07 10:34:28','system',1,00000000000000001004),(427,'#%#%#%dfhhhh555553 dddddddddddddfg','','Bagladeshkggggggggggggggggggggggggggggg',NULL,'a1b 2C3',NULL,NULL,NULL,1,'','2011-04-07 10:54:38','system',1,00000000000000001061),(430,'Bommanahalli','','Bangalore',NULL,'a4f 2h5',NULL,NULL,NULL,0,'','2011-04-08 05:19:58','system',1,00000000000000001065),(431,'Richmond Circle','','Bangalore',NULL,'a4f 2h5',NULL,NULL,NULL,3,'','2011-04-08 07:50:18','system',2,00000000000000001070),(432,'3rd main','','Bangolre',NULL,'A1B 2C3',NULL,NULL,NULL,0,'','2011-04-10 06:53:46','system',2,00000000000000001077),(433,'shanti nagar','','banglore',NULL,'A1B 2C3',NULL,NULL,NULL,0,'','2011-04-10 09:37:19','system',1,00000000000000001064),(434,'3rd main','','Bangolre',NULL,'A1B 2C3',NULL,NULL,NULL,0,'','2011-04-11 11:02:49','system',2,00000000000000001069),(436,NULL,NULL,NULL,NULL,NULL,NULL,NULL,NULL,0,'','2011-04-11 11:14:35','system',1,00000000000000001002),(437,NULL,NULL,NULL,NULL,NULL,NULL,NULL,NULL,0,'','2011-04-11 11:17:22','system',2,00000000000000001070),(438,NULL,NULL,NULL,NULL,NULL,NULL,NULL,NULL,0,'','2011-04-11 11:19:30','system',2,00000000000000001067),(439,'3rd main','','belguam',NULL,'A1B 2C3',NULL,NULL,NULL,0,'','2011-04-11 12:26:26','system',1,00000000000000001061),(440,'shanti nagar','','banglore',NULL,'A1B 2C3',NULL,'anand@gmail.com','2011-04-12 05:57:15',2,'','2011-04-12 05:57:10','system',2,00000000000000001071),(441,'john nagar','','Bangalore',NULL,'A1B 2C3',NULL,'anand@gmail.com','2011-04-12 06:25:28',2,'','2011-04-12 06:25:25','system',1,00000000000000001007),(442,'shanti nagar','frtyfg','banglore',NULL,'A1B 2C3',NULL,'anand@gmail.com','2011-04-12 07:54:40',2,'','2011-04-12 07:54:37','system',2,00000000000000001074),(443,'shanti nagar','','fyggh',NULL,'A1B 2C3',NULL,'anand@gmail.com','2011-04-12 07:55:50',2,'','2011-04-12 07:55:47','system',1,00000000000000001066),(444,'ggdfg','','fgfdgdfg',NULL,'a2t 4r5',NULL,'patil.anand677@gmail.com','2011-04-13 05:16:03',2,'','2011-04-13 05:16:00','system',2,00000000000000001070),(457,'kamala nagar','','Bangalore',NULL,'a2t 4r5',NULL,'patil.anand677@gmail.com','2011-04-14 05:23:05',2,'','2011-04-14 05:22:59','system',2,00000000000000001072),(458,'kamala nagar','','Bangalorehgkkkkkkkkkkkkkkkkkkkkkkkkkkcccccccccccyi',NULL,'a2t 4r5',NULL,'patil.anand677@gmail.com','2011-04-14 05:33:43',12,'','2011-04-14 05:28:37','system',2,00000000000000001070),(459,'kamala nagar','','Bangalore',NULL,'a2t 4r5',NULL,'patil.anand677@gmail.com','2011-04-14 05:50:05',2,'','2011-04-14 05:50:00','system',2,00000000000000001071),(460,'kamala nagar','','Bangalore',NULL,'a2t 4r5',NULL,'patil.anand677@gmail.com','2011-04-14 05:52:10',2,'','2011-04-14 05:52:08','system',2,00000000000000001070),(461,'kamala nagar','','Bangalore',NULL,'a2t 4r5',NULL,'patil.anand677@gmail.com','2011-04-14 06:08:43',2,'','2011-04-14 06:08:38','system',1,00000000000000001007),(464,'kamala nagar','','Bangalore',NULL,'a2t 4r5',NULL,'patil.anand677@gmail.com','2011-04-15 05:19:46',2,'','2011-04-15 05:19:41','system',2,00000000000000001071),(467,'kamala nagar','','Bangalore',NULL,'a2t 4r5',NULL,'patil.anand677@gmail.com','2011-04-15 12:10:43',2,'','2011-04-15 12:10:37','system',2,00000000000000001076),(468,'kamala nagar','','Bangalore',NULL,'a2t 4r5',NULL,'patil.anand677@gmail.com','2011-04-15 12:49:37',2,'','2011-04-15 12:49:32','system',2,00000000000000001070),(469,'kamala nagar','','Bangalore',NULL,'a2t 4r5',NULL,'patil.anand677@gmail.com','2011-04-15 12:56:32',2,'','2011-04-15 12:56:29','system',2,00000000000000001070),(470,'kamala nagar','','Bangalore',NULL,'a2t 4r5',NULL,'patil.anand677@gmail.com','2011-04-16 05:51:55',2,'','2011-04-16 05:51:51','system',2,00000000000000001070),(471,'kamala nagar','','Bangalore',NULL,'a2t 4r5',NULL,'patil.anand677@gmail.com','2011-04-16 05:54:47',2,'','2011-04-16 05:54:44','system',1,00000000000000001004),(472,'Basaveshwar Nagar','','Bangalore',NULL,'a2t 4r5',NULL,'patil.anand677@gmail.com','2011-04-16 06:47:35',2,'','2011-04-16 06:47:31','system',2,00000000000000001072),(473,'Basaveshwar Nagar','','Bangalore',NULL,'a2t 4r5',NULL,'patil.anand677@gmail.com','2011-04-16 07:46:04',2,'','2011-04-16 07:46:01','system',2,00000000000000001072),(474,'kamala nagar','','Bangalore',NULL,'a2t 4r5',NULL,'patil.anand677@gmail.com','2011-04-16 11:10:08',2,'','2011-04-16 11:10:04','system',2,00000000000000001070),(475,'JayaNagar','','Mangalore',NULL,'A4R 4F6',NULL,'patil.anand677@gmail.com','2011-04-16 11:28:49',2,'','2011-04-16 11:28:45','system',2,00000000000000001067),(476,'JayaNagar','','Mangalore',NULL,'A4R 4F6',NULL,'patil.anand677@gmail.com','2011-04-16 11:31:27',2,'','2011-04-16 11:31:23','system',1,00000000000000001001),(477,'JayaNagar','','Mangalore',NULL,'A4R 4F6',NULL,'patil.anand677@gmail.com','2011-04-16 11:45:18',2,'','2011-04-16 11:45:14','system',2,00000000000000001068),(478,'kamala nagar','','Bangalore',NULL,'a2t 4r5',NULL,'patil.anand677@gmail.com','2011-04-18 10:24:29',2,'','2011-04-18 10:24:25','system',2,00000000000000001074),(479,'kamala nagar','','Bangalore',NULL,'a2t 4r5',NULL,'patil.anand677@gmail.com','2011-04-18 10:26:18',2,'','2011-04-18 10:26:14','system',2,00000000000000001069),(480,'kamala nagar','','Bangalore',NULL,'a2t 4r5',NULL,'patil.anand677@gmail.com','2011-04-18 10:27:02',2,'','2011-04-18 10:26:59','system',2,00000000000000001070),(481,'kamala nagar','','Bangalore',NULL,'a2t 4r5',NULL,'patil.anand677@gmail.com','2011-04-19 05:13:33',2,'','2011-04-19 05:13:30','system',1,00000000000000001006),(482,'Rajaji Nagar','','Bangalore',NULL,'a3g 4g6',NULL,'patil.anand677@gmail.com','2011-04-25 05:45:39',1,'','2011-04-25 05:45:38','system',2,00000000000000001070),(483,'kamala nagar','','Bangalore',NULL,'a2t 4r5',NULL,'patil.anand677@gmail.com','2011-04-25 05:55:13',2,'','2011-04-25 05:55:09','system',2,00000000000000001070),(484,'kamala nagar','','Bangalore',NULL,'a2t 4r5',NULL,'patil.anand677@gmail.com','2011-04-25 11:19:16',2,'','2011-04-25 11:19:12','system',2,00000000000000001070),(485,'Rajaji Nagar','','Bangalore',NULL,'a3g 4g6',NULL,'patil.anand677@gmail.com','2011-04-25 11:29:22',1,'','2011-04-25 11:29:22','system',2,00000000000000001070),(486,'Rajaji Nagar','','Bangalore',NULL,'a3g 4g6',NULL,'patil.anand677@gmail.com','2011-04-25 11:30:50',1,'','2011-04-25 11:30:50','system',2,00000000000000001071),(487,'kamala nagar','','Bangalore',NULL,'A4R 4F6',NULL,'patil.anand677@gmail.com','2011-04-25 12:56:54',2,'','2011-04-25 12:56:50','system',2,00000000000000001070),(488,'kamala nagar','','Bangalore',NULL,'a2t 4r5',NULL,'patil.anand677@gmail.com','2011-04-26 13:37:44',2,'','2011-04-26 13:37:41','system',2,00000000000000001071),(489,'Rajaji Nagar','','Bangalore',NULL,'A2B 3C5',NULL,'anand@gmail.com','2011-04-30 05:08:17',2,'','2011-04-30 05:08:13','system',2,00000000000000001067),(490,'Basaveshwar Nagar','','Bangalore',NULL,'A4F 6H7',NULL,'anand@gmail.com','2011-04-30 07:39:05',1,'','2011-04-30 07:39:05','system',2,00000000000000001071),(491,'Kamala Nagar','','Mangalore',NULL,'A5G 5F7',NULL,'anand@gmail.com','2011-04-30 07:48:46',1,'','2011-04-30 07:48:45','system',1,00000000000000001003),(492,'jayanagar','','Banagalore',NULL,'a6s 2k4',NULL,'patil.anand677@gmail.com','2011-05-12 13:19:36',1,'','2011-05-12 13:19:34','system',1,00000000000000001066),(493,'jayanagar','','Banagalore',NULL,'a6s 2k4',NULL,'patil.anand677@gmail.com','2011-05-12 13:22:03',1,'','2011-05-12 13:22:03','system',2,00000000000000001070),(494,'jayanagar','','Banagalore',NULL,'a6s 2k4',NULL,'patil.anand677@gmail.com','2011-05-12 13:23:19',1,'','2011-05-12 13:23:19','system',2,00000000000000001070),(495,'jayanagar','','Banagalore',NULL,'a6s 2k4',NULL,'patil.anand677@gmail.com','2011-05-12 13:24:37',1,'','2011-05-12 13:24:36','system',1,00000000000000001005),(496,'jayanagar','','Banagalore',NULL,'a6s 2k4',NULL,'patil.anand677@gmail.com','2011-05-12 13:54:20',1,'','2011-05-12 13:54:20','system',2,00000000000000001070),(497,'jayanagar','','Banagalore',NULL,'a6s 2k4',NULL,'patil.anand677@gmail.com','2011-05-12 13:55:29',1,'','2011-05-12 13:55:29','system',1,00000000000000001066),(498,'jayanagar','','Banagalore',NULL,'a6s 2k4',NULL,'patil.anand677@gmail.com','2011-05-12 13:56:42',1,'','2011-05-12 13:56:42','system',1,00000000000000001006),(499,'jayanagar','','Banagalore',NULL,'a6s 2k4',NULL,'patil.anand677@gmail.com','2011-05-12 13:57:29',1,'','2011-05-12 13:57:29','system',1,00000000000000001006),(500,'Jayanagar','','Bangalore',NULL,'a4f 2h5',NULL,'patil.anand677@gmail.com','2011-05-14 04:10:52',2,'','2011-05-14 04:10:45','system',2,00000000000000001071),(501,NULL,NULL,NULL,NULL,NULL,NULL,'sagar_bannikal_098@yahoo.com','2011-05-15 17:24:14',2,'','2011-05-15 17:24:04','system',1,NULL),(502,NULL,NULL,NULL,NULL,NULL,NULL,'sagar_bannikal_098@yahoo.com','2011-05-16 12:21:40',2,'','2011-05-16 12:21:31','system',1,00000000000000001046),(506,'jayanagar','','Banagalore',NULL,'a6s 2k4',NULL,'patil.anand677@gmail.com','2011-05-23 04:23:48',1,'','2011-05-23 04:23:47','system',2,00000000000000001071),(507,NULL,NULL,NULL,NULL,NULL,NULL,'sagar_bannikal_098@yahoo.com','2011-05-23 23:58:58',2,'','2011-05-23 23:58:45','system',1,00000000000000001056),(508,'Jayanagar','','Bangalore',NULL,'a4f 2h5',NULL,'patil.anand677@gmail.com','2011-05-25 06:58:34',2,'','2011-05-25 06:58:20','system',2,00000000000000001071),(509,'Basaveshwar Nagar','','Bangalore',NULL,'a4f 2h5',NULL,'patil.anand677@gmail.com','2011-05-25 09:31:37',2,'','2011-05-25 09:31:24','system',2,NULL),(510,'Jayanagar','','Bangalore',NULL,'a4f 2h5',NULL,'patil.anand677@gmail.com','2011-05-25 09:37:48',2,'','2011-05-25 09:37:34','system',1,00000000000000001062),(511,'Bsaveshwar Nagar','','Banagalore',NULL,'a6s 2k4',NULL,'patil.anand677@gmail.com','2011-05-25 10:30:16',1,'','2011-05-25 10:30:15','system',2,00000000000000001072),(512,'Bsaveshwar Nagar','','Banagalore',NULL,'a6s 2k4',NULL,'patil.anand677@gmail.com','2011-05-25 10:50:45',1,'','2011-05-25 10:50:44','system',2,00000000000000001070),(513,'jayanagar','','Banagalore',NULL,'a6s 2k4',NULL,'patil.anand677@gmail.com','2011-05-25 10:52:20',1,'','2011-05-25 10:52:19','system',2,00000000000000001070),(514,'Bsaveshwar Nagar','','Banagalore',NULL,'a6s 2k4',NULL,'patil.anand677@gmail.com','2011-05-25 10:53:42',1,'','2011-05-25 10:53:40','system',2,00000000000000001072),(515,'jayanagar','','Banagalore',NULL,'a6s 2k4',NULL,'patil.anand677@gmail.com','2011-05-27 04:44:38',1,'','2011-05-27 04:44:37','system',2,00000000000000001071),(516,'Jayanagar','','Bangalore',NULL,'a4f 2h5',NULL,'patil.anand677@gmail.com','2011-05-27 06:48:16',2,'','2011-05-27 06:48:11','system',2,00000000000000001070),(517,NULL,NULL,NULL,NULL,NULL,NULL,'sagar_bannikal_098@yahoo.com','2011-05-27 13:44:18',2,'','2011-05-27 13:44:12','system',1,00000000000000001065),(518,'jayanagar','','Banagalore',NULL,'a6s 2k4',NULL,'patil.anand677@gmail.com','2011-05-31 05:05:28',1,'','2011-05-31 05:05:28','system',2,00000000000000001070),(519,'jayanagar','','Banagalore',NULL,'a6s 2k4',NULL,'patil.anand677@gmail.com','2011-05-31 05:08:16',1,'','2011-05-31 05:08:16','system',2,00000000000000001067),(520,'jayanagar','','Banagalore',NULL,'a6s 2k4',NULL,'patil.anand677@gmail.com','2011-05-31 05:11:20',1,'','2011-05-31 05:11:20','system',2,00000000000000001074),(521,'jayanagar','','Banagalore',NULL,'a6s 2k4',NULL,'patil.anand677@gmail.com','2011-05-31 05:14:38',1,'','2011-05-31 05:14:37','system',1,00000000000000001064),(522,NULL,NULL,NULL,NULL,NULL,NULL,'patil.anand677@gmail.com','2011-05-31 05:18:39',2,'','2011-05-31 05:18:28','system',2,00000000000000001073),(523,'glb','bang','Mumbai',NULL,'54444',NULL,'sagar_bannikal_098@yahoo.com','2011-06-01 11:45:50',2,'','2011-06-01 11:45:35','system',2,NULL),(527,'jayanagar','','Banagalore',NULL,'a6s 2k4',NULL,'anand@gmail.com','2011-06-01 13:49:28',1,'','2011-06-01 13:49:28','system',1,00000000000000001004),(529,'jayanagar','','Banagalore',NULL,'a6s 2k4',NULL,'anand@gmail.com','2011-06-01 14:00:43',1,'','2011-06-01 14:00:43','system',2,00000000000000001071),(531,'jayanagar','','Banagalore',NULL,'a6s 2k4',NULL,'patil.anand677@gmail.com','2011-06-06 06:42:03',1,'','2011-06-06 06:42:02','system',2,00000000000000001071),(532,'jayanagar','','Banagalore',NULL,'a6s 2k4',NULL,'patil.anand677@gmail.com','2011-06-06 06:53:49',1,'','2011-06-06 06:53:48','system',2,00000000000000001068),(534,'','','',NULL,'',NULL,'patil.anand677@gmail.com','2011-06-06 07:45:53',2,'','2011-06-06 07:45:49','system',NULL,NULL),(535,'Jayanagar','','Bangalore',NULL,'a4f 2h5',NULL,'patil.anand677@gmail.com','2011-06-06 10:07:15',2,'','2011-06-06 10:07:11','system',2,00000000000000001077),(536,'Jayanagar','','Bangalore',NULL,'a4f 2h5',NULL,'patil.anand677@gmail.com','2011-06-06 10:30:31',2,'','2011-06-06 10:30:27','system',2,00000000000000001072),(537,'jayanagar','','Banagalore',NULL,'a6s 2k4',NULL,'patil.anand677@gmail.com','2011-06-06 10:57:52',1,'','2011-06-06 10:57:52','system',1,00000000000000001064),(538,'jayanagar','','Banagalore',NULL,'a6s 2k4',NULL,'patil.anand677@gmail.com','2011-06-06 11:07:15',1,'','2011-06-06 11:07:15','system',2,00000000000000001072),(539,'jayanagar','','Banagalore',NULL,'a6s 2k4',NULL,'patil.anand677@gmail.com','2011-06-06 11:14:40',1,'','2011-06-06 11:14:40','system',1,00000000000000001005),(540,'jayanagar','','Banagalore',NULL,'a6s 2k4',NULL,'patil.anand677@gmail.com','2011-06-06 11:39:56',1,'','2011-06-06 11:39:56','system',2,00000000000000001071),(542,'Jayanagar','','Bangalore',NULL,'a4f 2h5',NULL,'patil.anand677@gmail.com','2011-06-06 11:43:38',2,'','2011-06-06 11:43:34','system',2,00000000000000001067),(543,'Jayanagar','','Bangalore',NULL,'a4f 2h5',NULL,'patil.anand677@gmail.com','2011-06-06 11:47:24',2,'','2011-06-06 11:47:21','system',2,00000000000000001071),(544,NULL,NULL,NULL,NULL,NULL,NULL,'patil.anand677@gmail.com','2011-06-06 14:17:30',2,'','2011-06-06 14:17:26','system',2,00000000000000001072),(545,'Jayanagar','','Bangalore',NULL,'a4f 2h5',NULL,'patil.anand677@gmail.com','2011-06-08 07:32:18',2,'','2011-06-08 07:32:12','system',2,00000000000000001068),(546,NULL,NULL,'Banagalore',NULL,'a6s 2k4',NULL,'patil.anand677@gmail.com','2011-06-08 07:37:12',2,'','2011-06-08 07:37:11','system',2,00000000000000001069),(547,'jayanagar','','Banagalore',NULL,'a6s 2k4',NULL,'patil.anand677@gmail.com','2011-06-08 07:40:36',1,'','2011-06-08 07:40:36','system',2,00000000000000001068),(548,'jayanagar','','Banagalore',NULL,'a6s 2k4',NULL,'patil.anand677@gmail.com','2011-06-08 07:42:09',1,'','2011-06-08 07:42:08','system',1,00000000000000001062),(549,'jayanagar','','Banagalore',NULL,'a6s 2k4',NULL,'patil.anand677@gmail.com','2011-06-08 07:44:03',1,'','2011-06-08 07:44:03','system',1,00000000000000001062),(550,'jayanagar','','Banagalore',NULL,'a6s 2k4',NULL,'patil.anand677@gmail.com','2011-06-08 07:45:30',1,'','2011-06-08 07:45:30','system',2,00000000000000001067),(551,NULL,NULL,NULL,NULL,NULL,NULL,'rraniga@uniserve.com','2011-06-09 01:34:18',2,'','2011-06-09 01:34:13','system',2,00000000000000001068),(552,'123 main Street','Unit 200','Vancouver',NULL,'V3R 4H6',NULL,'rraniga@uniserve.com','2011-06-09 01:49:17',2,'','2011-06-09 01:49:11','system',2,00000000000000001068),(553,NULL,NULL,'Vancouver',NULL,'V3R 4H5',NULL,'rraniga@uniserve.com','2011-06-09 02:09:19',2,'','2011-06-09 02:09:19','system',2,00000000000000001068),(554,'123 main Street','Unit 234','Vancouver',NULL,'V3T 4H7',NULL,'rraniga@uniserve.com','2011-06-09 02:17:39',1,'','2011-06-09 02:17:39','system',2,00000000000000001068),(555,'256 Sothy Street','Unit 123','Surrey',NULL,'V1W 4D4',NULL,'rraniga@uniserve.com','2011-06-09 02:25:25',1,'','2011-06-09 02:25:25','system',2,00000000000000001068),(556,'789  Cornwall Avenue','Unit 123','Vancouver',NULL,'V3R 4H5',NULL,'rraniga@uniserve.com','2011-06-09 02:30:23',1,'','2011-06-09 02:30:23','system',2,00000000000000001068),(557,'1256 Worth Avenue','','Vancouver',NULL,'V3R 4H5',NULL,'rraniga@uniserve.com','2011-06-09 02:33:05',1,'','2011-06-09 02:33:05','system',2,00000000000000001068),(558,NULL,NULL,'Banagalore',NULL,'a6s 2k4',NULL,'patil.anand677@gmail.com','2011-06-11 13:07:41',2,'','2011-06-11 13:07:41','system',1,00000000000000001061),(559,'Jayanagar','','Bangalore',NULL,'a4f 2h5',NULL,'patil.anand677@gmail.com','2011-06-11 14:05:03',2,'','2011-06-11 14:04:57','system',1,00000000000000001001),(560,'Jayanagar','','Bangalore',NULL,'a4f 2h5',NULL,'patil.anand677@gmail.com','2011-06-13 12:48:35',2,'','2011-06-13 12:48:29','system',2,00000000000000001071),(561,'Jayanagar','','Bangalore',NULL,'a4f 2h5',NULL,'patil.anand677@gmail.com','2011-06-13 13:21:12',2,'','2011-06-13 13:21:06','system',1,00000000000000001002),(562,NULL,NULL,'Bangalore',NULL,'a4f 2h5',NULL,'sagar_bannikal_098@yahoo.com','2011-06-14 04:01:15',2,'','2011-06-14 04:01:15','system',1,00000000000000001062),(563,'Jayanagar','','Bangalore',NULL,'a4f 2h5',NULL,'patil.anand677@gmail.com','2011-06-14 10:45:02',2,'','2011-06-14 10:44:56','system',2,00000000000000001067),(565,NULL,NULL,'Banagalore',NULL,'a6s 2k4',NULL,'patil.anand677@gmail.com','2011-06-15 10:26:00',2,'','2011-06-15 10:25:59','system',2,00000000000000001071),(566,'jayanagar','','Banagalore',NULL,'a6s 2k4',NULL,'patil.anand677@gmail.com','2011-06-15 10:43:59',1,'','2011-06-15 10:43:59','system',2,00000000000000001079),(567,'jayanagar','','Banagalore',NULL,'a6s 2k4',NULL,'patil.anand677@gmail.com','2011-06-15 10:47:01',1,'','2011-06-15 10:47:01','system',1,00000000000000001066),(568,'jayanagar','','Banagalore',NULL,'a6s 2k4',NULL,'patil.anand677@gmail.com','2011-06-15 10:49:54',1,'','2011-06-15 10:49:54','system',2,00000000000000001071),(575,'etrgerutu','jhufuyt7','bangalore',NULL,'A1B 2C3',NULL,'admin@firm.com','2011-06-21 06:44:48',2,'','2011-06-21 06:44:48','system',1,00000000000000001006),(576,'hgjkhl','wy','fdhdhhfgh',NULL,'A1B 2C3',NULL,'admin@firm.com','2011-06-21 06:55:19',2,'','2011-06-21 06:55:13','system',1,00000000000000001065),(577,'etrgerutu','dgtfergtret','bangalore',NULL,'A1B 2C3',NULL,'admin@firm.com','2011-06-21 06:59:32',1,'','2011-06-21 06:59:32','system',1,00000000000000001006),(578,'etrgerutu','dgtfergtret','bangalore',NULL,'A1B 2C3',NULL,'admin@firm.com','2011-06-21 07:00:58',1,'','2011-06-21 07:00:58','system',1,00000000000000001005),(579,'etrgerutu','dgtfergtret','bangalore',NULL,'A1B 2C3',NULL,'admin@firm.com','2011-06-21 07:02:30',1,'','2011-06-21 07:02:30','system',1,00000000000000001005),(580,'bnijniojioj','dgtfergtret','bangalore',NULL,'A1B 2C3',NULL,'admin@firm.com','2011-06-21 07:03:33',1,'','2011-06-21 07:03:33','system',1,00000000000000001065),(581,'hgjkhl','wy','fdhdhhfgh',NULL,'A1B 2C3',NULL,'admin@firm.com','2011-06-21 07:08:07',2,'','2011-06-21 07:08:02','system',1,00000000000000001006),(582,'Kamala Nagar','','Bangalore',NULL,'a4f 2h5',NULL,'patil.anand677@gmail.com','2011-06-21 13:35:00',2,'','2011-06-21 13:34:53','system',1,00000000000000001001),(583,'Kamala Nagar','','Bangalore',NULL,'a4f 2h5',NULL,'patil.anand677@gmail.com','2011-06-24 11:43:19',2,'','2011-06-24 11:43:14','system',1,00000000000000001003),(596,NULL,NULL,NULL,NULL,NULL,NULL,'sagar_bannikal_098@yahoo.com','2011-06-26 14:02:58',2,'','2011-06-26 14:02:46','system',1,00000000000000001057),(597,'3333 bestbuy','3rd','bangalore',NULL,'A1B 2C3',NULL,'sagar_bannikal_098@yahoo.com','2011-06-28 06:03:18',1,'','2011-06-28 06:03:17','system',1,00000000000000001007),(598,'3333 bestbuy','3rd','bangalore',NULL,'A1B 2C3',NULL,'sagar_bannikal_098@yahoo.com','2011-06-28 06:08:10',1,'','2011-06-28 06:08:10','system',1,00000000000000001006),(599,'3333 bestbuy','3rd','bangalore',NULL,'A1B 2C3',NULL,'sagar_bannikal_098@yahoo.com','2011-06-28 06:08:57',2,'','2011-06-28 06:08:57','system',1,00000000000000001065),(606,'Jayanagar','','Bangalore',NULL,'a4f 2h5',NULL,'patil.anand677@gmail.com','2011-06-28 13:14:14',2,'','2011-06-28 13:14:08','system',2,00000000000000001067),(607,'ssss','ddddd','Bagladesh',NULL,'a1b 2C3',NULL,'sagar_bannikal_098@yahoo.com','2011-06-28 13:23:00',2,'','2011-06-28 13:22:53','system',2,00000000000000001070),(608,'ssss','dddddd','Bagladesh',NULL,'12345',NULL,'sagar_bannikal_098@yahoo.com','2011-06-30 06:25:23',4,'','2011-06-30 06:24:46','system',1,00000000000000001001),(609,'Richmond Circle','1245sgag','Bangalore',NULL,'12124',NULL,'sagar_bannikal_098@yahoo.com','2011-06-30 06:56:19',1,'','2011-06-30 06:56:18','system',2,00000000000000001071),(610,'Richmond Circle','Vasanth Nagar','Bangalore',NULL,'14253',NULL,'sagar_bannikal_098@yahoo.com','2011-06-30 06:58:18',1,'','2011-06-30 06:58:18','system',2,00000000000000001071),(611,'Jayanagar','','Bangalore',NULL,'a4f 2h5',NULL,'patil.anand677@gmail.com','2011-06-30 10:39:36',2,'','2011-06-30 10:39:31','system',2,00000000000000001069),(612,'Richmond Circle','Vasanth Nagar','Bangalore',NULL,'12124',NULL,'sagar_bannikal_098@yahoo.com','2011-06-30 10:55:26',1,'','2011-06-30 10:55:26','system',1,00000000000000001057),(613,'Kamala Nagar','','Banagalore',NULL,'a6s 2k4',NULL,'patil.anand677@gmail.com','2011-06-30 10:57:55',1,'','2011-06-30 10:57:55','system',2,00000000000000001072),(615,'Jayanagar','','Bangalore',NULL,'a4f 2h5',NULL,'patil.anand677@gmail.com','2011-06-30 11:22:57',2,'','2011-06-30 11:22:52','system',2,00000000000000001079),(616,'hgjkhl','wy','fsdyhrtuhjrtyd',NULL,'A1B 2C3',NULL,'admin@firm.com','2011-07-01 06:40:45',2,'','2011-07-01 06:40:38','system',1,00000000000000001007),(617,'3333 bestbuy','3rd','bangalore',NULL,'A1B 2C3',NULL,'admin@firm.com','2011-07-01 06:43:31',1,'','2011-07-01 06:43:31','system',2,00000000000000001070),(618,'3333 bestbuy','3rd','bangalore',NULL,'A1B 2C3',NULL,'admin@firm.com','2011-07-01 06:44:34',1,'','2011-07-01 06:44:34','system',1,00000000000000001007),(619,'3333 bestbuy','3rd','bangalore',NULL,'A1B 2C3',NULL,'admin@firm.com','2011-07-01 06:47:11',1,'','2011-07-01 06:47:11','system',2,00000000000000001079),(620,'Richmond Circle','Vasanth Nagar','Bangalore',NULL,'12124',NULL,'sagar_bannikal_098@yahoo.com','2011-07-01 09:44:42',1,'','2011-07-01 09:44:42','system',2,00000000000000001070),(622,'JayaNagar','','Bangalore',NULL,'a2t 4r5',NULL,'anand@gmail.com','2011-07-03 06:34:03',2,'','2011-07-03 06:33:55','system',2,00000000000000001068),(623,'kamala nagar','','Bangalore',NULL,'A4R 4F6',NULL,'anand@gmail.com','2011-07-03 06:53:58',2,'','2011-07-03 06:53:50','system',2,00000000000000001068),(624,'ssss','dddddd','Bagladesh',NULL,'a1b 2C3',NULL,'sagar_bannikal_098@yahoo.com','2011-07-03 07:10:14',2,'','2011-07-03 07:10:07','system',2,00000000000000001068),(625,NULL,NULL,NULL,NULL,NULL,NULL,'sagar_bannikal_098@yahoo.com','2011-07-04 06:46:07',2,'','2011-07-04 06:46:01','system',1,00000000000000001066),(626,'Jayanagar','','Bangalore',NULL,'a4f 2h5',NULL,'patil.anand677@gmail.com','2011-07-07 11:41:56',2,'','2011-07-07 11:41:48','system',2,00000000000000001067),(627,'jayanagar','','Banagalore',NULL,'a6s 2k4',NULL,'patil.anand677@gmail.com','2011-07-07 11:45:34',1,'','2011-07-07 11:45:33','system',2,00000000000000001072),(628,'Kamala Nagar','','Banagalore',NULL,'a6s 2k4',NULL,'patil.anand677@gmail.com','2011-07-07 11:48:33',1,'','2011-07-07 11:48:33','system',2,00000000000000001067),(630,NULL,NULL,NULL,NULL,NULL,NULL,'rraniga@uniserve.com','2011-07-13 21:41:35',2,'','2011-07-13 21:41:28','system',2,00000000000000001068),(631,'12','','baldk',NULL,'V3R 4H6',NULL,'rraniga@uniserve.com','2011-07-13 21:46:07',2,'','2011-07-13 21:46:01','system',2,00000000000000001075),(632,'jayanagar','','Bangalore',NULL,'a3m 4t5',NULL,'patil.anand677@gmail.com','2011-07-17 12:54:11',2,'','2011-07-17 12:53:43','system',2,00000000000000001070),(633,'Narona','gulbarga','Mumbai',NULL,'A1B 2C3',NULL,'sagar_bannikal_098@yahoo.com','2011-07-18 13:00:33',2,'','2011-07-18 13:00:15','system',1,00000000000000001059),(634,'jayanagar','ngluyg','Bangalore',NULL,'a3m 4t5',NULL,'patil.anand677@gmail.com','2011-07-18 13:21:34',2,'','2011-07-18 13:21:16','system',1,00000000000000001007),(635,'hgjkhl','gfjjdjghk','fdhdhhfgh',NULL,'A1B 2C3',NULL,'apoorvada@yahoo.com','2011-07-19 07:04:44',2,'','2011-07-19 07:04:20','system',2,00000000000000001069),(636,'jayanagar','','Bangalore',NULL,'a3m 4t5',NULL,'patil.anand677@gmail.com','2011-07-19 11:53:25',2,'','2011-07-19 11:53:06','system',2,00000000000000001070),(637,'Kormangala','','Bangalore',NULL,'a4f 2g4',NULL,'patil.anand677@gmail.com','2011-07-21 12:03:20',2,'','2011-07-21 12:03:14','system',2,00000000000000001070),(638,'Basaveshwar Nagar','','Bamgalore',NULL,'s4g 3f7',NULL,'patil.anand677@gmail.com','2011-07-21 12:18:58',2,'','2011-07-21 12:18:57','system',2,00000000000000001071),(639,'Kamalanagar','','Bangalore',NULL,'e5t 5y7',NULL,'patil.anand677@gmail.com','2011-07-22 09:16:50',2,'','2011-07-22 09:16:44','system',2,00000000000000001069),(640,'basaveshwara nagar','bangalore','bangalore',NULL,'A1B 2C3',NULL,'sagar_bannikal_098@yahoo.com','2011-07-24 12:33:26',2,'','2011-07-24 12:33:14','system',2,00000000000000001069),(641,'basaveshwara nagar','bangalore','bangalore',NULL,'A1B 2C3',NULL,'sagar_bannikal_098@yahoo.com','2011-07-24 12:33:43',2,'','2011-07-24 12:33:31','system',2,00000000000000001069),(642,'Kormangal','','Bangalore',NULL,'s4f 4h6',NULL,'anand@gmail.com','2011-07-25 11:58:12',1,'','2011-07-25 11:58:12','system',2,00000000000000001070),(643,NULL,NULL,NULL,NULL,NULL,NULL,'admin@firm.com','2011-07-29 07:15:34',2,'','2011-07-29 07:15:19','system',1,00000000000000001066),(644,'Kamalanagar','','Bangalore',NULL,'e5t 5y7',NULL,'patil.anand677@gmail.com','2011-07-29 09:51:29',2,'','2011-07-29 09:51:14','system',2,00000000000000001070),(645,'Kamalanagar','','Bangalore',NULL,'e5t 5y7',NULL,'patil.anand677@gmail.com','2011-07-29 10:14:25',2,'','2011-07-29 10:14:11','system',2,00000000000000001071),(646,'jayanagar','','Bangalore',NULL,'a3m 4t5',NULL,'patil.anand677@gmail.com','2011-07-29 10:28:58',2,'','2011-07-29 10:28:43','system',2,00000000000000001071);
/*!40000 ALTER TABLE `address` ENABLE KEYS */;
UNLOCK TABLES;

--
-- Table structure for table `authorities`
--

DROP TABLE IF EXISTS `authorities`;
/*!40101 SET @saved_cs_client     = @@character_set_client */;
/*!40101 SET character_set_client = utf8 */;
CREATE TABLE `authorities` (
  `username` varchar(255) NOT NULL,
  `authority` varchar(255) NOT NULL,
  UNIQUE KEY `index ix_auth_username` (`username`,`authority`)
) ENGINE=InnoDB DEFAULT CHARSET=latin1;
/*!40101 SET character_set_client = @saved_cs_client */;

--
-- Dumping data for table `authorities`
--

LOCK TABLES `authorities` WRITE;
/*!40000 ALTER TABLE `authorities` DISABLE KEYS */;
INSERT INTO `authorities` VALUES ('aa@gmail.com','ROLE_STAFF'),('aa@rt.com','ROLE_STAFF'),('adityavashisht@yahoo.com','ROLE_FIRM_PARTNER'),('admin@firm.com','ROLE_PARTY'),('admin@firm.com','ROLE_STAFF'),('ady@yahoo.com','ROLE_STAFF'),('anand@gmail.com','ROLE_STAFF'),('anil$@gmail.com','ROLE_FIRM_PARTNER'),('anil@gmail.com','ROLE_STAFF'),('ap@gmail.com','ROLE_STAFF'),('apoorvada123@yahoo.com','ROLE_STAFF'),('apoorvada@yahoo.com','ROLE_STAFF'),('as@gmail.com','ROLE_STAFF'),('bvbwali@yahoo.com','ROLE_FIRM_PARTNER'),('deepu#yahoo.com','ROLE_STAFF'),('deepu1@yahoo.com','ROLE_STAFF'),('deepu@yahoo.com','ROLE_STAFF'),('guest','ROLE_USER'),('james@chase.com','ROLE_STAFF'),('jp1@telus.net','ROLE_FIRM_PARTNER'),('ma@gmail.com','ROLE_STAFF'),('manju@gmail.com','ROLE_STAFF'),('patil.anand677@gmail.com','ROLE_FIRM_PARTNER'),('patil.sd@gmail.com','ROLE_STAFF'),('prashanth@gmail.com','ROLE_STAFF'),('preety@gmail.com','ROLE_STAFF'),('raju@gmail.com','ROLE_FIRM_PARTNER'),('rohit@yahoo.com','ROLE_STAFF'),('rraniga@uniserve.com','ROLE_FIRM_PARTNER'),('sagar@gmail.com','ROLE_STAFF'),('sagar@sgar.com','ROLE_STAFF'),('sagar_bannikal_098@yahoo.com','ROLE_FIRM_PARTNER'),('sandeep@gmail.com','ROLE_STAFF'),('savitrisp@gmail.com','ROLE_FIRM_PARTNER'),('srgudi@yahoo.com','ROLE_FIRM_PARTNER'),('tanveer@gamil.om','ROLE_STAFF');
/*!40000 ALTER TABLE `authorities` ENABLE KEYS */;
UNLOCK TABLES;

--
-- Table structure for table `tax_info_filing_type`
--

DROP TABLE IF EXISTS `tax_info_filing_type`;
/*!40101 SET @saved_cs_client     = @@character_set_client */;
/*!40101 SET character_set_client = utf8 */;
CREATE TABLE `tax_info_filing_type` (
  `id` smallint(6) unsigned NOT NULL AUTO_INCREMENT,
  `name` varchar(40) DEFAULT NULL,
  `description` varchar(100) DEFAULT NULL,
  `active_flag` bit(1) NOT NULL,
  `create_date` datetime NOT NULL,
  `create_user_id` varchar(25) NOT NULL,
  `last_update_user_id` varchar(30) DEFAULT NULL,
  `last_update_date` timestamp NULL DEFAULT NULL,
  `version` int(11) NOT NULL DEFAULT '0',
  PRIMARY KEY (`id`)
) ENGINE=InnoDB AUTO_INCREMENT=3 DEFAULT CHARSET=latin1;
/*!40101 SET character_set_client = @saved_cs_client */;

--
-- Dumping data for table `tax_info_filing_type`
--

LOCK TABLES `tax_info_filing_type` WRITE;
/*!40000 ALTER TABLE `tax_info_filing_type` DISABLE KEYS */;
INSERT INTO `tax_info_filing_type` VALUES (1,'Tax Filing','Tax Filing Type','','2010-12-20 00:00:00','SYSTEM','SYSTEM','2010-12-20 10:00:00',0),(2,'Installment Filing','Installment Filing Type','','2010-12-20 00:00:00','SYSTEM','SYSTEM','2010-12-20 10:00:00',0);
/*!40000 ALTER TABLE `tax_info_filing_type` ENABLE KEYS */;
UNLOCK TABLES;

--
-- Table structure for table `party_communication`
--

DROP TABLE IF EXISTS `party_communication`;
/*!40101 SET @saved_cs_client     = @@character_set_client */;
/*!40101 SET character_set_client = utf8 */;
CREATE TABLE `party_communication` (
  `id` bigint(20) unsigned NOT NULL AUTO_INCREMENT,
  `communication_type` varchar(25) NOT NULL,
  `party_id` bigint(20) unsigned DEFAULT NULL,
  `contact_detail` varchar(255) DEFAULT NULL,
  `best_time_to_contact` varchar(100) DEFAULT NULL,
  `preferred_flag` bit(1) DEFAULT NULL,
  `party_relattionship_id` bigint(20) unsigned DEFAULT NULL,
  PRIMARY KEY (`id`),
  KEY `fk932d89fd4b78cfda` (`party_id`),
  CONSTRAINT `fk_party_communication_is_for_party` FOREIGN KEY (`party_id`) REFERENCES `party` (`party_id`)
) ENGINE=InnoDB DEFAULT CHARSET=latin1;
/*!40101 SET character_set_client = @saved_cs_client */;

--
-- Dumping data for table `party_communication`
--

LOCK TABLES `party_communication` WRITE;
/*!40000 ALTER TABLE `party_communication` DISABLE KEYS */;
/*!40000 ALTER TABLE `party_communication` ENABLE KEYS */;
UNLOCK TABLES;

--
-- Table structure for table `task`
--

DROP TABLE IF EXISTS `task`;
/*!40101 SET @saved_cs_client     = @@character_set_client */;
/*!40101 SET character_set_client = utf8 */;
CREATE TABLE `task` (
  `id` bigint(20) unsigned NOT NULL AUTO_INCREMENT,
  `practice_client_info_id` bigint(20) unsigned DEFAULT NULL,
  `firm_id` bigint(20) unsigned NOT NULL,
  `customer_id` bigint(20) unsigned NOT NULL,
  `status` tinyint(3) unsigned NOT NULL,
  `filing_type` smallint(6) unsigned NOT NULL,
  `comments` varchar(4000) DEFAULT NULL,
  `create_user_id` varchar(30) DEFAULT NULL,
  `staff_in_charge` bigint(20) unsigned NOT NULL,
  `client_staff_in_charge` bigint(20) unsigned DEFAULT NULL,
  `create_date` timestamp NULL DEFAULT NULL,
  `last_update_user_id` varchar(30) DEFAULT NULL,
  `last_update_date` timestamp NULL DEFAULT NULL,
  `due_date` timestamp NULL DEFAULT NULL,
  `task_note` varchar(4000) DEFAULT NULL,
  `version` int(11) DEFAULT NULL,
  `actual_completion_date` timestamp NULL DEFAULT NULL,
  `active_flag` bit(1) DEFAULT NULL,
  `partice_id` bigint(20) unsigned NOT NULL,
  `tax_info_date_rule_id` bigint(20) unsigned DEFAULT NULL,
  `filing_title` varchar(30) DEFAULT NULL,
  `partner_in_charge` bigint(20) unsigned DEFAULT NULL,
  `task_type` varchar(20) DEFAULT 'SCHEDULED',
  PRIMARY KEY (`id`),
  KEY `fk272d85d1f71582` (`firm_id`),
  KEY `fk272d859af5a7e2` (`customer_id`),
  KEY `fk272d85d1f71532` (`status`),
  KEY `fk272d85d1f71565` (`partice_id`),
  KEY `fkc8aab77ea6e16f70` (`client_staff_in_charge`),
  KEY `fkc8aab77e72401be4` (`staff_in_charge`),
  KEY `fk272d85d1f71542` (`filing_type`),
  KEY `fk_client_practice_info` (`practice_client_info_id`),
  CONSTRAINT `fk272d859af5a7e2` FOREIGN KEY (`customer_id`) REFERENCES `party` (`party_id`),
  CONSTRAINT `fk272d85d1f71532` FOREIGN KEY (`status`) REFERENCES `task_status` (`id`),
  CONSTRAINT `fk272d85d1f71542` FOREIGN KEY (`filing_type`) REFERENCES `tax_info_filing_type` (`id`),
  CONSTRAINT `fk272d85d1f71565` FOREIGN KEY (`partice_id`) REFERENCES `tax_application_practice_type` (`id`),
  CONSTRAINT `fk272d85d1f71582` FOREIGN KEY (`firm_id`) REFERENCES `party` (`party_id`),
  CONSTRAINT `fk_client_practice_info` FOREIGN KEY (`practice_client_info_id`) REFERENCES `tax_client_practice_info` (`id`),
  CONSTRAINT `fk_status_type` FOREIGN KEY (`status`) REFERENCES `task_status` (`id`),
  CONSTRAINT `fk_task_is_client_staff_in_charge_fk` FOREIGN KEY (`client_staff_in_charge`) REFERENCES `person` (`party_id`),
  CONSTRAINT `fk_task_is_for_a_customer` FOREIGN KEY (`customer_id`) REFERENCES `party` (`party_id`),
  CONSTRAINT `fk_task_is_for_a_filing_type` FOREIGN KEY (`filing_type`) REFERENCES `tax_info_filing_type` (`id`),
  CONSTRAINT `fk_task_is_for_a_firm_party` FOREIGN KEY (`firm_id`) REFERENCES `party` (`party_id`),
  CONSTRAINT `fk_task_is_for_a_practice_name` FOREIGN KEY (`partice_id`) REFERENCES `tax_application_practice_type` (`id`),
  CONSTRAINT `fk_task_is_staff_in_charge_pk` FOREIGN KEY (`staff_in_charge`) REFERENCES `person` (`party_id`)
) ENGINE=InnoDB AUTO_INCREMENT=471 DEFAULT CHARSET=latin1 ROW_FORMAT=DYNAMIC;
/*!40101 SET character_set_client = @saved_cs_client */;

--
-- Dumping data for table `task`
--

LOCK TABLES `task` WRITE;
/*!40000 ALTER TABLE `task` DISABLE KEYS */;
INSERT INTO `task` VALUES (148,2,332,334,3,2,NULL,NULL,333,335,'2011-07-05 14:00:00',NULL,NULL,'2011-02-01 05:00:00',NULL,0,NULL,'',2,1,'Installment Filing Type',NULL,'SCHEDULED'),(149,2,332,334,3,1,NULL,NULL,333,335,'2011-07-05 14:00:07',NULL,NULL,'2011-01-01 05:00:00',NULL,0,NULL,'',2,2,'Tax Filing Type',NULL,'SCHEDULED'),(150,3,332,334,3,2,NULL,NULL,333,335,'2011-07-05 14:00:07',NULL,NULL,'2011-02-15 05:00:00',NULL,0,NULL,'',3,3,'Installment Filing Type',NULL,'SCHEDULED'),(151,3,332,334,3,1,NULL,NULL,333,335,'2011-07-05 14:00:07',NULL,NULL,'2011-01-10 05:00:00',NULL,0,NULL,'',3,4,'Tax Filing Type',NULL,'SCHEDULED'),(152,3,332,334,3,1,NULL,NULL,333,335,'2011-07-05 14:00:07',NULL,NULL,'2011-10-10 04:00:00',NULL,0,NULL,'',3,5,'Tax Filing Type',NULL,'SCHEDULED'),(153,3,332,334,3,1,NULL,NULL,333,335,'2011-07-05 14:00:07',NULL,NULL,'2011-11-15 05:00:00',NULL,0,NULL,'',3,6,'Tax Filing Type',NULL,'SCHEDULED'),(154,4,332,318,3,2,NULL,NULL,339,338,'2011-07-05 14:00:07',NULL,NULL,'2010-11-29 05:00:00',NULL,0,NULL,'',1,7,'Installment Filing Type',NULL,'SCHEDULED'),(155,4,332,318,3,1,NULL,NULL,339,338,'2011-07-05 14:00:07',NULL,NULL,'2010-11-29 05:00:00',NULL,0,NULL,'',1,8,'Tax Filing Type',NULL,'SCHEDULED'),(156,5,314,318,3,2,NULL,NULL,339,338,'2011-07-05 14:00:07',NULL,NULL,'2011-04-10 04:00:00',NULL,0,NULL,'',1,9,'Installment Filing Type',NULL,'SCHEDULED'),(157,5,314,318,3,1,NULL,NULL,339,338,'2011-07-05 14:00:07',NULL,NULL,'2011-03-10 05:00:00',NULL,0,NULL,'',1,10,'Tax Filing Type',NULL,'SCHEDULED'),(158,6,314,318,3,2,NULL,NULL,339,338,'2011-07-05 14:00:07',NULL,NULL,'2010-11-29 05:00:00',NULL,0,NULL,'',8,11,'Installment Filing Type',NULL,'SCHEDULED'),(159,6,314,318,3,1,NULL,NULL,339,338,'2011-07-05 14:00:08',NULL,NULL,'2010-11-29 05:00:00',NULL,0,NULL,'',8,12,'Tax Filing Type',NULL,'SCHEDULED'),(160,7,343,345,3,2,NULL,NULL,355,347,'2011-07-05 14:00:08',NULL,NULL,'2010-12-02 05:00:00',NULL,0,NULL,'',10,13,'Installment Filing Type',NULL,'SCHEDULED'),(161,7,343,345,3,1,NULL,NULL,355,347,'2011-07-05 14:00:08',NULL,NULL,'2011-02-03 05:00:00',NULL,0,NULL,'',10,14,'Tax Filing Type',NULL,'SCHEDULED'),(162,8,343,345,3,2,NULL,NULL,355,346,'2011-07-05 14:00:08',NULL,NULL,'2011-04-08 04:00:00',NULL,0,NULL,'',9,15,'Installment Filing Type',NULL,'SCHEDULED'),(163,8,343,345,3,1,NULL,NULL,355,346,'2011-07-05 14:00:08',NULL,NULL,'2011-02-10 05:00:00',NULL,0,NULL,'',9,16,'Tax Filing Type',NULL,'SCHEDULED'),(164,9,314,318,3,2,NULL,NULL,339,338,'2011-07-05 14:00:08',NULL,NULL,'2011-03-15 04:00:00',NULL,0,NULL,'',1,17,'Installment Filing Type',NULL,'SCHEDULED'),(165,9,314,318,3,1,NULL,NULL,339,338,'2011-07-05 14:00:08',NULL,NULL,'2011-02-28 05:00:00',NULL,0,NULL,'',1,18,'Tax Filing Type',NULL,'SCHEDULED'),(166,10,332,357,3,2,NULL,NULL,336,358,'2011-07-05 14:00:08',NULL,NULL,'2011-07-10 04:00:00',NULL,0,NULL,'',2,19,'Installment Filing Type',NULL,'SCHEDULED'),(167,10,332,357,3,1,NULL,NULL,336,358,'2011-07-05 14:00:08',NULL,NULL,'2011-04-15 04:00:00',NULL,0,NULL,'',2,20,'Tax Filing Type',NULL,'SCHEDULED'),(168,10,332,357,3,1,NULL,NULL,336,358,'2011-07-05 14:00:08',NULL,NULL,'2011-11-15 05:00:00',NULL,0,NULL,'',2,21,'Tax Filing Type',NULL,'SCHEDULED'),(169,11,332,357,3,2,NULL,NULL,336,358,'2011-07-05 14:00:08',NULL,NULL,'2011-05-15 04:00:00',NULL,0,NULL,'',3,22,'Installment Filing Type',NULL,'SCHEDULED'),(170,11,332,357,3,1,NULL,NULL,336,358,'2011-07-05 14:00:08',NULL,NULL,'2011-02-28 05:00:00',NULL,0,NULL,'',3,23,'Tax Filing Type',NULL,'SCHEDULED'),(171,14,343,345,3,1,NULL,NULL,355,347,'2011-07-05 14:00:08',NULL,NULL,'2011-03-04 05:00:00',NULL,0,NULL,'',9,28,'Tax Filing Type',NULL,'SCHEDULED'),(172,14,343,345,3,1,NULL,NULL,355,347,'2011-07-05 14:00:08',NULL,NULL,'2011-07-05 04:00:00',NULL,0,NULL,'',9,29,'Tax Filing Type',NULL,'SCHEDULED'),(173,16,314,318,3,2,NULL,NULL,339,338,'2011-07-05 14:00:08',NULL,NULL,'2011-01-01 05:00:00',NULL,0,NULL,'',1,32,'Installment Filing Type',NULL,'SCHEDULED'),(174,16,314,318,3,1,NULL,NULL,339,338,'2011-07-05 14:00:08',NULL,NULL,'2011-01-01 05:00:00',NULL,0,NULL,'',1,33,'Tax Filing Type',NULL,'SCHEDULED'),(175,16,314,318,3,1,NULL,NULL,339,338,'2011-07-05 14:00:08',NULL,NULL,'2011-01-30 05:00:00',NULL,0,NULL,'',1,34,'Tax Filing Type',NULL,'SCHEDULED'),(176,16,314,318,3,1,NULL,NULL,339,338,'2011-07-05 14:00:08',NULL,NULL,'2011-01-31 05:00:00',NULL,0,NULL,'',1,35,'Tax Filing Type',NULL,'SCHEDULED'),(177,22,314,318,3,1,NULL,NULL,339,338,'2011-07-05 14:00:08',NULL,NULL,'2011-01-12 05:00:00',NULL,0,NULL,'',1,41,'Tax Filing Type',NULL,'SCHEDULED'),(178,22,314,318,3,2,NULL,NULL,339,338,'2011-07-05 14:00:08',NULL,NULL,'2011-01-14 05:00:00',NULL,0,NULL,'',1,42,'Installment Filing Type',NULL,'SCHEDULED'),(179,22,314,318,3,1,NULL,NULL,339,338,'2011-07-05 14:00:08',NULL,NULL,'2011-08-06 04:00:00',NULL,0,NULL,'',1,55,'Tax Filing Type',NULL,'SCHEDULED'),(180,22,314,318,3,2,NULL,NULL,339,338,'2011-07-05 14:00:08',NULL,NULL,'2011-12-18 05:00:00',NULL,0,NULL,'',1,56,'Installment Filing Type',NULL,'SCHEDULED'),(181,25,310,320,3,1,NULL,NULL,342,322,'2011-07-05 14:00:08',NULL,NULL,'2011-01-01 05:00:00',NULL,0,NULL,'',4,57,'Tax Filing Type',NULL,'SCHEDULED'),(182,25,310,320,3,2,NULL,NULL,342,322,'2011-07-05 14:00:08',NULL,NULL,'2011-02-02 05:00:00',NULL,0,NULL,'',4,58,'Installment Filing Type',NULL,'SCHEDULED'),(183,26,310,320,3,1,NULL,NULL,342,322,'2011-07-05 14:00:08',NULL,NULL,'2011-01-04 05:00:00',NULL,0,NULL,'',4,59,'Tax Filing Type',NULL,'SCHEDULED'),(184,26,310,320,3,1,NULL,NULL,342,322,'2011-07-05 14:00:08',NULL,NULL,'2011-02-04 05:00:00',NULL,0,NULL,'',4,60,'Tax Filing Type',NULL,'SCHEDULED'),(185,26,310,320,3,2,NULL,NULL,342,322,'2011-07-05 14:00:08',NULL,NULL,'2011-07-11 04:00:00',NULL,0,NULL,'',4,61,'Installment Filing Type',NULL,'SCHEDULED'),(186,26,310,320,3,2,NULL,NULL,342,322,'2011-07-05 14:00:08',NULL,NULL,'2011-09-16 04:00:00',NULL,0,NULL,'',4,62,'Installment Filing Type',NULL,'SCHEDULED'),(187,27,314,404,3,1,NULL,NULL,339,416,'2011-07-05 14:00:08',NULL,NULL,'2011-01-01 05:00:00',NULL,0,NULL,'',1,63,'Tax Filing Type',NULL,'SCHEDULED'),(188,27,314,404,3,2,NULL,NULL,339,416,'2011-07-05 14:00:08',NULL,NULL,'2011-01-04 05:00:00',NULL,0,NULL,'',1,64,'Installment Filing Type',NULL,'SCHEDULED'),(189,28,314,404,3,1,NULL,NULL,339,416,'2011-07-05 14:00:08',NULL,NULL,'2011-01-01 05:00:00',NULL,0,NULL,'',1,65,'Tax Filing Type',NULL,'SCHEDULED'),(190,28,314,404,3,2,NULL,NULL,339,416,'2011-07-05 14:00:08',NULL,NULL,'2011-01-01 05:00:00',NULL,0,NULL,'',1,66,'Installment Filing Type',NULL,'SCHEDULED'),(191,29,370,431,3,1,NULL,NULL,430,432,'2011-07-05 14:00:09',NULL,NULL,'2011-02-02 05:00:00',NULL,0,NULL,'',22,67,'Tax Filing Type',NULL,'SCHEDULED'),(192,29,370,431,3,2,NULL,NULL,430,432,'2011-07-05 14:00:09',NULL,NULL,'2011-04-10 04:00:00',NULL,0,NULL,'',22,68,'Installment Filing Type',NULL,'SCHEDULED'),(193,30,370,431,3,1,NULL,NULL,447,449,'2011-07-05 14:00:09',NULL,NULL,'2010-11-29 05:00:00',NULL,0,NULL,'',22,69,'Tax Filing Type',NULL,'SCHEDULED'),(194,30,370,431,3,2,NULL,NULL,447,449,'2011-07-05 14:00:09',NULL,NULL,'2010-11-29 05:00:00',NULL,0,NULL,'',22,70,'Installment Filing Type',NULL,'SCHEDULED'),(195,31,370,431,3,1,NULL,NULL,447,432,'2011-07-05 14:00:09',NULL,NULL,'2011-02-15 05:00:00',NULL,0,NULL,'',22,71,'Tax Filing Type',NULL,'SCHEDULED'),(196,31,370,431,3,2,NULL,NULL,447,432,'2011-07-05 14:00:09',NULL,NULL,'2011-06-17 04:00:00',NULL,0,NULL,'',22,72,'Installment Filing Type',NULL,'SCHEDULED'),(197,34,314,404,3,1,NULL,NULL,339,416,'2011-07-05 14:00:09',NULL,NULL,'2011-01-01 05:00:00',NULL,0,NULL,'',1,74,'Tax Filing Type',315,'SCHEDULED'),(198,34,314,404,3,2,NULL,NULL,339,416,'2011-07-05 14:00:09',NULL,NULL,'2011-01-10 05:00:00',NULL,0,NULL,'',1,75,'Installment Filing Type',315,'SCHEDULED'),(199,35,298,299,3,1,NULL,NULL,301,337,'2011-07-05 14:00:09',NULL,NULL,'2011-02-02 05:00:00',NULL,0,NULL,'',27,76,'Tax Filing Type',365,'SCHEDULED'),(200,35,298,299,3,2,NULL,NULL,301,337,'2011-07-05 14:00:09',NULL,NULL,'2011-01-02 05:00:00',NULL,0,NULL,'',27,77,'Installment Filing Type',365,'SCHEDULED'),(201,36,370,431,3,1,NULL,NULL,430,449,'2011-07-05 14:00:09',NULL,NULL,'2011-02-05 05:00:00',NULL,0,NULL,'',22,78,'Tax Filing Type',NULL,'SCHEDULED'),(202,36,370,431,3,2,NULL,NULL,430,449,'2011-07-05 14:00:09',NULL,NULL,'2011-05-06 04:00:00',NULL,0,NULL,'',22,79,'Installment Filing Type',NULL,'SCHEDULED'),(203,36,370,431,3,2,NULL,NULL,430,449,'2011-07-05 14:00:09',NULL,NULL,'2011-06-10 04:00:00',NULL,0,NULL,'',22,80,'Installment Filing Type',NULL,'SCHEDULED'),(204,37,370,431,3,1,NULL,NULL,457,449,'2011-07-05 14:00:09',NULL,NULL,'2011-03-09 05:00:00',NULL,0,NULL,'',22,81,'Tax Filing Type',NULL,'SCHEDULED'),(205,37,370,431,3,2,NULL,NULL,457,449,'2011-07-05 14:00:09',NULL,NULL,'2011-07-05 04:00:00',NULL,0,NULL,'',22,82,'Installment Filing Type',NULL,'SCHEDULED'),(206,37,370,431,3,2,NULL,NULL,457,449,'2011-07-05 14:00:09',NULL,NULL,'2011-10-08 04:00:00',NULL,0,NULL,'',22,83,'Installment Filing Type',NULL,'SCHEDULED'),(207,38,370,431,3,1,NULL,NULL,457,449,'2011-07-05 14:00:09',NULL,NULL,'2011-07-06 04:00:00',NULL,0,NULL,'',22,84,'Tax Filing Type',NULL,'SCHEDULED'),(208,38,370,431,3,2,NULL,NULL,457,449,'2011-07-05 14:00:10',NULL,NULL,'2011-05-13 04:00:00',NULL,0,NULL,'',22,85,'Installment Filing Type',NULL,'SCHEDULED'),(209,39,343,367,3,1,NULL,NULL,374,369,'2011-07-05 14:00:10',NULL,NULL,'2011-02-03 05:00:00',NULL,0,NULL,'',9,86,'Tax Filing Type',384,'SCHEDULED'),(210,39,343,367,3,1,NULL,NULL,374,369,'2011-07-05 14:00:10',NULL,NULL,'2011-02-05 05:00:00',NULL,0,NULL,'',9,87,'Tax Filing Type',384,'SCHEDULED'),(211,39,343,367,3,2,NULL,NULL,374,369,'2011-07-05 14:00:10',NULL,NULL,'2011-02-17 05:00:00',NULL,0,NULL,'',9,88,'Installment Filing Type',384,'SCHEDULED'),(212,40,343,367,3,1,NULL,NULL,441,369,'2011-07-05 14:00:10',NULL,NULL,'2011-04-12 04:00:00',NULL,0,NULL,'',9,89,'Tax Filing Type',472,'SCHEDULED'),(213,40,343,367,3,2,NULL,NULL,441,369,'2011-07-05 14:00:10',NULL,NULL,'2011-08-18 04:00:00',NULL,0,NULL,'',9,90,'Installment Filing Type',472,'SCHEDULED'),(214,41,343,367,3,1,NULL,NULL,513,368,'2011-07-05 14:00:10',NULL,NULL,'2010-11-29 05:00:00',NULL,0,NULL,'',9,91,'Tax Filing Type',NULL,'SCHEDULED'),(215,41,343,367,3,1,NULL,NULL,513,368,'2011-07-05 14:00:10',NULL,NULL,'2010-11-29 05:00:00',NULL,0,NULL,'',9,91,'Tax Filing Type',NULL,'SCHEDULED'),(216,41,343,367,3,1,NULL,NULL,513,368,'2011-07-05 14:00:10',NULL,NULL,'2010-11-29 05:00:00',NULL,0,NULL,'',9,91,'Tax Filing Type',NULL,'SCHEDULED'),(217,41,343,367,3,1,NULL,NULL,513,368,'2011-07-05 14:00:10',NULL,NULL,'2010-11-29 05:00:00',NULL,0,NULL,'',9,91,'Tax Filing Type',NULL,'SCHEDULED'),(218,41,343,367,3,1,NULL,NULL,513,368,'2011-07-05 14:00:10',NULL,NULL,'2010-11-29 05:00:00',NULL,0,NULL,'',9,91,'Tax Filing Type',NULL,'SCHEDULED'),(219,41,343,367,3,1,NULL,NULL,513,368,'2011-07-05 14:00:10',NULL,NULL,'2010-11-29 05:00:00',NULL,0,NULL,'',9,91,'Tax Filing Type',NULL,'SCHEDULED'),(220,41,343,367,3,1,NULL,NULL,513,368,'2011-07-05 14:00:10',NULL,NULL,'2010-11-29 05:00:00',NULL,0,NULL,'',9,91,'Tax Filing Type',NULL,'SCHEDULED'),(221,41,343,367,3,1,NULL,NULL,513,368,'2011-07-05 14:00:10',NULL,NULL,'2010-11-29 05:00:00',NULL,0,NULL,'',9,91,'Tax Filing Type',NULL,'SCHEDULED'),(222,41,343,367,3,1,NULL,NULL,513,368,'2011-07-05 14:00:10',NULL,NULL,'2010-11-29 05:00:00',NULL,0,NULL,'',9,91,'Tax Filing Type',NULL,'SCHEDULED'),(223,41,343,367,3,1,NULL,NULL,513,368,'2011-07-05 14:00:10',NULL,NULL,'2010-11-29 05:00:00',NULL,0,NULL,'',9,91,'Tax Filing Type',NULL,'SCHEDULED'),(224,41,343,367,3,1,NULL,NULL,513,368,'2011-07-05 14:00:10',NULL,NULL,'2010-11-29 05:00:00',NULL,0,NULL,'',9,91,'Tax Filing Type',NULL,'SCHEDULED'),(225,41,343,367,3,1,NULL,NULL,513,368,'2011-07-05 14:00:10',NULL,NULL,'2010-11-29 05:00:00',NULL,0,NULL,'',9,91,'Tax Filing Type',NULL,'SCHEDULED'),(226,41,343,367,3,1,NULL,NULL,513,368,'2011-07-05 14:00:10',NULL,NULL,'2010-11-29 05:00:00',NULL,0,NULL,'',9,92,'Tax Filing Type',NULL,'SCHEDULED'),(227,41,343,367,3,1,NULL,NULL,513,368,'2011-07-05 14:00:10',NULL,NULL,'2010-11-29 05:00:00',NULL,0,NULL,'',9,92,'Tax Filing Type',NULL,'SCHEDULED'),(228,41,343,367,3,1,NULL,NULL,513,368,'2011-07-05 14:00:10',NULL,NULL,'2010-11-29 05:00:00',NULL,0,NULL,'',9,92,'Tax Filing Type',NULL,'SCHEDULED'),(229,41,343,367,3,1,NULL,NULL,513,368,'2011-07-05 14:00:10',NULL,NULL,'2010-11-29 05:00:00',NULL,0,NULL,'',9,92,'Tax Filing Type',NULL,'SCHEDULED'),(230,41,343,367,3,1,NULL,NULL,513,368,'2011-07-05 14:00:10',NULL,NULL,'2010-11-29 05:00:00',NULL,0,NULL,'',9,92,'Tax Filing Type',NULL,'SCHEDULED'),(231,41,343,367,3,1,NULL,NULL,513,368,'2011-07-05 14:00:10',NULL,NULL,'2010-11-29 05:00:00',NULL,0,NULL,'',9,92,'Tax Filing Type',NULL,'SCHEDULED'),(232,41,343,367,3,1,NULL,NULL,513,368,'2011-07-05 14:00:10',NULL,NULL,'2010-11-29 05:00:00',NULL,0,NULL,'',9,92,'Tax Filing Type',NULL,'SCHEDULED'),(233,41,343,367,3,1,NULL,NULL,513,368,'2011-07-05 14:00:10',NULL,NULL,'2010-11-29 05:00:00',NULL,0,NULL,'',9,92,'Tax Filing Type',NULL,'SCHEDULED'),(234,41,343,367,3,1,NULL,NULL,513,368,'2011-07-05 14:00:10',NULL,NULL,'2010-11-29 05:00:00',NULL,0,NULL,'',9,92,'Tax Filing Type',NULL,'SCHEDULED'),(235,41,343,367,3,1,NULL,NULL,513,368,'2011-07-05 14:00:10',NULL,NULL,'2010-11-29 05:00:00',NULL,0,NULL,'',9,92,'Tax Filing Type',NULL,'SCHEDULED'),(236,41,343,367,3,1,NULL,NULL,513,368,'2011-07-05 14:00:10',NULL,NULL,'2010-11-29 05:00:00',NULL,0,NULL,'',9,92,'Tax Filing Type',NULL,'SCHEDULED'),(237,41,343,367,3,1,NULL,NULL,513,368,'2011-07-05 14:00:10',NULL,NULL,'2010-11-29 05:00:00',NULL,0,NULL,'',9,92,'Tax Filing Type',NULL,'SCHEDULED'),(238,41,343,367,3,2,NULL,NULL,513,368,'2011-07-05 14:00:10',NULL,NULL,'2011-01-30 05:00:00',NULL,0,NULL,'',9,93,'Installment Filing Type',NULL,'SCHEDULED'),(239,41,343,367,3,2,NULL,NULL,513,368,'2011-07-05 14:00:10',NULL,NULL,'2011-01-30 05:00:00',NULL,0,NULL,'',9,93,'Installment Filing Type',NULL,'SCHEDULED'),(240,41,343,367,3,2,NULL,NULL,513,368,'2011-07-05 14:00:10',NULL,NULL,'2011-01-30 05:00:00',NULL,0,NULL,'',9,93,'Installment Filing Type',NULL,'SCHEDULED'),(241,41,343,367,3,2,NULL,NULL,513,368,'2011-07-05 14:00:10',NULL,NULL,'2011-01-30 05:00:00',NULL,0,NULL,'',9,93,'Installment Filing Type',NULL,'SCHEDULED'),(242,41,343,367,3,2,NULL,NULL,513,368,'2011-07-05 14:00:10',NULL,NULL,'2011-01-30 05:00:00',NULL,0,NULL,'',9,93,'Installment Filing Type',NULL,'SCHEDULED'),(243,41,343,367,3,2,NULL,NULL,513,368,'2011-07-05 14:00:10',NULL,NULL,'2011-01-30 05:00:00',NULL,0,NULL,'',9,93,'Installment Filing Type',NULL,'SCHEDULED'),(244,41,343,367,3,2,NULL,NULL,513,368,'2011-07-05 14:00:10',NULL,NULL,'2011-01-30 05:00:00',NULL,0,NULL,'',9,93,'Installment Filing Type',NULL,'SCHEDULED'),(245,41,343,367,3,2,NULL,NULL,513,368,'2011-07-05 14:00:10',NULL,NULL,'2011-01-30 05:00:00',NULL,0,NULL,'',9,93,'Installment Filing Type',NULL,'SCHEDULED'),(246,41,343,367,3,2,NULL,NULL,513,368,'2011-07-05 14:00:10',NULL,NULL,'2011-01-30 05:00:00',NULL,0,NULL,'',9,93,'Installment Filing Type',NULL,'SCHEDULED'),(247,41,343,367,3,2,NULL,NULL,513,368,'2011-07-05 14:00:10',NULL,NULL,'2011-01-30 05:00:00',NULL,0,NULL,'',9,93,'Installment Filing Type',NULL,'SCHEDULED'),(248,41,343,367,3,2,NULL,NULL,513,368,'2011-07-05 14:00:10',NULL,NULL,'2011-01-30 05:00:00',NULL,0,NULL,'',9,93,'Installment Filing Type',NULL,'SCHEDULED'),(249,41,343,367,3,2,NULL,NULL,513,368,'2011-07-05 14:00:10',NULL,NULL,'2011-01-30 05:00:00',NULL,0,NULL,'',9,93,'Installment Filing Type',NULL,'SCHEDULED'),(250,42,343,367,3,1,NULL,NULL,385,368,'2011-07-05 14:00:10',NULL,NULL,'2011-08-10 04:00:00',NULL,0,NULL,'',9,94,'Tax Filing Type',384,'SCHEDULED'),(251,42,343,367,3,1,NULL,NULL,385,368,'2011-07-05 14:00:10',NULL,NULL,'2011-09-11 04:00:00',NULL,0,NULL,'',9,95,'Tax Filing Type',384,'SCHEDULED'),(252,42,343,367,3,2,NULL,NULL,385,368,'2011-07-05 14:00:10',NULL,NULL,'2011-07-13 04:00:00',NULL,0,NULL,'',9,96,'Installment Filing Type',384,'SCHEDULED'),(253,43,343,367,3,1,NULL,NULL,376,369,'2011-07-05 14:00:10',NULL,NULL,'2011-05-10 04:00:00',NULL,0,NULL,'',9,97,'Tax Filing Type',384,'SCHEDULED'),(254,43,343,367,3,1,NULL,NULL,376,369,'2011-07-05 14:00:10',NULL,NULL,'2011-06-19 04:00:00',NULL,0,NULL,'',9,98,'Tax Filing Type',384,'SCHEDULED'),(255,43,343,367,3,2,NULL,NULL,376,369,'2011-07-05 14:00:10',NULL,NULL,'2011-05-16 04:00:00',NULL,0,NULL,'',9,99,'Installment Filing Type',384,'SCHEDULED'),(256,44,343,367,3,1,NULL,NULL,383,369,'2011-07-05 14:00:10',NULL,NULL,'2011-06-04 04:00:00',NULL,0,NULL,'',9,101,'Tax Filing Type',384,'SCHEDULED'),(257,44,343,367,3,1,NULL,NULL,383,369,'2011-07-05 14:00:10',NULL,NULL,'2011-08-08 04:00:00',NULL,0,NULL,'',9,102,'Tax Filing Type',384,'SCHEDULED'),(258,44,343,367,3,1,NULL,NULL,383,369,'2011-07-05 14:00:10',NULL,NULL,'2011-10-12 04:00:00',NULL,0,NULL,'',9,103,'Tax Filing Type',384,'SCHEDULED'),(259,44,343,367,3,1,NULL,NULL,383,369,'2011-07-05 14:00:10',NULL,NULL,'2011-09-16 04:00:00',NULL,0,NULL,'',9,104,'Tax Filing Type',384,'SCHEDULED'),(260,44,343,367,3,2,NULL,NULL,383,369,'2011-07-05 14:00:10',NULL,NULL,'2011-05-14 04:00:00',NULL,0,NULL,'',9,105,'Installment Filing Type',384,'SCHEDULED'),(261,44,343,367,3,2,NULL,NULL,383,369,'2011-07-05 14:00:10',NULL,NULL,'2011-08-11 04:00:00',NULL,0,NULL,'',9,106,'Installment Filing Type',384,'SCHEDULED'),(262,44,343,367,3,2,NULL,NULL,383,369,'2011-07-05 14:00:10',NULL,NULL,'2011-10-16 04:00:00',NULL,0,NULL,'',9,107,'Installment Filing Type',384,'SCHEDULED'),(263,44,343,367,3,2,NULL,NULL,383,369,'2011-07-05 14:00:10',NULL,NULL,'2011-12-18 05:00:00',NULL,0,NULL,'',9,108,'Installment Filing Type',384,'SCHEDULED'),(264,45,343,367,3,2,NULL,NULL,374,368,'2011-07-05 14:00:10',NULL,NULL,'2011-01-12 05:00:00',NULL,0,NULL,'',9,110,'Installment Filing Type',344,'SCHEDULED'),(265,46,343,367,3,1,NULL,NULL,384,368,'2011-07-05 14:00:10',NULL,NULL,'2011-02-05 05:00:00',NULL,0,NULL,'',9,111,'Tax Filing Type',344,'SCHEDULED'),(266,46,343,367,3,2,NULL,NULL,384,368,'2011-07-05 14:00:10',NULL,NULL,'2011-05-06 04:00:00',NULL,0,NULL,'',9,112,'Installment Filing Type',344,'SCHEDULED'),(267,47,343,345,3,1,NULL,NULL,383,371,'2011-07-05 14:00:10',NULL,NULL,'2011-02-04 05:00:00',NULL,0,NULL,'',9,113,'Tax Filing Type',344,'SCHEDULED'),(268,47,343,345,3,2,NULL,NULL,383,371,'2011-07-05 14:00:10',NULL,NULL,'2011-02-05 05:00:00',NULL,0,NULL,'',9,114,'Installment Filing Type',344,'SCHEDULED'),(269,48,343,367,3,1,NULL,NULL,375,368,'2011-07-05 14:00:10',NULL,NULL,'2011-02-06 05:00:00',NULL,0,NULL,'',9,115,'Tax Filing Type',344,'SCHEDULED'),(270,48,343,367,3,1,NULL,NULL,375,368,'2011-07-05 14:00:10',NULL,NULL,'2011-04-08 04:00:00',NULL,0,NULL,'',9,116,'Tax Filing Type',344,'SCHEDULED'),(271,48,343,367,3,1,NULL,NULL,375,368,'2011-07-05 14:00:10',NULL,NULL,'2011-04-11 04:00:00',NULL,0,NULL,'',9,117,'Tax Filing Type',344,'SCHEDULED'),(272,48,343,367,3,1,NULL,NULL,375,368,'2011-07-05 14:00:10',NULL,NULL,'2011-05-14 04:00:00',NULL,0,NULL,'',9,118,'Tax Filing Type',344,'SCHEDULED'),(273,48,343,367,3,2,NULL,NULL,375,368,'2011-07-05 14:00:10',NULL,NULL,'2011-12-13 05:00:00',NULL,0,NULL,'',9,119,'Installment Filing Type',344,'SCHEDULED'),(274,48,343,367,3,2,NULL,NULL,375,368,'2011-07-05 14:00:10',NULL,NULL,'2011-09-17 04:00:00',NULL,0,NULL,'',9,120,'Installment Filing Type',344,'SCHEDULED'),(275,48,343,367,3,2,NULL,NULL,375,368,'2011-07-05 14:00:10',NULL,NULL,'2011-05-16 04:00:00',NULL,0,NULL,'',9,121,'Installment Filing Type',344,'SCHEDULED'),(276,48,343,367,3,2,NULL,NULL,375,368,'2011-07-05 14:00:10',NULL,NULL,'2011-03-18 04:00:00',NULL,0,NULL,'',9,122,'Installment Filing Type',344,'SCHEDULED'),(277,49,370,431,3,1,NULL,NULL,430,449,'2011-07-05 14:00:10',NULL,NULL,'2011-02-06 05:00:00',NULL,0,NULL,'',24,123,'Tax Filing Type',NULL,'SCHEDULED'),(278,49,370,431,3,1,NULL,NULL,430,449,'2011-07-05 14:00:10',NULL,NULL,'2011-03-10 05:00:00',NULL,0,NULL,'',24,124,'Tax Filing Type',NULL,'SCHEDULED'),(279,49,370,431,3,1,NULL,NULL,430,449,'2011-07-05 14:00:10',NULL,NULL,'2011-08-16 04:00:00',NULL,0,NULL,'',24,125,'Tax Filing Type',NULL,'SCHEDULED'),(280,49,370,431,3,1,NULL,NULL,430,449,'2011-07-05 14:00:10',NULL,NULL,'2011-05-18 04:00:00',NULL,0,NULL,'',24,126,'Tax Filing Type',NULL,'SCHEDULED'),(281,49,370,431,3,2,NULL,NULL,430,449,'2011-07-05 14:00:10',NULL,NULL,'2011-05-17 04:00:00',NULL,0,NULL,'',24,127,'Installment Filing Type',NULL,'SCHEDULED'),(282,50,343,345,3,1,NULL,NULL,472,436,'2011-07-05 14:00:10',NULL,NULL,'2011-02-15 05:00:00',NULL,0,NULL,'',9,128,'Tax Filing Type',344,'SCHEDULED'),(283,50,343,345,3,1,NULL,NULL,472,436,'2011-07-05 14:00:10',NULL,NULL,'2011-02-16 05:00:00',NULL,0,NULL,'',9,129,'Tax Filing Type',344,'SCHEDULED'),(284,50,343,345,3,2,NULL,NULL,472,436,'2011-07-05 14:00:10',NULL,NULL,'2011-01-16 05:00:00',NULL,0,NULL,'',9,130,'Installment Filing Type',344,'SCHEDULED'),(285,51,314,404,3,1,NULL,NULL,339,416,'2011-07-05 14:00:11',NULL,NULL,'2011-01-02 05:00:00',NULL,0,NULL,'',1,131,'Tax Filing Type',315,'SCHEDULED'),(286,51,314,404,3,2,NULL,NULL,339,416,'2011-07-05 14:00:11',NULL,NULL,'2011-01-02 05:00:00',NULL,0,NULL,'',1,132,'Installment Filing Type',315,'SCHEDULED'),(287,2,332,334,3,2,NULL,NULL,333,335,'2011-07-05 14:05:00',NULL,NULL,'2012-02-01 05:00:00',NULL,0,NULL,'',2,1,'Installment Filing Type',NULL,'SCHEDULED'),(288,2,332,334,3,1,NULL,NULL,333,335,'2011-07-05 14:05:11',NULL,NULL,'2012-01-01 05:00:00',NULL,0,NULL,'',2,2,'Tax Filing Type',NULL,'SCHEDULED'),(289,3,332,334,3,2,NULL,NULL,333,335,'2011-07-05 14:05:11',NULL,NULL,'2012-02-15 05:00:00',NULL,0,NULL,'',3,3,'Installment Filing Type',NULL,'SCHEDULED'),(290,3,332,334,3,1,NULL,NULL,333,335,'2011-07-05 14:05:11',NULL,NULL,'2012-01-10 05:00:00',NULL,0,NULL,'',3,4,'Tax Filing Type',NULL,'SCHEDULED'),(291,4,332,318,3,2,NULL,NULL,339,338,'2011-07-05 14:05:11',NULL,NULL,'2011-11-29 05:00:00',NULL,0,NULL,'',1,7,'Installment Filing Type',NULL,'SCHEDULED'),(292,4,332,318,3,1,NULL,NULL,339,338,'2011-07-05 14:05:11',NULL,NULL,'2011-11-29 05:00:00',NULL,0,NULL,'',1,8,'Tax Filing Type',NULL,'SCHEDULED'),(293,5,314,318,3,2,NULL,NULL,339,338,'2011-07-05 14:05:11',NULL,NULL,'2012-04-10 04:00:00',NULL,0,NULL,'',1,9,'Installment Filing Type',NULL,'SCHEDULED'),(294,5,314,318,3,1,NULL,NULL,339,338,'2011-07-05 14:05:11',NULL,NULL,'2012-03-10 05:00:00',NULL,0,NULL,'',1,10,'Tax Filing Type',NULL,'SCHEDULED'),(295,6,314,318,3,2,NULL,NULL,339,338,'2011-07-05 14:05:11',NULL,NULL,'2011-11-29 05:00:00',NULL,0,NULL,'',8,11,'Installment Filing Type',NULL,'SCHEDULED'),(296,6,314,318,3,1,NULL,NULL,339,338,'2011-07-05 14:05:11',NULL,NULL,'2011-11-29 05:00:00',NULL,0,NULL,'',8,12,'Tax Filing Type',NULL,'SCHEDULED'),(297,7,343,345,3,2,NULL,NULL,355,347,'2011-07-05 14:05:11',NULL,NULL,'2011-12-02 05:00:00',NULL,0,NULL,'',10,13,'Installment Filing Type',NULL,'SCHEDULED'),(298,7,343,345,3,1,NULL,NULL,355,347,'2011-07-05 14:05:11',NULL,NULL,'2012-02-03 05:00:00',NULL,0,NULL,'',10,14,'Tax Filing Type',NULL,'SCHEDULED'),(299,8,343,345,3,2,NULL,NULL,355,346,'2011-07-05 14:05:11',NULL,NULL,'2012-04-08 04:00:00',NULL,0,NULL,'',9,15,'Installment Filing Type',NULL,'SCHEDULED'),(300,8,343,345,3,1,NULL,NULL,355,346,'2011-07-05 14:05:11',NULL,NULL,'2012-02-10 05:00:00',NULL,0,NULL,'',9,16,'Tax Filing Type',NULL,'SCHEDULED'),(301,9,314,318,3,2,NULL,NULL,339,338,'2011-07-05 14:05:11',NULL,NULL,'2012-03-15 04:00:00',NULL,0,NULL,'',1,17,'Installment Filing Type',NULL,'SCHEDULED'),(302,9,314,318,3,1,NULL,NULL,339,338,'2011-07-05 14:05:12',NULL,NULL,'2012-02-28 05:00:00',NULL,0,NULL,'',1,18,'Tax Filing Type',NULL,'SCHEDULED'),(303,10,332,357,3,1,NULL,NULL,336,358,'2011-07-05 14:05:12',NULL,NULL,'2012-04-15 04:00:00',NULL,0,NULL,'',2,20,'Tax Filing Type',NULL,'SCHEDULED'),(304,11,332,357,3,2,NULL,NULL,336,358,'2011-07-05 14:05:12',NULL,NULL,'2012-05-15 04:00:00',NULL,0,NULL,'',3,22,'Installment Filing Type',NULL,'SCHEDULED'),(305,11,332,357,3,1,NULL,NULL,336,358,'2011-07-05 14:05:12',NULL,NULL,'2012-02-28 05:00:00',NULL,0,NULL,'',3,23,'Tax Filing Type',NULL,'SCHEDULED'),(306,14,343,345,3,1,NULL,NULL,355,347,'2011-07-05 14:05:12',NULL,NULL,'2012-03-04 05:00:00',NULL,0,NULL,'',9,28,'Tax Filing Type',NULL,'SCHEDULED'),(307,16,314,318,3,2,NULL,NULL,339,338,'2011-07-05 14:05:12',NULL,NULL,'2012-01-01 05:00:00',NULL,0,NULL,'',1,32,'Installment Filing Type',NULL,'SCHEDULED'),(308,16,314,318,3,1,NULL,NULL,339,338,'2011-07-05 14:05:12',NULL,NULL,'2012-01-01 05:00:00',NULL,0,NULL,'',1,33,'Tax Filing Type',NULL,'SCHEDULED'),(309,16,314,318,3,1,NULL,NULL,339,338,'2011-07-05 14:05:12',NULL,NULL,'2012-01-30 05:00:00',NULL,0,NULL,'',1,34,'Tax Filing Type',NULL,'SCHEDULED'),(310,16,314,318,3,1,NULL,NULL,339,338,'2011-07-05 14:05:12',NULL,NULL,'2012-01-31 05:00:00',NULL,0,NULL,'',1,35,'Tax Filing Type',NULL,'SCHEDULED'),(311,22,314,318,3,1,NULL,NULL,339,338,'2011-07-05 14:05:12',NULL,NULL,'2012-01-12 05:00:00',NULL,0,NULL,'',1,41,'Tax Filing Type',NULL,'SCHEDULED'),(312,22,314,318,3,2,NULL,NULL,339,338,'2011-07-05 14:05:12',NULL,NULL,'2012-01-14 05:00:00',NULL,0,NULL,'',1,42,'Installment Filing Type',NULL,'SCHEDULED'),(313,25,310,320,3,1,NULL,NULL,342,322,'2011-07-05 14:05:12',NULL,NULL,'2012-01-01 05:00:00',NULL,0,NULL,'',4,57,'Tax Filing Type',NULL,'SCHEDULED'),(314,25,310,320,3,2,NULL,NULL,342,322,'2011-07-05 14:05:12',NULL,NULL,'2012-02-02 05:00:00',NULL,0,NULL,'',4,58,'Installment Filing Type',NULL,'SCHEDULED'),(315,26,310,320,3,1,NULL,NULL,342,322,'2011-07-05 14:05:12',NULL,NULL,'2012-01-04 05:00:00',NULL,0,NULL,'',4,59,'Tax Filing Type',NULL,'SCHEDULED'),(316,26,310,320,3,1,NULL,NULL,342,322,'2011-07-05 14:05:12',NULL,NULL,'2012-02-04 05:00:00',NULL,0,NULL,'',4,60,'Tax Filing Type',NULL,'SCHEDULED'),(317,27,314,404,3,1,NULL,NULL,339,416,'2011-07-05 14:05:12',NULL,NULL,'2012-01-01 05:00:00',NULL,0,NULL,'',1,63,'Tax Filing Type',NULL,'SCHEDULED'),(318,27,314,404,3,2,NULL,NULL,339,416,'2011-07-05 14:05:12',NULL,NULL,'2012-01-04 05:00:00',NULL,0,NULL,'',1,64,'Installment Filing Type',NULL,'SCHEDULED'),(319,28,314,404,3,1,NULL,NULL,339,416,'2011-07-05 14:05:13',NULL,NULL,'2012-01-01 05:00:00',NULL,0,NULL,'',1,65,'Tax Filing Type',NULL,'SCHEDULED'),(320,28,314,404,3,2,NULL,NULL,339,416,'2011-07-05 14:05:13',NULL,NULL,'2012-01-01 05:00:00',NULL,0,NULL,'',1,66,'Installment Filing Type',NULL,'SCHEDULED'),(321,29,370,431,3,1,NULL,NULL,430,432,'2011-07-05 14:05:13',NULL,NULL,'2012-02-02 05:00:00',NULL,0,NULL,'',22,67,'Tax Filing Type',NULL,'SCHEDULED'),(322,29,370,431,3,2,NULL,NULL,430,432,'2011-07-05 14:05:13',NULL,NULL,'2012-04-10 04:00:00',NULL,0,NULL,'',22,68,'Installment Filing Type',NULL,'SCHEDULED'),(323,30,370,431,3,1,NULL,NULL,447,449,'2011-07-05 14:05:13',NULL,NULL,'2011-11-29 05:00:00',NULL,0,NULL,'',22,69,'Tax Filing Type',NULL,'SCHEDULED'),(324,30,370,431,3,2,NULL,NULL,447,449,'2011-07-05 14:05:13',NULL,NULL,'2011-11-29 05:00:00',NULL,0,NULL,'',22,70,'Installment Filing Type',NULL,'SCHEDULED'),(325,31,370,431,3,1,NULL,NULL,447,432,'2011-07-05 14:05:13',NULL,NULL,'2012-02-15 05:00:00',NULL,0,NULL,'',22,71,'Tax Filing Type',NULL,'SCHEDULED'),(326,31,370,431,3,2,NULL,NULL,447,432,'2011-07-05 14:05:13',NULL,NULL,'2012-06-17 04:00:00',NULL,0,NULL,'',22,72,'Installment Filing Type',NULL,'SCHEDULED'),(327,34,314,404,3,1,NULL,NULL,339,416,'2011-07-05 14:05:13',NULL,NULL,'2012-01-01 05:00:00',NULL,0,NULL,'',1,74,'Tax Filing Type',315,'SCHEDULED'),(328,34,314,404,3,2,NULL,NULL,339,416,'2011-07-05 14:05:13',NULL,NULL,'2012-01-10 05:00:00',NULL,0,NULL,'',1,75,'Installment Filing Type',315,'SCHEDULED'),(329,35,298,299,3,1,NULL,NULL,301,337,'2011-07-05 14:05:13',NULL,NULL,'2012-02-02 05:00:00',NULL,0,NULL,'',27,76,'Tax Filing Type',365,'SCHEDULED'),(330,35,298,299,3,2,NULL,NULL,301,337,'2011-07-05 14:05:13',NULL,NULL,'2012-01-02 05:00:00',NULL,0,NULL,'',27,77,'Installment Filing Type',365,'SCHEDULED'),(331,36,370,431,3,1,NULL,NULL,430,449,'2011-07-05 14:05:14',NULL,NULL,'2012-02-05 05:00:00',NULL,0,NULL,'',22,78,'Tax Filing Type',NULL,'SCHEDULED'),(332,36,370,431,3,2,NULL,NULL,430,449,'2011-07-05 14:05:14',NULL,NULL,'2012-05-06 04:00:00',NULL,0,NULL,'',22,79,'Installment Filing Type',NULL,'SCHEDULED'),(333,36,370,431,3,2,NULL,NULL,430,449,'2011-07-05 14:05:14',NULL,NULL,'2012-06-10 04:00:00',NULL,0,NULL,'',22,80,'Installment Filing Type',NULL,'SCHEDULED'),(334,37,370,431,3,1,NULL,NULL,457,449,'2011-07-05 14:05:14',NULL,NULL,'2012-03-09 05:00:00',NULL,0,NULL,'',22,81,'Tax Filing Type',NULL,'SCHEDULED'),(335,38,370,431,3,2,NULL,NULL,457,449,'2011-07-05 14:05:14',NULL,NULL,'2012-05-13 04:00:00',NULL,0,NULL,'',22,85,'Installment Filing Type',NULL,'SCHEDULED'),(336,39,343,367,3,1,NULL,NULL,374,369,'2011-07-05 14:05:14',NULL,NULL,'2012-02-03 05:00:00',NULL,0,NULL,'',9,86,'Tax Filing Type',384,'SCHEDULED'),(337,39,343,367,3,1,NULL,NULL,374,369,'2011-07-05 14:05:14',NULL,NULL,'2012-02-05 05:00:00',NULL,0,NULL,'',9,87,'Tax Filing Type',384,'SCHEDULED'),(338,39,343,367,3,2,NULL,NULL,374,369,'2011-07-05 14:05:14',NULL,NULL,'2012-02-17 05:00:00',NULL,0,NULL,'',9,88,'Installment Filing Type',384,'SCHEDULED'),(339,40,343,367,3,1,NULL,NULL,441,369,'2011-07-05 14:05:14',NULL,NULL,'2012-04-12 04:00:00',NULL,0,NULL,'',9,89,'Tax Filing Type',472,'SCHEDULED'),(340,41,343,367,3,1,NULL,NULL,513,368,'2011-07-05 14:05:14',NULL,NULL,'2011-11-29 05:00:00',NULL,0,NULL,'',9,91,'Tax Filing Type',NULL,'SCHEDULED'),(341,41,343,367,3,1,NULL,NULL,513,368,'2011-07-05 14:05:14',NULL,NULL,'2011-11-29 05:00:00',NULL,0,NULL,'',9,92,'Tax Filing Type',NULL,'SCHEDULED'),(342,41,343,367,3,2,NULL,NULL,513,368,'2011-07-05 14:05:14',NULL,NULL,'2012-01-30 05:00:00',NULL,0,NULL,'',9,93,'Installment Filing Type',NULL,'SCHEDULED'),(343,43,343,367,3,1,NULL,NULL,376,369,'2011-07-05 14:05:14',NULL,NULL,'2012-05-10 04:00:00',NULL,0,NULL,'',9,97,'Tax Filing Type',384,'SCHEDULED'),(344,43,343,367,3,1,NULL,NULL,376,369,'2011-07-05 14:05:14',NULL,NULL,'2012-06-19 04:00:00',NULL,0,NULL,'',9,98,'Tax Filing Type',384,'SCHEDULED'),(345,43,343,367,3,2,NULL,NULL,376,369,'2011-07-05 14:05:14',NULL,NULL,'2012-05-16 04:00:00',NULL,0,NULL,'',9,99,'Installment Filing Type',384,'SCHEDULED'),(346,44,343,367,3,1,NULL,NULL,383,369,'2011-07-05 14:05:14',NULL,NULL,'2012-06-04 04:00:00',NULL,0,NULL,'',9,101,'Tax Filing Type',384,'SCHEDULED'),(347,44,343,367,3,2,NULL,NULL,383,369,'2011-07-05 14:05:14',NULL,NULL,'2012-05-14 04:00:00',NULL,0,NULL,'',9,105,'Installment Filing Type',384,'SCHEDULED'),(348,45,343,367,3,2,NULL,NULL,374,368,'2011-07-05 14:05:15',NULL,NULL,'2012-01-12 05:00:00',NULL,0,NULL,'',9,110,'Installment Filing Type',344,'SCHEDULED'),(349,46,343,367,3,1,NULL,NULL,384,368,'2011-07-05 14:05:15',NULL,NULL,'2012-02-05 05:00:00',NULL,0,NULL,'',9,111,'Tax Filing Type',344,'SCHEDULED'),(350,46,343,367,3,2,NULL,NULL,384,368,'2011-07-05 14:05:15',NULL,NULL,'2012-05-06 04:00:00',NULL,0,NULL,'',9,112,'Installment Filing Type',344,'SCHEDULED'),(351,47,343,345,3,1,NULL,NULL,383,371,'2011-07-05 14:05:15',NULL,NULL,'2012-02-04 05:00:00',NULL,0,NULL,'',9,113,'Tax Filing Type',344,'SCHEDULED'),(352,47,343,345,3,2,NULL,NULL,383,371,'2011-07-05 14:05:15',NULL,NULL,'2012-02-05 05:00:00',NULL,0,NULL,'',9,114,'Installment Filing Type',344,'SCHEDULED'),(353,48,343,367,3,1,NULL,NULL,375,368,'2011-07-05 14:05:15',NULL,NULL,'2012-02-06 05:00:00',NULL,0,NULL,'',9,115,'Tax Filing Type',344,'SCHEDULED'),(354,48,343,367,3,1,NULL,NULL,375,368,'2011-07-05 14:05:15',NULL,NULL,'2012-04-08 04:00:00',NULL,0,NULL,'',9,116,'Tax Filing Type',344,'SCHEDULED'),(355,48,343,367,3,1,NULL,NULL,375,368,'2011-07-05 14:05:15',NULL,NULL,'2012-04-11 04:00:00',NULL,0,NULL,'',9,117,'Tax Filing Type',344,'SCHEDULED'),(356,48,343,367,3,1,NULL,NULL,375,368,'2011-07-05 14:05:15',NULL,NULL,'2012-05-14 04:00:00',NULL,0,NULL,'',9,118,'Tax Filing Type',344,'SCHEDULED'),(357,48,343,367,3,2,NULL,NULL,375,368,'2011-07-05 14:05:15',NULL,NULL,'2012-05-16 04:00:00',NULL,0,NULL,'',9,121,'Installment Filing Type',344,'SCHEDULED'),(358,48,343,367,3,2,NULL,NULL,375,368,'2011-07-05 14:05:15',NULL,NULL,'2012-03-18 04:00:00',NULL,0,NULL,'',9,122,'Installment Filing Type',344,'SCHEDULED'),(359,49,370,431,3,1,NULL,NULL,430,449,'2011-07-05 14:05:15',NULL,NULL,'2012-02-06 05:00:00',NULL,0,NULL,'',24,123,'Tax Filing Type',NULL,'SCHEDULED'),(360,49,370,431,3,1,NULL,NULL,430,449,'2011-07-05 14:05:15',NULL,NULL,'2012-03-10 05:00:00',NULL,0,NULL,'',24,124,'Tax Filing Type',NULL,'SCHEDULED'),(361,49,370,431,3,1,NULL,NULL,430,449,'2011-07-05 14:05:15',NULL,NULL,'2012-05-18 04:00:00',NULL,0,NULL,'',24,126,'Tax Filing Type',NULL,'SCHEDULED'),(362,49,370,431,3,2,NULL,NULL,430,449,'2011-07-05 14:05:15',NULL,NULL,'2012-05-17 04:00:00',NULL,0,NULL,'',24,127,'Installment Filing Type',NULL,'SCHEDULED'),(363,50,343,345,3,1,NULL,NULL,472,436,'2011-07-05 14:05:16',NULL,NULL,'2012-02-15 05:00:00',NULL,0,NULL,'',9,128,'Tax Filing Type',344,'SCHEDULED'),(364,50,343,345,3,1,NULL,NULL,472,436,'2011-07-05 14:05:16',NULL,NULL,'2012-02-16 05:00:00',NULL,0,NULL,'',9,129,'Tax Filing Type',344,'SCHEDULED'),(365,50,343,345,3,2,NULL,NULL,472,436,'2011-07-05 14:05:16',NULL,NULL,'2012-01-16 05:00:00',NULL,0,NULL,'',9,130,'Installment Filing Type',344,'SCHEDULED'),(366,51,314,404,3,1,NULL,NULL,339,416,'2011-07-05 14:05:16',NULL,NULL,'2012-01-02 05:00:00',NULL,0,NULL,'',1,131,'Tax Filing Type',315,'SCHEDULED'),(367,51,314,404,3,2,NULL,NULL,339,416,'2011-07-05 14:05:16',NULL,NULL,'2012-01-02 05:00:00',NULL,0,NULL,'',1,132,'Installment Filing Type',315,'SCHEDULED'),(368,14,343,345,3,1,NULL,NULL,355,347,'2011-07-05 16:00:00',NULL,NULL,'2012-07-05 04:00:00',NULL,0,NULL,'',9,29,'Tax Filing Type',NULL,'SCHEDULED'),(369,37,370,431,3,2,NULL,NULL,457,449,'2011-07-05 16:00:05',NULL,NULL,'2012-07-05 04:00:00',NULL,0,NULL,'',22,82,'Installment Filing Type',NULL,'SCHEDULED'),(370,38,370,431,3,1,NULL,NULL,457,449,'2011-07-06 16:00:00',NULL,NULL,'2012-07-06 04:00:00',NULL,0,NULL,'',22,84,'Tax Filing Type',NULL,'SCHEDULED'),(371,52,310,529,3,1,NULL,NULL,311,530,'2011-07-07 00:40:00',NULL,NULL,'2011-05-01 04:00:00',NULL,0,NULL,'',4,133,'Tax Filing Type',311,'SCHEDULED'),(372,52,310,529,3,1,NULL,NULL,311,530,'2011-07-07 00:40:09',NULL,NULL,'2011-07-31 04:00:00',NULL,0,NULL,'',4,134,'Tax Filing Type',311,'SCHEDULED'),(373,52,310,529,3,1,NULL,NULL,311,530,'2011-07-07 00:40:09',NULL,NULL,'2011-10-31 04:00:00',NULL,0,NULL,'',4,135,'Tax Filing Type',311,'SCHEDULED'),(374,52,310,529,3,1,NULL,NULL,311,530,'2011-07-07 00:40:09',NULL,NULL,'2011-01-31 05:00:00',NULL,0,NULL,'',4,136,'Tax Filing Type',311,'SCHEDULED'),(375,52,310,529,3,2,NULL,NULL,311,530,'2011-07-07 00:40:09',NULL,NULL,'2010-11-29 05:00:00',NULL,0,NULL,'',4,137,'Installment Filing Type',311,'SCHEDULED'),(376,52,310,529,3,1,NULL,NULL,311,530,'2011-07-07 00:45:00',NULL,NULL,'2012-05-01 04:00:00',NULL,0,NULL,'',4,133,'Tax Filing Type',311,'SCHEDULED'),(377,52,310,529,3,1,NULL,NULL,311,530,'2011-07-07 00:45:06',NULL,NULL,'2012-01-31 05:00:00',NULL,0,NULL,'',4,136,'Tax Filing Type',311,'SCHEDULED'),(378,52,310,529,3,2,NULL,NULL,311,530,'2011-07-07 00:45:06',NULL,NULL,'2011-11-29 05:00:00',NULL,0,NULL,'',4,137,'Installment Filing Type',311,'SCHEDULED'),(379,53,310,529,3,1,NULL,NULL,311,530,'2011-07-07 00:50:00',NULL,NULL,'2011-03-31 04:00:00',NULL,0,NULL,'',4,138,'Tax Filing Type',311,'SCHEDULED'),(380,53,310,529,3,2,NULL,NULL,311,530,'2011-07-07 00:50:07',NULL,NULL,'2011-03-15 04:00:00',NULL,0,NULL,'',4,139,'Installment Filing Type',311,'SCHEDULED'),(381,53,310,529,3,2,NULL,NULL,311,530,'2011-07-07 00:50:07',NULL,NULL,'2011-06-15 04:00:00',NULL,0,NULL,'',4,140,'Installment Filing Type',311,'SCHEDULED'),(382,53,310,529,3,2,NULL,NULL,311,530,'2011-07-07 00:50:07',NULL,NULL,'2011-09-15 04:00:00',NULL,0,NULL,'',4,141,'Installment Filing Type',311,'SCHEDULED'),(383,53,310,529,3,2,NULL,NULL,311,530,'2011-07-07 00:50:07',NULL,NULL,'2011-12-15 05:00:00',NULL,0,NULL,'',4,142,'Installment Filing Type',311,'SCHEDULED'),(384,53,310,529,3,1,NULL,NULL,311,530,'2011-07-07 00:55:00',NULL,NULL,'2012-03-31 04:00:00',NULL,0,NULL,'',4,138,'Tax Filing Type',311,'SCHEDULED'),(385,53,310,529,3,2,NULL,NULL,311,530,'2011-07-07 00:55:08',NULL,NULL,'2012-03-15 04:00:00',NULL,0,NULL,'',4,139,'Installment Filing Type',311,'SCHEDULED'),(386,53,310,529,3,2,NULL,NULL,311,530,'2011-07-07 00:55:09',NULL,NULL,'2012-06-15 04:00:00',NULL,0,NULL,'',4,140,'Installment Filing Type',311,'SCHEDULED'),(387,NULL,343,367,3,1,NULL,NULL,376,368,'2011-07-07 05:20:14','patil.anand677@gmail.com','2011-07-07 05:20:24','2011-07-01 04:00:00','',1,'2011-02-01 05:00:00','',3,NULL,'Tax Filing Type',526,'ADHOC'),(388,10,332,357,3,2,NULL,NULL,336,358,'2011-07-10 16:00:00',NULL,NULL,'2012-07-10 04:00:00',NULL,0,NULL,'',2,19,'Installment Filing Type',NULL,'SCHEDULED'),(389,26,310,320,3,2,NULL,NULL,342,322,'2011-07-11 16:00:00',NULL,NULL,'2012-07-11 04:00:00',NULL,0,NULL,'',4,61,'Installment Filing Type',NULL,'SCHEDULED'),(390,NULL,370,453,3,1,NULL,NULL,430,561,'2011-07-12 11:21:53','anand@gmail.com','2011-07-12 11:21:59','2011-07-01 04:00:00','ddgss',1,'2011-04-01 04:00:00','',2,NULL,'Tax Filing Type',560,'ADHOC'),(391,42,343,367,3,2,NULL,NULL,385,368,'2011-07-13 16:00:00',NULL,NULL,'2012-07-13 04:00:00',NULL,0,NULL,'',9,96,'Installment Filing Type',384,'SCHEDULED'),(392,54,310,566,3,1,NULL,NULL,311,567,'2011-07-14 00:00:00',NULL,NULL,'2011-07-15 04:00:00',NULL,0,NULL,'',4,143,'Tax Filing Type',311,'SCHEDULED'),(393,54,310,566,3,2,NULL,NULL,311,567,'2011-07-14 00:00:07',NULL,NULL,'2010-12-30 05:00:00',NULL,0,NULL,'',4,144,'Installment Filing Type',311,'SCHEDULED'),(394,54,310,566,3,2,NULL,NULL,311,567,'2011-07-14 00:05:00',NULL,NULL,'2011-12-30 05:00:00',NULL,0,NULL,'',4,144,'Installment Filing Type',311,'SCHEDULED'),(395,NULL,314,404,3,2,NULL,NULL,339,554,'2011-07-14 07:34:54','sagar_bannikal_098@yahoo.com','2011-07-14 07:35:11','2011-07-06 04:00:00','test',1,NULL,'',3,NULL,'Installment Filing Type',315,'ADHOC'),(396,55,343,345,3,1,NULL,NULL,555,346,'2011-07-15 06:55:01',NULL,NULL,'2011-04-07 04:00:00',NULL,0,NULL,'',9,145,'Tax Filing Type',NULL,'SCHEDULED'),(397,55,343,345,3,1,NULL,NULL,555,346,'2011-07-15 06:55:03',NULL,NULL,'2011-04-07 04:00:00',NULL,0,NULL,'',9,145,'Tax Filing Type',NULL,'SCHEDULED'),(398,55,343,345,3,1,NULL,NULL,555,346,'2011-07-15 06:55:03',NULL,NULL,'2011-04-07 04:00:00',NULL,0,NULL,'',9,145,'Tax Filing Type',NULL,'SCHEDULED'),(399,55,343,345,3,1,NULL,NULL,555,346,'2011-07-15 06:55:03',NULL,NULL,'2011-04-07 04:00:00',NULL,0,NULL,'',9,145,'Tax Filing Type',NULL,'SCHEDULED'),(400,55,343,345,3,1,NULL,NULL,555,346,'2011-07-15 06:55:03',NULL,NULL,'2011-04-07 04:00:00',NULL,0,NULL,'',9,145,'Tax Filing Type',NULL,'SCHEDULED'),(401,55,343,345,3,1,NULL,NULL,555,346,'2011-07-15 06:55:03',NULL,NULL,'2011-04-07 04:00:00',NULL,0,NULL,'',9,145,'Tax Filing Type',NULL,'SCHEDULED'),(402,55,343,345,3,1,NULL,NULL,555,346,'2011-07-15 06:55:03',NULL,NULL,'2011-04-07 04:00:00',NULL,0,NULL,'',9,145,'Tax Filing Type',NULL,'SCHEDULED'),(403,55,343,345,3,1,NULL,NULL,555,346,'2011-07-15 06:55:03',NULL,NULL,'2011-04-07 04:00:00',NULL,0,NULL,'',9,145,'Tax Filing Type',NULL,'SCHEDULED'),(404,55,343,345,3,1,NULL,NULL,555,346,'2011-07-15 06:55:03',NULL,NULL,'2011-04-07 04:00:00',NULL,0,NULL,'',9,145,'Tax Filing Type',NULL,'SCHEDULED'),(405,55,343,345,3,1,NULL,NULL,555,346,'2011-07-15 06:55:03',NULL,NULL,'2011-04-07 04:00:00',NULL,0,NULL,'',9,145,'Tax Filing Type',NULL,'SCHEDULED'),(406,55,343,345,3,1,NULL,NULL,555,346,'2011-07-15 06:55:03',NULL,NULL,'2011-04-07 04:00:00',NULL,0,NULL,'',9,145,'Tax Filing Type',NULL,'SCHEDULED'),(407,55,343,345,3,1,NULL,NULL,555,346,'2011-07-15 06:55:03',NULL,NULL,'2011-04-07 04:00:00',NULL,0,NULL,'',9,145,'Tax Filing Type',NULL,'SCHEDULED'),(408,55,343,345,3,2,NULL,NULL,555,346,'2011-07-15 06:55:03',NULL,NULL,'2011-02-04 05:00:00',NULL,0,NULL,'',9,146,'Installment Filing Type',NULL,'SCHEDULED'),(409,55,343,345,3,2,NULL,NULL,555,346,'2011-07-15 06:55:03',NULL,NULL,'2011-02-04 05:00:00',NULL,0,NULL,'',9,146,'Installment Filing Type',NULL,'SCHEDULED'),(410,55,343,345,3,2,NULL,NULL,555,346,'2011-07-15 06:55:03',NULL,NULL,'2011-02-04 05:00:00',NULL,0,NULL,'',9,146,'Installment Filing Type',NULL,'SCHEDULED'),(411,55,343,345,3,2,NULL,NULL,555,346,'2011-07-15 06:55:03',NULL,NULL,'2011-02-04 05:00:00',NULL,0,NULL,'',9,146,'Installment Filing Type',NULL,'SCHEDULED'),(412,55,343,345,3,2,NULL,NULL,555,346,'2011-07-15 06:55:03',NULL,NULL,'2011-02-04 05:00:00',NULL,0,NULL,'',9,146,'Installment Filing Type',NULL,'SCHEDULED'),(413,55,343,345,3,2,NULL,NULL,555,346,'2011-07-15 06:55:03',NULL,NULL,'2011-02-04 05:00:00',NULL,0,NULL,'',9,146,'Installment Filing Type',NULL,'SCHEDULED'),(414,55,343,345,3,2,NULL,NULL,555,346,'2011-07-15 06:55:03',NULL,NULL,'2011-02-04 05:00:00',NULL,0,NULL,'',9,146,'Installment Filing Type',NULL,'SCHEDULED'),(415,55,343,345,3,2,NULL,NULL,555,346,'2011-07-15 06:55:03',NULL,NULL,'2011-02-04 05:00:00',NULL,0,NULL,'',9,146,'Installment Filing Type',NULL,'SCHEDULED'),(416,55,343,345,3,2,NULL,NULL,555,346,'2011-07-15 06:55:03',NULL,NULL,'2011-02-04 05:00:00',NULL,0,NULL,'',9,146,'Installment Filing Type',NULL,'SCHEDULED'),(417,55,343,345,3,2,NULL,NULL,555,346,'2011-07-15 06:55:03',NULL,NULL,'2011-02-04 05:00:00',NULL,0,NULL,'',9,146,'Installment Filing Type',NULL,'SCHEDULED'),(418,55,343,345,3,2,NULL,NULL,555,346,'2011-07-15 06:55:03',NULL,NULL,'2011-02-04 05:00:00',NULL,0,NULL,'',9,146,'Installment Filing Type',NULL,'SCHEDULED'),(419,55,343,345,3,2,NULL,NULL,555,346,'2011-07-15 06:55:03',NULL,NULL,'2011-02-04 05:00:00',NULL,0,NULL,'',9,146,'Installment Filing Type',NULL,'SCHEDULED'),(420,55,343,345,3,1,NULL,NULL,555,346,'2011-07-15 07:00:00',NULL,NULL,'2012-04-07 04:00:00',NULL,0,NULL,'',9,145,'Tax Filing Type',NULL,'SCHEDULED'),(421,55,343,345,3,2,NULL,NULL,555,346,'2011-07-15 07:00:02',NULL,NULL,'2012-02-04 05:00:00',NULL,0,NULL,'',9,146,'Installment Filing Type',NULL,'SCHEDULED'),(422,54,310,566,3,1,NULL,NULL,311,567,'2011-07-15 16:00:00',NULL,NULL,'2012-07-15 04:00:00',NULL,0,NULL,'',4,143,'Tax Filing Type',311,'SCHEDULED'),(423,NULL,343,345,3,1,NULL,NULL,374,346,'2011-07-17 12:19:16','patil.anand677@gmail.com','2011-07-17 12:19:38','2011-06-15 04:00:00','',1,NULL,'',1,NULL,'Installment Filing Type',384,'ADHOC'),(424,56,343,345,3,1,NULL,NULL,513,425,'2011-07-19 11:35:00',NULL,NULL,'2010-11-29 05:00:00',NULL,0,NULL,'',9,147,'Tax Filing Type',344,'SCHEDULED'),(425,56,343,345,3,2,NULL,NULL,513,425,'2011-07-19 11:35:07',NULL,NULL,'2010-11-29 05:00:00',NULL,0,NULL,'',9,148,'Installment Filing Type',344,'SCHEDULED'),(426,56,343,345,3,2,NULL,NULL,513,425,'2011-07-19 11:35:07',NULL,NULL,'2010-11-29 05:00:00',NULL,0,NULL,'',9,149,'Installment Filing Type',344,'SCHEDULED'),(427,56,343,345,3,1,NULL,NULL,513,425,'2011-07-19 11:40:00',NULL,NULL,'2011-11-29 05:00:00',NULL,0,NULL,'',9,147,'Tax Filing Type',344,'SCHEDULED'),(428,56,343,345,3,2,NULL,NULL,513,425,'2011-07-19 11:40:06',NULL,NULL,'2011-11-29 05:00:00',NULL,0,NULL,'',9,148,'Installment Filing Type',344,'SCHEDULED'),(429,56,343,345,3,2,NULL,NULL,513,425,'2011-07-19 11:40:06',NULL,NULL,'2011-11-29 05:00:00',NULL,0,NULL,'',9,149,'Installment Filing Type',344,'SCHEDULED'),(430,NULL,343,367,3,2,NULL,NULL,374,368,'2011-07-21 13:25:13','patil.anand677@gmail.com','2011-07-21 13:25:20','2011-07-01 04:00:00','',1,'2011-03-01 05:00:00','',3,NULL,'Installment Filing Type',526,'ADHOC'),(431,57,310,566,3,1,NULL,NULL,311,567,'2011-07-28 01:45:00',NULL,NULL,'2010-12-15 05:00:00',NULL,0,NULL,'',4,150,'Tax Filing Type',311,'SCHEDULED'),(432,57,310,566,3,1,NULL,NULL,311,567,'2011-07-28 01:45:00',NULL,NULL,'2010-12-15 05:00:00',NULL,0,NULL,'',4,150,'Tax Filing Type',311,'SCHEDULED'),(433,57,310,566,3,1,NULL,NULL,311,567,'2011-07-28 01:45:00',NULL,NULL,'2010-12-15 05:00:00',NULL,0,NULL,'',4,150,'Tax Filing Type',311,'SCHEDULED'),(434,57,310,566,3,1,NULL,NULL,311,567,'2011-07-28 01:45:00',NULL,NULL,'2010-12-15 05:00:00',NULL,0,NULL,'',4,150,'Tax Filing Type',311,'SCHEDULED'),(435,57,310,566,3,1,NULL,NULL,311,567,'2011-07-28 01:45:00',NULL,NULL,'2010-12-15 05:00:00',NULL,0,NULL,'',4,150,'Tax Filing Type',311,'SCHEDULED'),(436,57,310,566,3,1,NULL,NULL,311,567,'2011-07-28 01:45:00',NULL,NULL,'2010-12-15 05:00:00',NULL,0,NULL,'',4,150,'Tax Filing Type',311,'SCHEDULED'),(437,57,310,566,3,1,NULL,NULL,311,567,'2011-07-28 01:45:00',NULL,NULL,'2010-12-15 05:00:00',NULL,0,NULL,'',4,150,'Tax Filing Type',311,'SCHEDULED'),(438,57,310,566,3,1,NULL,NULL,311,567,'2011-07-28 01:45:00',NULL,NULL,'2010-12-15 05:00:00',NULL,0,NULL,'',4,150,'Tax Filing Type',311,'SCHEDULED'),(439,57,310,566,3,1,NULL,NULL,311,567,'2011-07-28 01:45:00',NULL,NULL,'2010-12-15 05:00:00',NULL,0,NULL,'',4,150,'Tax Filing Type',311,'SCHEDULED'),(440,57,310,566,3,1,NULL,NULL,311,567,'2011-07-28 01:45:00',NULL,NULL,'2010-12-15 05:00:00',NULL,0,NULL,'',4,150,'Tax Filing Type',311,'SCHEDULED'),(441,57,310,566,3,1,NULL,NULL,311,567,'2011-07-28 01:45:00',NULL,NULL,'2010-12-15 05:00:00',NULL,0,NULL,'',4,150,'Tax Filing Type',311,'SCHEDULED'),(442,57,310,566,3,1,NULL,NULL,311,567,'2011-07-28 01:45:00',NULL,NULL,'2010-12-15 05:00:00',NULL,0,NULL,'',4,150,'Tax Filing Type',311,'SCHEDULED'),(443,57,310,566,3,2,NULL,NULL,311,567,'2011-07-28 01:45:00',NULL,NULL,'2010-11-29 05:00:00',NULL,0,NULL,'',4,151,'Installment Filing Type',311,'SCHEDULED'),(444,57,310,566,3,2,NULL,NULL,311,567,'2011-07-28 01:45:00',NULL,NULL,'2010-11-29 05:00:00',NULL,0,NULL,'',4,151,'Installment Filing Type',311,'SCHEDULED'),(445,57,310,566,3,2,NULL,NULL,311,567,'2011-07-28 01:45:00',NULL,NULL,'2010-11-29 05:00:00',NULL,0,NULL,'',4,151,'Installment Filing Type',311,'SCHEDULED'),(446,57,310,566,3,2,NULL,NULL,311,567,'2011-07-28 01:45:00',NULL,NULL,'2010-11-29 05:00:00',NULL,0,NULL,'',4,151,'Installment Filing Type',311,'SCHEDULED'),(447,57,310,566,3,2,NULL,NULL,311,567,'2011-07-28 01:45:00',NULL,NULL,'2010-11-29 05:00:00',NULL,0,NULL,'',4,151,'Installment Filing Type',311,'SCHEDULED'),(448,57,310,566,3,2,NULL,NULL,311,567,'2011-07-28 01:45:00',NULL,NULL,'2010-11-29 05:00:00',NULL,0,NULL,'',4,151,'Installment Filing Type',311,'SCHEDULED'),(449,57,310,566,3,2,NULL,NULL,311,567,'2011-07-28 01:45:00',NULL,NULL,'2010-11-29 05:00:00',NULL,0,NULL,'',4,151,'Installment Filing Type',311,'SCHEDULED'),(450,57,310,566,3,2,NULL,NULL,311,567,'2011-07-28 01:45:00',NULL,NULL,'2010-11-29 05:00:00',NULL,0,NULL,'',4,151,'Installment Filing Type',311,'SCHEDULED'),(451,57,310,566,3,2,NULL,NULL,311,567,'2011-07-28 01:45:00',NULL,NULL,'2010-11-29 05:00:00',NULL,0,NULL,'',4,151,'Installment Filing Type',311,'SCHEDULED'),(452,57,310,566,3,2,NULL,NULL,311,567,'2011-07-28 01:45:00',NULL,NULL,'2010-11-29 05:00:00',NULL,0,NULL,'',4,151,'Installment Filing Type',311,'SCHEDULED'),(453,57,310,566,3,2,NULL,NULL,311,567,'2011-07-28 01:45:00',NULL,NULL,'2010-11-29 05:00:00',NULL,0,NULL,'',4,151,'Installment Filing Type',311,'SCHEDULED'),(454,57,310,566,3,2,NULL,NULL,311,567,'2011-07-28 01:45:00',NULL,NULL,'2010-11-29 05:00:00',NULL,0,NULL,'',4,151,'Installment Filing Type',311,'SCHEDULED'),(455,58,310,566,3,1,NULL,NULL,311,567,'2011-07-28 01:45:00',NULL,NULL,'2011-08-30 04:00:00',NULL,0,NULL,'',4,152,'Tax Filing Type',311,'SCHEDULED'),(456,58,310,566,3,2,NULL,NULL,311,567,'2011-07-28 01:45:00',NULL,NULL,'2011-03-15 04:00:00',NULL,0,NULL,'',4,153,'Installment Filing Type',311,'SCHEDULED'),(457,58,310,566,3,2,NULL,NULL,311,567,'2011-07-28 01:45:00',NULL,NULL,'2011-06-15 04:00:00',NULL,0,NULL,'',4,154,'Installment Filing Type',311,'SCHEDULED'),(458,58,310,566,3,2,NULL,NULL,311,567,'2011-07-28 01:45:00',NULL,NULL,'2011-09-15 04:00:00',NULL,0,NULL,'',4,155,'Installment Filing Type',311,'SCHEDULED'),(459,58,310,566,3,2,NULL,NULL,311,567,'2011-07-28 01:45:00',NULL,NULL,'2011-12-15 05:00:00',NULL,0,NULL,'',4,156,'Installment Filing Type',311,'SCHEDULED'),(460,59,310,566,3,1,NULL,NULL,311,567,'2011-07-28 01:45:00',NULL,NULL,'2011-08-30 04:00:00',NULL,0,NULL,'',4,157,'Tax Filing Type',311,'SCHEDULED'),(461,59,310,566,3,2,NULL,NULL,311,567,'2011-07-28 01:45:00',NULL,NULL,'2011-03-15 04:00:00',NULL,0,NULL,'',4,158,'Installment Filing Type',311,'SCHEDULED'),(462,59,310,566,3,2,NULL,NULL,311,567,'2011-07-28 01:45:00',NULL,NULL,'2011-06-15 04:00:00',NULL,0,NULL,'',4,159,'Installment Filing Type',311,'SCHEDULED'),(463,59,310,566,3,2,NULL,NULL,311,567,'2011-07-28 01:45:00',NULL,NULL,'2011-09-15 04:00:00',NULL,0,NULL,'',4,160,'Installment Filing Type',311,'SCHEDULED'),(464,59,310,566,3,2,NULL,NULL,311,567,'2011-07-28 01:45:00',NULL,NULL,'2011-12-15 05:00:00',NULL,0,NULL,'',4,161,'Installment Filing Type',311,'SCHEDULED'),(465,57,310,566,3,1,NULL,NULL,311,567,'2011-07-28 01:50:00',NULL,NULL,'2011-12-15 05:00:00',NULL,0,NULL,'',4,150,'Tax Filing Type',311,'SCHEDULED'),(466,57,310,566,3,2,NULL,NULL,311,567,'2011-07-28 01:50:00',NULL,NULL,'2011-11-29 05:00:00',NULL,0,NULL,'',4,151,'Installment Filing Type',311,'SCHEDULED'),(467,58,310,566,3,2,NULL,NULL,311,567,'2011-07-28 01:50:00',NULL,NULL,'2012-03-15 04:00:00',NULL,0,NULL,'',4,153,'Installment Filing Type',311,'SCHEDULED'),(468,58,310,566,3,2,NULL,NULL,311,567,'2011-07-28 01:50:00',NULL,NULL,'2012-06-15 04:00:00',NULL,0,NULL,'',4,154,'Installment Filing Type',311,'SCHEDULED'),(469,59,310,566,3,2,NULL,NULL,311,567,'2011-07-28 01:50:00',NULL,NULL,'2012-03-15 04:00:00',NULL,0,NULL,'',4,158,'Installment Filing Type',311,'SCHEDULED'),(470,59,310,566,3,2,NULL,NULL,311,567,'2011-07-28 01:50:00',NULL,NULL,'2012-06-15 04:00:00',NULL,0,NULL,'',4,159,'Installment Filing Type',311,'SCHEDULED');
/*!40000 ALTER TABLE `task` ENABLE KEYS */;
UNLOCK TABLES;

--
-- Table structure for table `language`
--

DROP TABLE IF EXISTS `language`;
/*!40101 SET @saved_cs_client     = @@character_set_client */;
/*!40101 SET character_set_client = utf8 */;
CREATE TABLE `language` (
  `id` tinyint(4) unsigned NOT NULL,
  `name` varchar(100) DEFAULT NULL,
  `language_code` varchar(25) DEFAULT NULL,
  `utf8_date_language` varchar(50) DEFAULT NULL,
  `active_flag` bit(1) DEFAULT NULL,
  `create_user_id` varchar(25) DEFAULT NULL,
  `create_date` datetime DEFAULT NULL,
  `last_update_date` timestamp NULL DEFAULT NULL,
  `last_update_user_id` varchar(30) DEFAULT NULL,
  PRIMARY KEY (`id`)
) ENGINE=InnoDB DEFAULT CHARSET=latin1;
/*!40101 SET character_set_client = @saved_cs_client */;

--
-- Dumping data for table `language`
--

LOCK TABLES `language` WRITE;
/*!40000 ALTER TABLE `language` DISABLE KEYS */;
INSERT INTO `language` VALUES (1,'english','eng','en_us',NULL,NULL,NULL,NULL,NULL);
/*!40000 ALTER TABLE `language` ENABLE KEYS */;
UNLOCK TABLES;

--
-- Table structure for table `tax_client_practice_info`
--

DROP TABLE IF EXISTS `tax_client_practice_info`;
/*!40101 SET @saved_cs_client     = @@character_set_client */;
/*!40101 SET character_set_client = utf8 */;
CREATE TABLE `tax_client_practice_info` (
  `id` bigint(20) unsigned NOT NULL AUTO_INCREMENT,
  `tax_firm_practice_type` bigint(20) unsigned NOT NULL,
  `client` bigint(20) unsigned NOT NULL,
  `jurisdiction` bigint(20) NOT NULL,
  `filing_frequency` bigint(20) unsigned NOT NULL,
  `filing_date_reminder` bit(1) NOT NULL,
  `instalment_frequency` bigint(20) unsigned NOT NULL,
  `instalment_reminder` bit(1) NOT NULL,
  `preparer_notes` varchar(4000) DEFAULT NULL,
  `firm_id` bigint(20) unsigned NOT NULL,
  `internal_memo` varchar(4000) DEFAULT NULL,
  `staff_in_charge` bigint(20) unsigned NOT NULL,
  `client_staff_in_charge` bigint(20) unsigned DEFAULT NULL,
  `filing_date_rule` varchar(50) DEFAULT NULL,
  `instalment_date_rule` varchar(50) DEFAULT NULL,
  `create_user_id` varchar(30) DEFAULT NULL,
  `create_date` timestamp NULL DEFAULT NULL,
  `last_update_user_id` varchar(30) DEFAULT NULL,
  `last_update_date` timestamp NULL DEFAULT NULL,
  `version` int(11) NOT NULL DEFAULT '0',
  `active_flag` bit(1) NOT NULL,
  `partice_name` varchar(50) DEFAULT NULL,
  `partner_in_charge` bigint(20) unsigned DEFAULT NULL,
  PRIMARY KEY (`id`),
  KEY `tax_practice_is_for_a_firm_fk` (`firm_id`),
  KEY `tax_practice_is_for_a_client` (`client`),
  KEY `fkc8aab77ea6e16f70` (`client_staff_in_charge`),
  KEY `fkc8aab77e72401be4` (`staff_in_charge`),
  KEY `client_tax_practice_for_firm_practice_type` (`tax_firm_practice_type`),
  KEY `tax_practice_partner_in_charge` (`partner_in_charge`,`id`),
  CONSTRAINT `client_tax_practice_for_firm_practice_type` FOREIGN KEY (`tax_firm_practice_type`) REFERENCES `tax_firm_practice_type` (`id`),
  CONSTRAINT `tax_practice_client_staff_in_charge_fk` FOREIGN KEY (`client_staff_in_charge`) REFERENCES `person` (`party_id`),
  CONSTRAINT `tax_practice_is_for_a_client` FOREIGN KEY (`client`) REFERENCES `party` (`party_id`),
  CONSTRAINT `tax_practice_is_for_a_firm_fk` FOREIGN KEY (`firm_id`) REFERENCES `organization` (`party_id`),
  CONSTRAINT `tax_practice_partner_in_charge` FOREIGN KEY (`partner_in_charge`) REFERENCES `person` (`party_id`) ON DELETE NO ACTION ON UPDATE NO ACTION,
  CONSTRAINT `tax_practice_staff_in_charge_pk` FOREIGN KEY (`staff_in_charge`) REFERENCES `person` (`party_id`)
) ENGINE=InnoDB AUTO_INCREMENT=60 DEFAULT CHARSET=latin1 ROW_FORMAT=DYNAMIC;
/*!40101 SET character_set_client = @saved_cs_client */;

--
-- Dumping data for table `tax_client_practice_info`
--

LOCK TABLES `tax_client_practice_info` WRITE;
/*!40000 ALTER TABLE `tax_client_practice_info` DISABLE KEYS */;
INSERT INTO `tax_client_practice_info` VALUES (2,2,334,1,1300,'\0',1400,'\0','somehtng',332,NULL,333,335,NULL,NULL,NULL,'2011-02-09 07:18:16',NULL,NULL,0,'',NULL,NULL),(3,3,334,4,1301,'\0',1401,'\0','test',332,NULL,333,335,NULL,NULL,NULL,'2011-02-09 07:30:34',NULL,NULL,0,'',NULL,NULL),(4,1,318,2,1300,'\0',1400,'\0','',332,NULL,339,338,NULL,NULL,NULL,'2011-02-10 06:50:18',NULL,NULL,1,'',NULL,NULL),(5,1,318,1,1300,'\0',1400,'\0','',314,NULL,339,338,NULL,NULL,NULL,'2011-02-15 05:53:11',NULL,NULL,0,'',NULL,NULL),(6,8,318,1,1300,'\0',1400,'\0','',314,NULL,339,338,NULL,NULL,NULL,'2011-02-15 06:10:03',NULL,NULL,0,'',NULL,NULL),(7,10,345,2,1300,'',1400,'\0','',343,NULL,355,347,NULL,NULL,NULL,'2011-02-15 12:03:47',NULL,NULL,0,'',NULL,NULL),(8,9,345,2,1300,'',1401,'\0','',343,NULL,355,346,NULL,NULL,NULL,'2011-02-15 12:07:14',NULL,NULL,1,'',NULL,NULL),(9,1,318,4,1300,'\0',1400,'\0','tet',314,NULL,339,338,NULL,NULL,NULL,'2011-02-16 03:40:19',NULL,NULL,0,'',NULL,NULL),(10,2,357,1,1301,'\0',1400,'\0',' notes',332,NULL,336,358,NULL,NULL,NULL,'2011-02-16 04:14:40',NULL,NULL,0,'',NULL,NULL),(11,3,357,5,1300,'\0',1400,'\0','tst',332,NULL,336,358,NULL,NULL,NULL,'2011-02-16 04:17:55',NULL,NULL,0,'',NULL,NULL),(14,9,345,3,1300,'\0',1400,'\0','',343,NULL,355,347,NULL,NULL,NULL,'2011-02-17 14:01:13',NULL,NULL,0,'',NULL,NULL),(16,1,318,1,1301,'\0',1401,'\0','DOne',314,NULL,339,338,NULL,NULL,NULL,'2011-02-19 14:36:29',NULL,NULL,1,'',NULL,NULL),(22,1,318,5,1301,'\0',1401,'\0','test',314,NULL,339,338,NULL,NULL,NULL,'2011-02-21 06:53:06',NULL,NULL,10,'',NULL,NULL),(25,4,320,4,1300,'\0',1400,'\0','test',310,NULL,342,322,NULL,NULL,NULL,'2011-02-23 05:10:08',NULL,NULL,0,'',NULL,NULL),(26,4,320,6,1301,'\0',1401,'\0','test',310,NULL,342,322,NULL,NULL,NULL,'2011-02-24 02:38:23',NULL,NULL,0,'',NULL,NULL),(27,1,404,1,1300,'\0',1400,'','test',314,NULL,339,416,NULL,NULL,NULL,'2011-03-08 13:39:21',NULL,NULL,0,'',NULL,NULL),(28,1,404,1,1300,'',1400,'','',314,NULL,339,416,NULL,NULL,NULL,'2011-03-11 05:31:07',NULL,NULL,48,'',NULL,NULL),(29,22,431,2,1300,'',1400,'','',370,NULL,430,432,NULL,NULL,NULL,'2011-04-11 11:21:33',NULL,'2011-04-11 12:09:51',4,'\0',NULL,NULL),(30,22,431,2,1300,'\0',1400,'\0','',370,NULL,447,449,NULL,NULL,NULL,'2011-04-11 11:27:57',NULL,NULL,0,'',NULL,NULL),(31,22,431,17,1301,'\0',1400,'','',370,NULL,447,432,NULL,NULL,NULL,'2011-04-11 11:58:44',NULL,NULL,0,'',NULL,NULL),(34,1,404,2,1300,'',1400,'\0','test',314,NULL,339,416,NULL,NULL,NULL,'2011-04-30 02:59:20','sagar_bannikal_098@yahoo.com','2011-04-30 02:59:50',1,'',NULL,315),(35,27,299,2,1300,'',1400,'','TEsting',298,NULL,301,337,NULL,NULL,NULL,'2011-05-03 11:45:18','sagar_bannikal_098@yahoo.com','2011-05-03 11:45:25',1,'',NULL,365),(36,22,431,7,1300,'',1401,'','sdsds',370,NULL,430,449,NULL,NULL,NULL,'2011-05-04 13:12:11','anand@gmail.com','2011-05-04 13:12:16',1,'',NULL,NULL),(37,22,431,12,1300,'',1401,'','',370,NULL,457,449,NULL,NULL,NULL,'2011-05-06 05:19:40','anand@gmail.com','2011-05-06 05:20:09',2,'\0',NULL,NULL),(38,22,431,10,1302,'\0',1403,'\0','',370,NULL,457,449,NULL,NULL,NULL,'2011-05-06 06:04:05','anand@gmail.com','2011-05-06 06:04:10',1,'',NULL,NULL),(39,9,367,1,1301,'',1400,'','hi',343,NULL,374,369,NULL,NULL,NULL,'2011-05-27 05:25:52','patil.anand677@gmail.com','2011-05-27 05:25:58',1,'',NULL,384),(40,9,367,1,1302,'\0',1400,'\0','',343,NULL,441,369,NULL,NULL,NULL,'2011-05-27 05:33:34','patil.anand677@gmail.com','2011-05-27 05:34:26',2,'\0',NULL,472),(41,9,367,3,1303,'\0',1400,'\0','',343,NULL,513,368,NULL,NULL,NULL,'2011-05-27 05:36:21','patil.anand677@gmail.com','2011-05-27 05:37:54',2,'',NULL,NULL),(42,9,367,2,1301,'\0',1400,'\0','',343,NULL,385,368,NULL,NULL,NULL,'2011-05-27 05:40:14','patil.anand677@gmail.com','2011-05-27 05:40:20',1,'',NULL,384),(43,9,367,11,1301,'\0',1400,'\0','',343,NULL,376,369,NULL,NULL,NULL,'2011-05-27 05:42:50','patil.anand677@gmail.com','2011-05-27 05:50:41',2,'',NULL,384),(44,9,367,11,1302,'\0',1402,'\0','',343,NULL,383,369,NULL,NULL,NULL,'2011-05-27 05:52:40','patil.anand677@gmail.com','2011-05-27 05:52:46',1,'',NULL,384),(45,9,367,6,1523,'',1403,'\0','',343,NULL,374,368,NULL,NULL,NULL,'2011-05-27 05:54:13','patil.anand677@gmail.com','2011-05-27 06:08:48',3,'\0',NULL,344),(46,9,367,1,1300,'',1400,'','',343,NULL,384,368,NULL,NULL,NULL,'2011-05-27 06:10:33','patil.anand677@gmail.com','2011-05-27 06:10:38',1,'',NULL,344),(47,9,345,4,1300,'',1400,'','',343,NULL,383,371,NULL,NULL,NULL,'2011-06-13 12:44:47','patil.anand677@gmail.com','2011-06-13 12:45:34',2,'\0',NULL,344),(48,9,367,2,1302,'',1402,'','',343,NULL,375,368,NULL,NULL,NULL,'2011-06-14 07:16:42','patil.anand677@gmail.com','2011-06-14 07:16:47',1,'',NULL,344),(49,24,431,5,1302,'',1400,'','',370,NULL,430,449,NULL,NULL,NULL,'2011-06-18 13:40:03','anand@gmail.com','2011-06-18 13:41:37',3,'',NULL,NULL),(50,9,345,1,1301,'',1400,'','',343,NULL,472,436,NULL,NULL,NULL,'2011-06-21 13:20:04','patil.anand677@gmail.com','2011-06-21 13:20:10',1,'',NULL,344),(51,1,404,1,1300,'',1400,'\0','test',314,NULL,339,416,NULL,NULL,NULL,'2011-07-02 14:24:27','sagar_bannikal_098@yahoo.com','2011-07-02 14:24:35',1,'',NULL,315),(52,4,529,3,1302,'',1403,'','',310,NULL,311,530,NULL,NULL,NULL,'2011-07-07 00:37:52','rraniga@uniserve.com','2011-07-07 01:33:52',2,'',NULL,311),(53,4,529,4,1300,'',1402,'','',310,NULL,311,530,NULL,NULL,NULL,'2011-07-07 00:45:17','rraniga@uniserve.com','2011-07-07 00:45:25',1,'',NULL,311),(54,4,566,3,1300,'',1403,'','Send etest email',310,NULL,311,567,NULL,NULL,NULL,'2011-07-13 23:55:42','rraniga@uniserve.com','2011-07-13 23:55:48',1,'',NULL,311),(55,9,345,2,1303,'',1400,'','',343,NULL,555,346,NULL,NULL,NULL,'2011-07-15 06:50:07','patil.anand677@gmail.com','2011-07-15 06:50:14',1,'',NULL,NULL),(56,9,345,1,1300,'\0',1401,'\0','',343,NULL,513,425,NULL,NULL,NULL,'2011-07-19 11:30:29','patil.anand677@gmail.com','2011-07-19 11:44:46',2,'\0',NULL,344),(57,4,566,1,1303,'',1403,'\0','',310,NULL,311,567,NULL,NULL,NULL,'2011-07-28 01:40:00','rraniga@uniserve.com','2011-07-28 01:40:07',1,'',NULL,311),(58,4,566,4,1300,'',1402,'','',310,NULL,311,567,NULL,NULL,NULL,'2011-07-28 01:43:27','rraniga@uniserve.com','2011-07-28 01:43:31',1,'',NULL,311),(59,4,566,4,1300,'',1402,'','',310,NULL,311,567,NULL,NULL,NULL,'2011-07-28 01:43:53','rraniga@uniserve.com','2011-07-28 01:43:59',1,'',NULL,311);
/*!40000 ALTER TABLE `tax_client_practice_info` ENABLE KEYS */;
UNLOCK TABLES;

--
-- Table structure for table `organization_type`
--

DROP TABLE IF EXISTS `organization_type`;
/*!40101 SET @saved_cs_client     = @@character_set_client */;
/*!40101 SET character_set_client = utf8 */;
CREATE TABLE `organization_type` (
  `id` tinyint(4) unsigned NOT NULL AUTO_INCREMENT,
  `type` varchar(50) NOT NULL,
  `active_flag` bit(1) NOT NULL,
  `create_date` datetime NOT NULL,
  `create_user_id` varchar(25) NOT NULL,
  `last_update_user_id` varchar(30) DEFAULT NULL,
  `last_update_date` timestamp NULL DEFAULT NULL,
  `version` int(11) NOT NULL DEFAULT '0',
  PRIMARY KEY (`id`)
) ENGINE=InnoDB AUTO_INCREMENT=7 DEFAULT CHARSET=latin1;
/*!40101 SET character_set_client = @saved_cs_client */;

--
-- Dumping data for table `organization_type`
--

LOCK TABLES `organization_type` WRITE;
/*!40000 ALTER TABLE `organization_type` DISABLE KEYS */;
INSERT INTO `organization_type` VALUES (1,'FIRM','','2010-06-17 21:11:13','system','system','2010-06-18 05:11:23',0),(2,'CLIENT','','2010-06-17 21:11:13','system','system','2010-06-18 05:11:23',0),(3,'BANK','','2010-06-17 21:11:13','system','system','2010-06-18 05:11:23',0),(4,'INSURANCE','','2010-06-17 21:11:13','system','system','2010-06-18 05:11:23',0),(5,'LAW_FIRM','','2010-06-17 21:11:13','system','system','2010-06-18 05:11:23',0),(6,'TRANSFER AGENT','','2010-06-17 21:11:13','system','system','2010-06-18 05:11:23',0);
/*!40000 ALTER TABLE `organization_type` ENABLE KEYS */;
UNLOCK TABLES;

--
-- Table structure for table `task_notification_template`
--

DROP TABLE IF EXISTS `task_notification_template`;
/*!40101 SET @saved_cs_client     = @@character_set_client */;
/*!40101 SET character_set_client = utf8 */;
CREATE TABLE `task_notification_template` (
  `id` bigint(20) unsigned NOT NULL AUTO_INCREMENT,
  `subject` varchar(4000) DEFAULT NULL,
  `body` varchar(4000) DEFAULT NULL,
  `active_flag` bit(1) DEFAULT NULL,
  `create_date` timestamp NULL DEFAULT NULL,
  `create_user_id` varchar(30) DEFAULT NULL,
  `last_update_user_id` varchar(30) DEFAULT NULL,
  `last_update_date` timestamp NULL DEFAULT NULL,
  `version` int(11) DEFAULT NULL,
  `additional_emailId` varchar(400) DEFAULT NULL,
  PRIMARY KEY (`id`)
) ENGINE=InnoDB AUTO_INCREMENT=16 DEFAULT CHARSET=latin1;
/*!40101 SET character_set_client = @saved_cs_client */;

--
-- Dumping data for table `task_notification_template`
--

LOCK TABLES `task_notification_template` WRITE;
/*!40000 ALTER TABLE `task_notification_template` DISABLE KEYS */;
INSERT INTO `task_notification_template` VALUES (1,'Practice Management: Task Reminder for %s of %s','Dear %s,\r\nThe %s has %s due on %s.','','2011-03-19 23:40:39','system',NULL,NULL,1,'srgudi@yahoo.com;keepintouch.bly@gmail.com'),(2,'Practice Management: Task Reminder for %s of %s','Dear %s, \r\nThe %s has %s due on %s.','','2011-03-19 23:30:07','system',NULL,NULL,2,'srgudi@yahoo.com;keepintouch.bly@gmail.com'),(3,'artgrggfdbgd','grgg','\0','2011-04-14 06:15:18','system','patil.anand677@gmail.com','2011-04-14 06:15:38',3,'srgudi@yahoo.com;keepintouch.bly@gmail.com'),(4,'asd!@$@123=-','as@$$D4454=-fsd','','2011-04-14 06:20:28','system','patil.anand677@gmail.com','2011-04-14 06:20:28',1,'srgudi@yahoo.com;keepintouch.bly@gmail.com'),(5,'artgrggfdbgd','hi','','2011-04-14 07:56:40','system','patil.anand677@gmail.com','2011-04-14 07:56:40',1,'srgudi@yahoo.com;keepintouch.bly@gmail.com'),(6,'Employee','Hi','','2011-04-15 07:28:54','system','patil.anand677@gmail.com','2011-04-15 07:28:54',1,'srgudi@yahoo.com;keepintouch.bly@gmail.com'),(7,'Employee','hi','','2011-04-16 10:35:28','system','patil.anand677@gmail.com','2011-04-16 10:35:28',1,'srgudi@yahoo.com;keepintouch.bly@gmail.com'),(8,'Employee','hi','','2011-04-25 06:23:29','system','patil.anand677@gmail.com','2011-04-25 06:23:29',1,'srgudi@yahoo.com;keepintouch.bly@gmail.com'),(9,'Engineer','Hi','','2011-04-30 06:28:22','system','anand@gmail.com','2011-04-30 06:28:22',1,'srgudi@yahoo.com;keepintouch.bly@gmail.com'),(10,'Patil Enterprises','Hello,\r\nThis is patil Enterprises','','2011-05-14 05:30:19','system','patil.anand677@gmail.com','2011-05-14 05:30:19',1,'srgudi@yahoo.com;keepintouch.bly@gmail.com'),(11,'Resume for job openings in Finance or HR','Hi','','2011-05-25 07:59:44','system','patil.anand677@gmail.com','2011-05-25 07:59:44',1,'srgudi@yahoo.com;keepintouch.bly@gmail.com'),(12,'Dail Updates','Hello Anand','\0','2011-05-27 05:15:23','system','patil.anand677@gmail.com','2011-05-27 05:16:03',2,'srgudi@yahoo.com;keepintouch.bly@gmail.com'),(13,'sdfdsfdsfsfggggggggggggggggggggggggggggggggggggggggggggggggggggggggggggggggggggggggggggggggggggggggggggggggggggggggggggggggggggggggggggggggggggggggggg','hghjgvhcgbv nv n','','2011-05-27 06:35:51','system','patil.anand677@gmail.com','2011-05-27 06:35:51',1,'srgudi@yahoo.com;keepintouch.bly@gmail.com'),(14,'Engneer','developer','','2011-06-01 12:10:42','system','sagar_bannikal_098@yahoo.com','2011-06-01 12:10:42',1,'srgudi@yahoo.com;keepintouch.bly@gmail.com'),(15,'task','gjfjfkjfk','','2011-06-28 06:44:50','system','admin@firm.com','2011-06-28 06:44:50',1,'srgudi@yahoo.com;keepintouch.bly@gmail.com');
/*!40000 ALTER TABLE `task_notification_template` ENABLE KEYS */;
UNLOCK TABLES;

--
-- Table structure for table `person`
--

DROP TABLE IF EXISTS `person`;
/*!40101 SET @saved_cs_client     = @@character_set_client */;
/*!40101 SET character_set_client = utf8 */;
CREATE TABLE `person` (
  `party_id` bigint(20) unsigned NOT NULL,
  `first_name` varchar(60) DEFAULT NULL,
  `last_name` varchar(60) DEFAULT NULL,
  `middle_name` varchar(60) DEFAULT NULL,
  `person_identification_number` varchar(50) DEFAULT NULL,
  `date_of_birth` date DEFAULT NULL,
  `person_type` tinyint(3) unsigned DEFAULT NULL,
  `version` int(11) NOT NULL DEFAULT '0',
  `last_update_user_id` varchar(30) DEFAULT NULL,
  `last_update_date` timestamp NULL DEFAULT NULL,
  `username` varchar(255) DEFAULT NULL,
  PRIMARY KEY (`party_id`),
  KEY `fk8c768f554b78cfda` (`party_id`),
  KEY `fk_person_has_a_type` (`person_type`),
  KEY `pk_person_is_of_person_type` (`person_type`),
  CONSTRAINT `fk_person_is_a_party` FOREIGN KEY (`party_id`) REFERENCES `party` (`party_id`),
  CONSTRAINT `pk_person_is_of_person_type` FOREIGN KEY (`person_type`) REFERENCES `person_type` (`id`) ON DELETE NO ACTION ON UPDATE NO ACTION
) ENGINE=InnoDB DEFAULT CHARSET=latin1;
/*!40101 SET character_set_client = @saved_cs_client */;

--
-- Dumping data for table `person`
--

LOCK TABLES `person` WRITE;
/*!40000 ALTER TABLE `person` DISABLE KEYS */;
INSERT INTO `person` VALUES (300,'Sagar','Best',NULL,NULL,'2000-01-01',1,0,NULL,NULL,'admin@firm.com'),(301,'Ady','Vashisth',NULL,NULL,'2011-02-04',1,0,NULL,NULL,NULL),(307,'Gangadhar','Wali',NULL,NULL,'2000-01-01',2,0,NULL,NULL,'bvbwali@yahoo.com'),(309,'JP','Bangalore',NULL,NULL,'1980-01-01',2,0,NULL,NULL,'jp1@telus.net'),(311,'Rajesh','Raniga',NULL,NULL,'1980-01-01',2,0,NULL,NULL,'rraniga@uniserve.com'),(313,'Aditya','Vashisth',NULL,NULL,'1980-01-01',2,0,NULL,NULL,'adityavashisht@yahoo.com'),(315,'Sagar','Bannikal',NULL,NULL,'1980-01-01',2,0,NULL,NULL,'sagar_bannikal_098@yahoo.com'),(317,'Savitri','Panchamanavar',NULL,NULL,'1989-01-01',2,0,NULL,NULL,'savitrisp@gmail.com'),(322,'Sue','Treen',NULL,NULL,'2001-02-01',1,0,NULL,NULL,NULL),(323,'Rohit','K',NULL,NULL,'2011-02-04',1,0,NULL,NULL,'rohit@yahoo.com'),(324,'Rajesh','Raniga',NULL,NULL,'2011-02-02',2,0,NULL,NULL,NULL),(325,'Rajesh','Raniga',NULL,NULL,'2011-02-02',2,0,NULL,NULL,NULL),(326,'Rajesh','Raniga',NULL,NULL,'2011-02-02',2,0,NULL,NULL,NULL),(333,'Shrinivas','Gudi',NULL,NULL,'1980-01-01',2,0,NULL,NULL,'srgudi@yahoo.com'),(335,'Narayana','Murthy',NULL,NULL,'2011-02-10',1,0,NULL,NULL,NULL),(336,'Ady','Sharma',NULL,NULL,'2011-02-01',1,0,NULL,NULL,'ady@yahoo.com'),(337,'Roshan','Reddy',NULL,NULL,'1998-05-06',1,0,NULL,NULL,NULL),(338,'Rajeshker','Reddy',NULL,NULL,'2011-02-14',1,0,NULL,NULL,NULL),(339,'Prashanth','Keni',NULL,NULL,'2011-02-03',1,0,NULL,NULL,'prashanth@gmail.com'),(342,'John','Mahony',NULL,NULL,'2011-02-17',1,0,NULL,NULL,NULL),(344,'Anand','Patil',NULL,NULL,'2011-06-01',2,0,NULL,NULL,'patil.anand677@gmail.com'),(346,'sanjeev','B',NULL,NULL,'2011-05-19',1,0,'patil.anand677@gmail.com','2011-05-29 11:25:55',NULL),(347,'sagar','p',NULL,NULL,'2011-05-18',1,0,'patil.anand677@gmail.com','2011-05-23 04:21:12',NULL),(348,'madival','sanglad',NULL,NULL,'2011-03-11',1,0,NULL,NULL,NULL),(355,'ajay','gouda',NULL,NULL,'2011-02-02',1,0,NULL,NULL,NULL),(358,'Ram','Kumar',NULL,NULL,'1971-02-10',1,0,NULL,NULL,NULL),(359,'Vasu','Murthy',NULL,NULL,'1974-02-13',1,0,NULL,NULL,NULL),(362,'deepu','Rajputh',NULL,NULL,'2011-02-02',1,0,NULL,NULL,'deepu@yahoo.com'),(363,'deepu','Rajputh',NULL,NULL,'2011-02-02',1,0,NULL,NULL,NULL),(364,'deepu','Rajputh',NULL,NULL,'2011-02-02',1,0,NULL,NULL,NULL),(365,'anil','patil',NULL,NULL,'2011-02-07',2,0,NULL,NULL,'anil$@gmail.com'),(366,'manju','sanglad',NULL,NULL,'2011-02-07',1,0,NULL,NULL,'manju@gmail.com'),(368,'veeresh','Talloli',NULL,NULL,'2011-02-03',1,0,NULL,NULL,NULL),(369,'rajesh','pandith',NULL,NULL,'2011-02-11',1,0,NULL,NULL,NULL),(371,'basu','pujer',NULL,NULL,'2011-02-02',1,0,NULL,NULL,NULL),(372,'Bhanu','',NULL,NULL,'2011-03-10',1,0,NULL,NULL,NULL),(373,'sanjeev','B',NULL,NULL,'2011-05-12',1,0,'patil.anand677@gmail.com','2011-05-25 10:26:34',NULL),(374,'Bhanu','',NULL,NULL,'2011-02-03',1,0,NULL,NULL,NULL),(375,'raju','sanglad',NULL,NULL,'2011-02-10',1,0,NULL,NULL,NULL),(376,'roy','Rajputh',NULL,NULL,'2011-02-02',1,0,NULL,NULL,NULL),(379,'raju','sanglad',NULL,NULL,'2011-02-03',2,0,NULL,NULL,'raju@gmail.com'),(381,'raju','',NULL,NULL,'2011-02-02',1,0,NULL,NULL,NULL),(383,'sagar','patil',NULL,NULL,'2011-02-02',1,0,NULL,NULL,NULL),(384,'sandeep','',NULL,NULL,'2011-02-02',2,0,NULL,NULL,NULL),(385,'madival','',NULL,NULL,'2011-02-03',1,0,NULL,NULL,NULL),(386,'sandeep','sanglad',NULL,NULL,'2011-02-01',1,0,NULL,NULL,NULL),(387,'sandeep','sanglad',NULL,NULL,'2011-02-12',1,0,NULL,NULL,'sandeep@gmail.com'),(390,'raju','',NULL,NULL,'2011-02-09',1,0,NULL,NULL,NULL),(391,'raju','',NULL,NULL,'2011-02-09',1,0,NULL,NULL,'deepu#yahoo.com'),(392,'raju','Rajputh',NULL,NULL,'2011-02-10',1,0,NULL,NULL,NULL),(393,'sandeep','',NULL,NULL,'2011-02-02',1,0,NULL,NULL,NULL),(394,'sandeep','patil',NULL,NULL,'2011-02-10',1,0,NULL,NULL,NULL),(395,'sandeep','patil',NULL,NULL,'2011-02-10',1,0,NULL,NULL,NULL),(396,'sandeep','patil',NULL,NULL,'2011-02-10',1,0,NULL,NULL,'deepu1@yahoo.com'),(398,'madival','',NULL,NULL,'2011-02-03',1,0,NULL,NULL,NULL),(399,'145@#$%ada','ds@#$1452',NULL,NULL,'2011-02-03',1,0,NULL,NULL,NULL),(402,'145@#$%ada','@$@$dff123',NULL,NULL,'2011-02-08',1,0,NULL,NULL,NULL),(403,'SagarsagaRSagarsagaRSagarsagaRSagarsagaR','k',NULL,NULL,'2011-02-16',1,0,'sagar_bannikal_098@yahoo.com','2011-04-15 12:20:06',NULL),(405,'44543@$@fg','1324SFS@$45',NULL,NULL,'2011-02-01',1,0,NULL,NULL,NULL),(406,'1317asd@#$','@$@$dff123',NULL,NULL,'2011-02-03',1,0,NULL,NULL,NULL),(415,'133413413','1313131',NULL,NULL,'2011-03-09',1,0,NULL,NULL,NULL),(416,'Tanveer  aaaaaaaaaaaaaaaaaaaaaaaaaaaaaaaaaaaaa','k',NULL,NULL,'2011-01-01',1,0,'sagar_bannikal_098@yahoo.com','2011-07-02 11:13:27',NULL),(417,'Shanti','',NULL,NULL,'2011-02-08',1,0,NULL,NULL,NULL),(420,'Shanti','',NULL,NULL,'2011-03-08',1,0,NULL,NULL,'tanveer@gamil.om'),(421,'Preety','',NULL,NULL,'2011-02-08',1,0,NULL,NULL,'preety@gmail.com'),(423,'1317asd@#$','@$@$dff123',NULL,NULL,'2011-03-16',1,0,NULL,NULL,NULL),(425,'paru','patil',NULL,NULL,'2011-03-18',1,0,NULL,NULL,NULL),(426,'raju','sanglad',NULL,NULL,'2011-03-10',1,0,NULL,NULL,NULL),(427,'sandeep','Rajputh',NULL,NULL,'2011-03-18',1,0,NULL,NULL,NULL),(428,'sandeep','patil',NULL,NULL,'2011-03-09',1,0,NULL,NULL,NULL),(429,'sandeep','patil',NULL,NULL,'2011-03-11',1,0,NULL,NULL,NULL),(430,'Anand','Patil',NULL,NULL,'1986-06-01',1,0,NULL,NULL,'anand@gmail.com'),(432,'sagar','patil',NULL,NULL,'2011-03-09',1,0,NULL,NULL,NULL),(433,'hfdhh','bxbfc',NULL,NULL,'2011-04-12',1,0,NULL,NULL,NULL),(434,'hfdhh','bxbfc',NULL,NULL,'2011-04-12',1,0,NULL,NULL,NULL),(436,'manju','patil',NULL,NULL,'2011-04-03',1,0,NULL,NULL,NULL),(437,'Rajesh','p',NULL,NULL,'2011-05-29',1,0,'patil.anand677@gmail.com','2011-05-29 13:34:10',NULL),(439,'manjU','Gouda',NULL,NULL,'2011-04-07',1,0,NULL,NULL,NULL),(440,'umesh','patil',NULL,NULL,'2011-04-07',1,0,NULL,NULL,NULL),(441,'raju','patil',NULL,NULL,'2011-04-07',1,0,NULL,NULL,NULL),(442,'sagar','patil',NULL,NULL,'2011-04-07',1,0,'patil.anand677@gmail.com','2011-04-16 11:15:04','aa@rt.com'),(445,'sandeepfdgggggggggggggggggggggg','patilgd',NULL,NULL,'2011-04-15',1,0,NULL,NULL,NULL),(446,'sandeepfdgggggggggggggggggggggg','patil',NULL,NULL,'2011-04-15',1,0,NULL,NULL,NULL),(447,'sandeep','patilqwertyuioplkjhgfdsazxcvbnmlkjhgfdsat',NULL,NULL,'2011-04-15',1,0,NULL,NULL,NULL),(449,'PreetyPreetyPreetyPreetyPreetyPreetyPreety','Gouda',NULL,NULL,'2011-04-15',1,0,NULL,NULL,NULL),(457,'Shanti','William',NULL,NULL,'2011-04-01',1,0,'anand@gmail.com','2011-04-12 07:55:50',NULL),(472,'anand','patil',NULL,NULL,'2011-04-14',2,0,'patil.anand677@gmail.com','2011-04-14 05:23:05',NULL),(474,'anand','patil',NULL,NULL,'2011-04-12',1,0,'patil.anand677@gmail.com','2011-04-14 05:50:05','patil.sd@gmail.com'),(476,'anand','patil',NULL,NULL,'2011-04-12',1,0,'patil.anand677@gmail.com','2011-04-14 06:09:09',NULL),(482,'anandanand','patil',NULL,NULL,'2011-04-14',1,0,'patil.anand677@gmail.com','2011-04-15 12:11:36',NULL),(483,'anandanandanandanandanandanandanandanandan','patil',NULL,NULL,'2011-04-14',1,0,'patil.anand677@gmail.com','2011-04-15 12:49:57',NULL),(485,'anand','patil',NULL,NULL,'2011-04-16',1,0,'patil.anand677@gmail.com','2011-04-16 05:51:55',NULL),(486,'anand','patil',NULL,NULL,'2011-04-16',1,0,'patil.anand677@gmail.com','2011-04-16 05:54:47',NULL),(487,'sagar','p',NULL,NULL,'2011-04-16',1,0,'patil.anand677@gmail.com','2011-04-16 06:47:35','sagar@gmail.com'),(489,'anand','patil',NULL,NULL,'2011-04-15',1,0,'patil.anand677@gmail.com','2011-04-16 11:10:08',NULL),(490,'Manju','Rajput',NULL,NULL,'2011-04-14',1,0,'patil.anand677@gmail.com','2011-04-16 11:28:49',NULL),(491,'Manju','Rajput',NULL,NULL,'2011-04-14',1,0,'patil.anand677@gmail.com','2011-04-16 11:31:27',NULL),(492,'Manju','Rajput',NULL,NULL,'2011-04-14',1,0,'patil.anand677@gmail.com','2011-04-16 11:45:18',NULL),(494,'anand','patil',NULL,NULL,'2011-04-18',2,0,'patil.anand677@gmail.com','2011-04-18 10:26:18',NULL),(495,'anand','patil',NULL,NULL,'2011-04-18',2,0,'patil.anand677@gmail.com','2011-04-18 10:27:02',NULL),(496,'anand','patil',NULL,NULL,'2011-04-13',1,0,'patil.anand677@gmail.com','2011-04-19 05:13:33','as@gmail.com'),(499,'anand','patil',NULL,NULL,'2011-04-07',1,0,'patil.anand677@gmail.com','2011-04-25 12:56:54',NULL),(513,'sanjeev','B',NULL,NULL,'2011-05-18',1,0,'patil.anand677@gmail.com','2011-05-25 09:31:37',NULL),(514,'sanjeev','B',NULL,NULL,'2011-05-18',2,0,'patil.anand677@gmail.com','2011-05-25 09:37:48',NULL),(515,'anandanandanandanandanandanandanandanandanandwqw','p',NULL,NULL,'2011-05-17',1,0,'patil.anand677@gmail.com','2011-05-27 06:48:16',NULL),(521,'Anil','Patil',NULL,NULL,'2011-06-01',1,0,'patil.anand677@gmail.com','2011-06-06 07:45:53',NULL),(522,'sagar','p',NULL,NULL,'2011-06-06',1,0,'patil.anand677@gmail.com','2011-06-06 10:07:15',NULL),(523,'Anil','B',NULL,NULL,'2011-06-06',1,0,'patil.anand677@gmail.com','2011-06-06 10:30:31',NULL),(525,'sanjeev','Patil',NULL,NULL,'2011-06-04',1,0,'patil.anand677@gmail.com','2011-06-06 11:43:38',NULL),(526,'manju','g',NULL,NULL,'2011-06-05',2,0,'patil.anand677@gmail.com','2011-06-06 11:47:24',NULL),(528,'Anil','B',NULL,NULL,'2011-06-07',1,0,'patil.anand677@gmail.com','2011-06-08 07:32:18',NULL),(530,'John ','McDonald',NULL,NULL,'1961-06-01',1,0,'rraniga@uniserve.com','2011-06-09 01:49:17',NULL),(531,'anand','Patil',NULL,NULL,'2011-06-11',1,0,'patil.anand677@gmail.com','2011-06-11 14:06:30','anil@gmail.com'),(532,'Anil','Patil',NULL,NULL,'2011-06-01',1,0,'patil.anand677@gmail.com','2011-06-13 12:48:35',NULL),(533,'Apoorva','D',NULL,NULL,'2011-06-08',1,0,'patil.anand677@gmail.com','2011-06-13 13:21:12',NULL),(534,'shivu','D',NULL,NULL,'2011-06-01',1,0,'patil.anand677@gmail.com','2011-06-14 10:45:02',NULL),(536,'apoorva','dhanvanthri',NULL,NULL,'1985-03-13',1,0,'admin@firm.com','2011-06-21 07:06:56',NULL),(537,'apoorvada','dhanvanthri',NULL,NULL,'2011-06-13',1,0,'admin@firm.com','2011-06-21 07:08:07',NULL),(538,'anand','Patil',NULL,NULL,'2011-02-10',2,0,'patil.anand677@gmail.com','2011-06-21 13:35:00',NULL),(539,'Anil','Patil',NULL,NULL,'2011-06-15',1,0,'patil.anand677@gmail.com','2011-06-24 11:43:19',NULL),(552,'Anil','Patil',NULL,NULL,'2011-06-10',1,0,'patil.anand677@gmail.com','2011-06-28 13:14:14',NULL),(553,'saaaaaaaaaa','Chavan',NULL,NULL,'2011-06-08',1,0,'sagar_bannikal_098@yahoo.com','2011-06-28 13:23:00',NULL),(554,'reta','Chavan',NULL,NULL,'2011-03-11',1,0,'sagar_bannikal_098@yahoo.com','2011-06-30 06:24:55',NULL),(555,'sourabh','p',NULL,NULL,'2011-06-08',1,0,'patil.anand677@gmail.com','2011-06-30 10:39:36',NULL),(557,'umesh','Patil',NULL,NULL,'2011-06-24',1,0,'patil.anand677@gmail.com','2011-06-30 11:22:57',NULL),(558,'Jonn','Spare',NULL,NULL,'2011-07-04',1,0,'admin@firm.com','2011-07-01 06:40:45',NULL),(560,'vijay','T',NULL,NULL,'2011-07-06',2,0,'anand@gmail.com','2011-07-03 06:34:03',NULL),(561,'santhosh','patil',NULL,NULL,'2011-07-06',1,0,'anand@gmail.com','2011-07-03 06:53:58',NULL),(562,'staff of SAI lmt','Chavan',NULL,NULL,'2011-07-06',1,0,'sagar_bannikal_098@yahoo.com','2011-07-03 07:10:14',NULL),(564,'Anil','Patil',NULL,NULL,'2011-07-06',1,0,'patil.anand677@gmail.com','2011-07-07 11:41:56',NULL),(567,'Yvonne','Wong',NULL,NULL,'2011-07-01',1,0,'rraniga@uniserve.com','2011-07-13 21:46:08',NULL),(568,'anandanandanandanandanandanandanandanan','p',NULL,NULL,'2011-06-06',1,0,'patil.anand677@gmail.com','2011-07-17 12:54:11',NULL),(569,'apoorva','dhanvantri',NULL,NULL,'2011-06-01',1,0,'sagar_bannikal_098@yahoo.com','2011-07-18 13:00:33','apoorvada@yahoo.com'),(570,'anand','p',NULL,NULL,'2011-06-06',1,0,'patil.anand677@gmail.com','2011-07-18 13:21:34','aa@gmail.com'),(571,'Apoorva','dhanvanthri',NULL,NULL,'2011-06-06',1,0,'apoorvada@yahoo.com','2011-07-19 07:04:44','apoorvada123@yahoo.com'),(572,'anand','Gouda',NULL,NULL,'2011-07-01',1,0,'patil.anand677@gmail.com','2011-07-19 11:53:25','ap@gmail.com'),(574,'manju','G',NULL,NULL,'2011-07-01',1,0,'patil.anand677@gmail.com','2011-07-22 09:16:50','ma@gmail.com'),(578,'Raju','B',NULL,NULL,'2011-08-17',1,0,'patil.anand677@gmail.com','2011-07-29 09:51:29',NULL);
/*!40000 ALTER TABLE `person` ENABLE KEYS */;
UNLOCK TABLES;

--
-- Table structure for table `person_details`
--

DROP TABLE IF EXISTS `person_details`;
/*!40101 SET @saved_cs_client     = @@character_set_client */;
/*!40101 SET character_set_client = utf8 */;
CREATE TABLE `person_details` (
  `id` bigint(20) unsigned NOT NULL AUTO_INCREMENT,
  `job_title` varchar(100) DEFAULT NULL,
  `job_title_code` bigint(20) unsigned DEFAULT NULL,
  `department_name` varchar(100) DEFAULT NULL,
  `department_code` bigint(20) unsigned DEFAULT NULL,
  `no_of_shares_owned` bigint(20) DEFAULT NULL,
  `annual_compensation` varchar(25) DEFAULT NULL,
  `comittee` varchar(25) DEFAULT NULL,
  `is_director` bit(1) DEFAULT NULL,
  `version` int(11) NOT NULL DEFAULT '0',
  `last_update_user_id` varchar(30) DEFAULT NULL,
  `last_update_date` timestamp NULL DEFAULT NULL,
  `create_user_id` varchar(30) DEFAULT NULL,
  `create_date` timestamp NULL DEFAULT NULL,
  `party_id` bigint(20) unsigned DEFAULT NULL,
  `active_flag` bit(1) DEFAULT NULL,
  `type_of_share` bigint(20) unsigned DEFAULT NULL,
  `is_staff` bit(1) DEFAULT NULL,
  PRIMARY KEY (`id`),
  KEY `fk_person_details_is_for_person` (`party_id`),
  KEY `fk_person_details_has_job_title_code` (`job_title_code`),
  KEY `fk_person_details_has_department_code` (`department_code`),
  CONSTRAINT `fk_person_details_has_department_code` FOREIGN KEY (`department_code`) REFERENCES `code` (`id`),
  CONSTRAINT `fk_person_details_has_job_title_code` FOREIGN KEY (`job_title_code`) REFERENCES `code` (`id`),
  CONSTRAINT `fk_person_details_is_for_person` FOREIGN KEY (`party_id`) REFERENCES `person` (`party_id`)
) ENGINE=InnoDB AUTO_INCREMENT=169 DEFAULT CHARSET=latin1;
/*!40101 SET character_set_client = @saved_cs_client */;

--
-- Dumping data for table `person_details`
--

LOCK TABLES `person_details` WRITE;
/*!40000 ALTER TABLE `person_details` DISABLE KEYS */;
INSERT INTO `person_details` VALUES (31,NULL,1474,NULL,NULL,NULL,'10000000','Audit',NULL,1,NULL,NULL,NULL,'2011-02-02 06:56:59',300,'',NULL,NULL),(32,NULL,101,NULL,NULL,NULL,'1000000','Audit',NULL,0,NULL,NULL,NULL,'2011-02-03 03:55:21',301,'',NULL,NULL),(33,NULL,101,NULL,NULL,NULL,'10000000','Audit',NULL,0,NULL,NULL,NULL,'2011-02-04 01:29:09',307,'',NULL,NULL),(34,NULL,101,NULL,NULL,NULL,'1000000000','Management',NULL,0,NULL,NULL,NULL,'2011-02-04 02:55:55',309,'',NULL,NULL),(35,NULL,1472,NULL,NULL,NULL,'1000000000','Management',NULL,2,'rraniga@uniserve.com','2011-05-24 03:08:14',NULL,'2011-02-04 03:01:55',311,'',NULL,NULL),(36,NULL,101,NULL,NULL,NULL,'1000000000','Management',NULL,0,NULL,NULL,NULL,'2011-02-04 03:05:11',313,'',NULL,NULL),(37,NULL,103,NULL,NULL,NULL,'1000000','Accounting',NULL,0,NULL,NULL,NULL,'2011-02-04 03:08:38',315,'',NULL,NULL),(38,NULL,103,NULL,NULL,NULL,'1000000','Accounting',NULL,0,NULL,NULL,NULL,'2011-02-04 03:12:23',317,'',NULL,NULL),(39,NULL,106,NULL,NULL,200000,'1000000','Audit',NULL,1,NULL,NULL,NULL,'2011-02-08 05:51:42',322,'',1200,''),(40,NULL,104,NULL,NULL,NULL,NULL,NULL,NULL,0,NULL,NULL,NULL,'2011-02-08 14:38:56',323,'',NULL,NULL),(41,NULL,107,NULL,NULL,NULL,NULL,NULL,NULL,0,NULL,NULL,NULL,'2011-02-09 02:54:15',324,'',NULL,NULL),(42,NULL,107,NULL,NULL,NULL,NULL,NULL,NULL,0,NULL,NULL,NULL,'2011-02-09 02:54:16',325,'',NULL,NULL),(43,NULL,107,NULL,NULL,NULL,NULL,NULL,NULL,0,NULL,NULL,NULL,'2011-02-09 02:54:16',326,'',NULL,NULL),(44,NULL,103,NULL,NULL,NULL,NULL,NULL,NULL,0,NULL,NULL,NULL,'2011-02-09 06:55:40',333,'',NULL,NULL),(45,NULL,103,NULL,NULL,NULL,'1000000','audit',NULL,0,NULL,NULL,NULL,'2011-02-09 07:03:56',335,'',NULL,NULL),(46,NULL,103,NULL,NULL,NULL,NULL,NULL,NULL,0,NULL,NULL,NULL,'2011-02-09 07:04:53',336,'',NULL,NULL),(47,NULL,107,NULL,NULL,NULL,'200000','Audit',NULL,0,NULL,NULL,NULL,'2011-02-10 06:41:01',337,'',NULL,NULL),(48,NULL,102,NULL,NULL,200,'200000','Audit',NULL,1,NULL,NULL,NULL,'2011-02-10 06:47:56',338,'',1200,''),(49,NULL,103,NULL,NULL,NULL,NULL,NULL,NULL,0,NULL,NULL,NULL,'2011-02-10 06:49:46',339,'',NULL,NULL),(50,NULL,1476,NULL,NULL,NULL,NULL,NULL,NULL,0,NULL,NULL,NULL,'2011-02-15 04:46:31',342,'',NULL,NULL),(51,NULL,101,NULL,NULL,NULL,NULL,NULL,NULL,0,NULL,NULL,NULL,'2011-02-15 07:00:03',344,'',NULL,NULL),(52,NULL,106,NULL,NULL,20,'50000','456344',NULL,11,'patil.anand677@gmail.com','2011-07-29 10:45:11',NULL,'2011-02-15 07:49:52',346,'',1200,''),(53,NULL,107,NULL,NULL,3,'50000','patil Enterprises',NULL,8,'patil.anand677@gmail.com','2011-05-23 04:21:12',NULL,'2011-02-15 08:20:45',347,'',1202,NULL),(54,NULL,108,NULL,NULL,23125156,'45000','sales',NULL,4,NULL,NULL,NULL,'2011-02-15 09:09:30',348,'',1201,''),(55,NULL,1473,NULL,NULL,NULL,NULL,NULL,NULL,0,NULL,NULL,NULL,'2011-02-15 11:39:23',355,'',NULL,NULL),(56,NULL,103,NULL,NULL,NULL,'1000000','Audit',NULL,0,NULL,NULL,NULL,'2011-02-16 04:13:17',358,'',NULL,NULL),(57,NULL,1475,NULL,NULL,NULL,NULL,NULL,NULL,0,NULL,NULL,NULL,'2011-02-16 04:34:38',359,'',NULL,NULL),(58,NULL,110,NULL,NULL,NULL,NULL,NULL,NULL,0,NULL,NULL,NULL,'2011-02-16 06:14:10',362,'',NULL,NULL),(59,NULL,110,NULL,NULL,NULL,NULL,NULL,NULL,0,NULL,NULL,NULL,'2011-02-16 06:19:57',363,'',NULL,NULL),(60,NULL,110,NULL,NULL,NULL,NULL,NULL,NULL,0,NULL,NULL,NULL,'2011-02-16 06:21:26',364,'',NULL,NULL),(61,NULL,103,NULL,NULL,NULL,NULL,NULL,NULL,0,NULL,NULL,NULL,'2011-02-16 06:33:50',365,'',NULL,NULL),(62,NULL,107,NULL,NULL,NULL,NULL,NULL,NULL,0,NULL,NULL,NULL,'2011-02-16 06:43:56',366,'',NULL,NULL),(63,NULL,111,NULL,NULL,5,'500000','SBI Group',NULL,1,NULL,NULL,NULL,'2011-02-16 10:01:39',368,'',1201,''),(64,NULL,107,NULL,NULL,3,'200000','Accountant',NULL,1,NULL,NULL,NULL,'2011-02-16 10:06:29',369,'',1200,''),(65,NULL,108,NULL,NULL,5,'75000','group manager',NULL,3,'patil.anand677@gmail.com','2011-06-13 13:45:04',NULL,'2011-02-16 13:28:43',371,'',1200,''),(66,NULL,103,NULL,NULL,23125156,'200000','Accountant',NULL,1,NULL,NULL,NULL,'2011-02-17 07:26:19',372,'',1202,''),(67,NULL,1488,NULL,NULL,3,'50000','banking group',NULL,4,'patil.anand677@gmail.com','2011-05-25 10:26:34',NULL,'2011-02-17 11:16:25',373,'',1200,NULL),(68,NULL,1473,NULL,NULL,NULL,NULL,NULL,NULL,0,NULL,NULL,NULL,'2011-02-17 12:54:10',374,'',NULL,NULL),(69,NULL,1477,NULL,NULL,NULL,NULL,NULL,NULL,0,NULL,NULL,NULL,'2011-02-17 13:11:41',375,'',NULL,NULL),(70,NULL,1474,NULL,NULL,NULL,NULL,NULL,NULL,0,NULL,NULL,NULL,'2011-02-18 06:31:17',376,'',NULL,NULL),(71,NULL,103,NULL,NULL,NULL,NULL,NULL,NULL,0,NULL,NULL,NULL,'2011-02-18 12:17:55',379,'',NULL,NULL),(72,NULL,102,NULL,NULL,NULL,'50000','group manager',NULL,0,NULL,NULL,NULL,'2011-02-19 07:16:55',381,'',NULL,NULL),(73,NULL,1473,NULL,NULL,NULL,NULL,NULL,NULL,0,NULL,NULL,NULL,'2011-02-21 08:46:56',383,'',NULL,NULL),(74,NULL,1473,NULL,NULL,NULL,NULL,NULL,NULL,0,NULL,NULL,NULL,'2011-02-21 08:53:47',384,'',NULL,NULL),(75,NULL,1473,NULL,NULL,NULL,NULL,NULL,NULL,0,NULL,NULL,NULL,'2011-02-21 09:03:42',385,'',NULL,NULL),(76,NULL,101,NULL,NULL,NULL,NULL,NULL,NULL,0,NULL,NULL,NULL,'2011-02-21 09:58:12',386,'',NULL,NULL),(77,NULL,101,NULL,NULL,NULL,NULL,NULL,NULL,0,NULL,NULL,NULL,'2011-02-21 09:59:21',387,'',NULL,NULL),(78,NULL,103,NULL,NULL,NULL,NULL,NULL,NULL,0,NULL,NULL,NULL,'2011-02-21 10:28:39',390,'',NULL,NULL),(79,NULL,103,NULL,NULL,NULL,NULL,NULL,NULL,0,NULL,NULL,NULL,'2011-02-21 10:30:16',391,'',NULL,NULL),(80,NULL,103,NULL,NULL,NULL,NULL,NULL,NULL,0,NULL,NULL,NULL,'2011-02-21 10:34:27',392,'',NULL,NULL),(81,NULL,103,NULL,NULL,NULL,NULL,NULL,NULL,0,NULL,NULL,NULL,'2011-02-21 10:57:39',393,'',NULL,NULL),(82,NULL,101,NULL,NULL,NULL,NULL,NULL,NULL,0,NULL,NULL,NULL,'2011-02-21 11:21:54',394,'',NULL,NULL),(83,NULL,101,NULL,NULL,NULL,NULL,NULL,NULL,0,NULL,NULL,NULL,'2011-02-21 11:23:34',395,'',NULL,NULL),(84,NULL,101,NULL,NULL,NULL,NULL,NULL,NULL,0,NULL,NULL,NULL,'2011-02-21 11:24:40',396,'',NULL,NULL),(85,NULL,101,NULL,NULL,124,'50000','Accountant',NULL,1,NULL,NULL,NULL,'2011-02-23 12:39:56',398,'',1200,''),(86,NULL,102,NULL,NULL,6,'14255','sd#$#$1254',NULL,1,NULL,NULL,NULL,'2011-02-23 13:15:11',399,'',1201,''),(87,NULL,102,NULL,NULL,NULL,'1244','sa131@$@',NULL,0,NULL,NULL,NULL,'2011-02-24 11:18:17',402,'',NULL,NULL),(88,NULL,1472,NULL,NULL,NULL,NULL,NULL,NULL,0,NULL,NULL,NULL,'2011-02-25 05:27:47',403,'',NULL,NULL),(89,NULL,1472,NULL,NULL,NULL,NULL,NULL,NULL,0,NULL,NULL,NULL,'2011-02-27 07:21:41',405,'',NULL,NULL),(90,NULL,1475,NULL,NULL,NULL,NULL,NULL,NULL,0,NULL,NULL,NULL,'2011-02-28 13:06:47',406,'',NULL,NULL),(91,NULL,1474,NULL,NULL,NULL,NULL,NULL,NULL,0,NULL,NULL,NULL,'2011-03-01 13:41:25',415,'',NULL,NULL),(92,NULL,101,NULL,NULL,22,'20000','audit',NULL,1,NULL,NULL,NULL,'2011-03-01 13:53:43',416,'',1201,''),(93,NULL,1473,NULL,NULL,NULL,NULL,NULL,NULL,0,NULL,NULL,NULL,'2011-03-01 14:02:16',417,'',NULL,NULL),(94,NULL,103,NULL,NULL,NULL,NULL,NULL,NULL,0,NULL,NULL,NULL,'2011-03-01 14:07:54',420,'',NULL,NULL),(95,NULL,104,NULL,NULL,NULL,NULL,NULL,NULL,0,NULL,NULL,NULL,'2011-03-02 03:57:09',421,'',NULL,NULL),(96,NULL,103,NULL,NULL,NULL,'313','sd#$#$1254',NULL,0,NULL,NULL,NULL,'2011-03-02 06:06:35',423,'',NULL,NULL),(97,NULL,106,NULL,NULL,2,'124','Accountant',NULL,1,NULL,NULL,NULL,'2011-03-08 13:07:57',425,'',1200,''),(98,NULL,105,NULL,NULL,NULL,'75000','Accountant',NULL,0,NULL,NULL,NULL,'2011-03-08 13:26:51',426,'',NULL,NULL),(99,NULL,102,NULL,NULL,NULL,'145233','Accountant',NULL,0,NULL,NULL,NULL,'2011-03-08 13:57:59',427,'',NULL,NULL),(100,NULL,103,NULL,NULL,NULL,'50000','Accountant',NULL,0,NULL,NULL,NULL,'2011-03-10 05:52:58',428,'',NULL,NULL),(101,NULL,102,NULL,NULL,NULL,'500000','Accountant',NULL,0,NULL,NULL,NULL,'2011-03-10 05:55:59',429,'',NULL,NULL),(102,NULL,106,NULL,NULL,NULL,NULL,NULL,NULL,0,NULL,NULL,NULL,'2011-03-11 05:17:10',430,'',NULL,NULL),(103,NULL,107,NULL,NULL,3,'50000','agggghh',NULL,1,NULL,NULL,NULL,'2011-03-11 06:12:08',432,'',1201,''),(104,NULL,101,NULL,NULL,2,'50000','fdcxf',NULL,1,NULL,NULL,NULL,'2011-04-03 09:06:27',433,'',1202,''),(105,NULL,101,NULL,NULL,NULL,'50000','fdcxf',NULL,0,NULL,NULL,NULL,'2011-04-03 09:06:31',434,'',NULL,NULL),(106,NULL,104,NULL,NULL,NULL,'50000','audit',NULL,0,NULL,NULL,NULL,'2011-04-03 13:14:17',436,'',NULL,NULL),(107,NULL,104,NULL,NULL,5,'60000','audit',NULL,2,'patil.anand677@gmail.com','2011-05-29 13:34:10',NULL,'2011-04-03 13:33:02',437,'',1202,NULL),(108,NULL,106,NULL,NULL,10,'50000','banking group',NULL,1,NULL,NULL,NULL,'2011-04-04 07:12:57',439,'',1200,''),(109,NULL,111,NULL,NULL,NULL,'75000','Accountant',NULL,0,NULL,NULL,NULL,'2011-04-04 07:20:58',440,'',NULL,NULL),(110,NULL,1476,NULL,NULL,NULL,NULL,NULL,NULL,0,NULL,NULL,NULL,'2011-04-05 12:59:03',441,'',NULL,NULL),(111,NULL,111,NULL,NULL,NULL,NULL,NULL,NULL,0,NULL,NULL,NULL,'2011-04-06 07:38:55',442,'',NULL,NULL),(112,NULL,107,NULL,NULL,NULL,'45000','Accountant',NULL,0,NULL,NULL,NULL,'2011-04-06 11:43:12',445,'',NULL,NULL),(113,NULL,107,NULL,NULL,NULL,'50000','Accountantasdfgfghjk',NULL,2,NULL,NULL,NULL,'2011-04-06 11:45:40',446,'',NULL,NULL),(114,NULL,1472,NULL,NULL,NULL,NULL,NULL,NULL,0,NULL,NULL,NULL,'2011-04-07 10:34:29',447,'',NULL,NULL),(115,NULL,101,NULL,NULL,699,'30000','audit',NULL,1,NULL,NULL,NULL,'2011-04-10 09:37:19',449,'',1200,''),(116,NULL,1473,NULL,NULL,NULL,NULL,NULL,NULL,2,'anand@gmail.com','2011-04-12 07:55:50',NULL,'2011-04-12 07:55:47',457,'',NULL,NULL),(117,NULL,1474,NULL,NULL,NULL,NULL,NULL,NULL,2,'patil.anand677@gmail.com','2011-04-14 05:23:05',NULL,'2011-04-14 05:22:59',472,'',NULL,NULL),(118,NULL,102,NULL,NULL,NULL,NULL,NULL,NULL,2,'patil.anand677@gmail.com','2011-04-14 05:50:05',NULL,'2011-04-14 05:50:00',474,'',NULL,NULL),(119,NULL,1472,NULL,NULL,NULL,NULL,NULL,NULL,2,'patil.anand677@gmail.com','2011-04-14 06:08:43',NULL,'2011-04-14 06:08:38',476,'',NULL,NULL),(120,NULL,1473,NULL,NULL,NULL,NULL,NULL,NULL,2,'patil.anand677@gmail.com','2011-04-15 12:10:43',NULL,'2011-04-15 12:10:37',482,'',NULL,NULL),(121,NULL,1474,NULL,NULL,NULL,NULL,NULL,NULL,2,'patil.anand677@gmail.com','2011-04-15 12:49:37',NULL,'2011-04-15 12:49:32',483,'',NULL,NULL),(122,NULL,102,NULL,NULL,NULL,NULL,NULL,NULL,2,'patil.anand677@gmail.com','2011-04-16 05:51:55',NULL,'2011-04-16 05:51:51',485,'',NULL,NULL),(123,NULL,102,NULL,NULL,NULL,NULL,NULL,NULL,2,'patil.anand677@gmail.com','2011-04-16 05:54:47',NULL,'2011-04-16 05:54:44',486,'',NULL,NULL),(124,NULL,101,NULL,NULL,NULL,NULL,NULL,NULL,2,'patil.anand677@gmail.com','2011-04-16 06:47:35',NULL,'2011-04-16 06:47:31',487,'',NULL,NULL),(125,NULL,106,NULL,NULL,NULL,NULL,NULL,NULL,2,'patil.anand677@gmail.com','2011-04-16 11:10:08',NULL,'2011-04-16 11:10:04',489,'',NULL,NULL),(126,NULL,103,NULL,NULL,NULL,NULL,NULL,NULL,2,'patil.anand677@gmail.com','2011-04-16 11:28:49',NULL,'2011-04-16 11:28:45',490,'',NULL,NULL),(127,NULL,103,NULL,NULL,NULL,NULL,NULL,NULL,2,'patil.anand677@gmail.com','2011-04-16 11:31:27',NULL,'2011-04-16 11:31:23',491,'',NULL,NULL),(128,NULL,103,NULL,NULL,NULL,NULL,NULL,NULL,2,'patil.anand677@gmail.com','2011-04-16 11:45:18',NULL,'2011-04-16 11:45:14',492,'',NULL,NULL),(129,NULL,103,NULL,NULL,NULL,NULL,NULL,NULL,2,'patil.anand677@gmail.com','2011-04-18 10:26:18',NULL,'2011-04-18 10:26:14',494,'',NULL,NULL),(130,NULL,103,NULL,NULL,NULL,NULL,NULL,NULL,2,'patil.anand677@gmail.com','2011-04-18 10:27:02',NULL,'2011-04-18 10:26:59',495,'',NULL,NULL),(131,NULL,102,NULL,NULL,NULL,NULL,NULL,NULL,2,'patil.anand677@gmail.com','2011-04-19 05:13:33',NULL,'2011-04-19 05:13:30',496,'',NULL,NULL),(132,NULL,101,NULL,NULL,NULL,NULL,NULL,NULL,2,'patil.anand677@gmail.com','2011-04-25 12:56:54',NULL,'2011-04-25 12:56:50',499,'',NULL,NULL),(133,NULL,1472,NULL,NULL,NULL,NULL,NULL,NULL,2,'patil.anand677@gmail.com','2011-05-25 09:31:37',NULL,'2011-05-25 09:31:24',513,'',NULL,NULL),(134,NULL,1474,NULL,NULL,NULL,NULL,NULL,NULL,2,'patil.anand677@gmail.com','2011-05-25 09:37:48',NULL,'2011-05-25 09:37:35',514,'',NULL,NULL),(135,NULL,1474,NULL,NULL,NULL,NULL,NULL,NULL,2,'patil.anand677@gmail.com','2011-05-27 06:48:16',NULL,'2011-05-27 06:48:11',515,'',NULL,NULL),(136,NULL,107,NULL,NULL,NULL,'50000','Audit',NULL,2,'patil.anand677@gmail.com','2011-06-06 07:45:53',NULL,'2011-06-06 07:45:49',521,'',NULL,NULL),(137,NULL,102,NULL,NULL,NULL,'60000','Audit',NULL,2,'patil.anand677@gmail.com','2011-06-06 10:07:15',NULL,'2011-06-06 10:07:11',522,'',NULL,NULL),(138,NULL,103,NULL,NULL,NULL,'50000','Audit',NULL,2,'patil.anand677@gmail.com','2011-06-06 10:30:31',NULL,'2011-06-06 10:30:27',523,'',NULL,NULL),(139,NULL,1472,NULL,NULL,NULL,NULL,NULL,NULL,2,'patil.anand677@gmail.com','2011-06-06 11:43:38',NULL,'2011-06-06 11:43:34',525,'',NULL,NULL),(140,NULL,1473,NULL,NULL,NULL,NULL,NULL,NULL,2,'patil.anand677@gmail.com','2011-06-06 11:47:24',NULL,'2011-06-06 11:47:21',526,'',NULL,NULL),(141,NULL,103,NULL,NULL,NULL,'50000','Audit',NULL,2,'patil.anand677@gmail.com','2011-06-08 07:32:18',NULL,'2011-06-08 07:32:12',528,'',NULL,NULL),(142,NULL,102,NULL,NULL,NULL,'70000','Audit',NULL,2,'rraniga@uniserve.com','2011-06-09 01:49:17',NULL,'2011-06-09 01:49:12',530,'',NULL,NULL),(143,NULL,102,NULL,NULL,NULL,NULL,NULL,NULL,2,'patil.anand677@gmail.com','2011-06-11 14:05:03',NULL,'2011-06-11 14:04:58',531,'',NULL,NULL),(144,NULL,101,NULL,NULL,NULL,'50000','Audit',NULL,2,'patil.anand677@gmail.com','2011-06-13 12:48:35',NULL,'2011-06-13 12:48:29',532,'',NULL,NULL),(145,NULL,102,NULL,NULL,NULL,'50000','Audit',NULL,2,'patil.anand677@gmail.com','2011-06-13 13:21:12',NULL,'2011-06-13 13:21:06',533,'',NULL,NULL),(146,NULL,101,NULL,NULL,NULL,'50000','Audit',NULL,2,'patil.anand677@gmail.com','2011-06-14 10:45:02',NULL,'2011-06-14 10:44:56',534,'',NULL,NULL),(147,NULL,101,NULL,NULL,4455,'12333','dgjghkyi',NULL,6,'admin@firm.com','2011-07-01 06:41:34',NULL,'2011-06-21 06:55:13',536,'',1200,''),(148,NULL,101,NULL,NULL,NULL,'12333','dgjghkyi',NULL,2,'admin@firm.com','2011-06-21 07:08:07',NULL,'2011-06-21 07:08:02',537,'',NULL,NULL),(149,NULL,1480,NULL,NULL,NULL,NULL,NULL,NULL,2,'patil.anand677@gmail.com','2011-06-21 13:35:00',NULL,'2011-06-21 13:34:53',538,'',NULL,NULL),(150,NULL,1473,NULL,NULL,NULL,NULL,NULL,NULL,2,'patil.anand677@gmail.com','2011-06-24 11:43:19',NULL,'2011-06-24 11:43:14',539,'',NULL,NULL),(151,NULL,1472,NULL,NULL,NULL,NULL,NULL,NULL,2,'patil.anand677@gmail.com','2011-06-28 13:14:14',NULL,'2011-06-28 13:14:08',552,'',NULL,NULL),(152,NULL,101,NULL,NULL,231,'50000','Accountant',NULL,4,'sagar_bannikal_098@yahoo.com','2011-06-28 13:23:48',NULL,'2011-06-28 13:22:53',553,'',1200,''),(153,NULL,102,NULL,NULL,231,'313','Accountant',NULL,4,'sagar_bannikal_098@yahoo.com','2011-06-30 06:54:31',NULL,'2011-06-30 06:24:46',554,'',1200,''),(154,NULL,1473,NULL,NULL,NULL,NULL,NULL,NULL,2,'patil.anand677@gmail.com','2011-06-30 10:39:36',NULL,'2011-06-30 10:39:31',555,'',NULL,NULL),(155,NULL,102,NULL,NULL,NULL,'50000','Audit',NULL,2,'patil.anand677@gmail.com','2011-06-30 11:22:57',NULL,'2011-06-30 11:22:52',557,'',NULL,NULL),(156,NULL,101,NULL,NULL,NULL,'200000','dgjghkyi',NULL,2,'admin@firm.com','2011-07-01 06:40:45',NULL,'2011-07-01 06:40:38',558,'',NULL,NULL),(157,NULL,1475,NULL,NULL,NULL,NULL,NULL,NULL,2,'anand@gmail.com','2011-07-03 06:34:03',NULL,'2011-07-03 06:33:55',560,'',NULL,NULL),(158,NULL,109,NULL,NULL,NULL,'50000','audit',NULL,2,'anand@gmail.com','2011-07-03 06:53:58',NULL,'2011-07-03 06:53:50',561,'',NULL,NULL),(159,NULL,101,NULL,NULL,NULL,'30000','Accountant',NULL,2,'sagar_bannikal_098@yahoo.com','2011-07-03 07:10:14',NULL,'2011-07-03 07:10:07',562,'',NULL,NULL),(160,NULL,101,NULL,NULL,NULL,'50000','Audit',NULL,2,'patil.anand677@gmail.com','2011-07-07 11:41:56',NULL,'2011-07-07 11:41:48',564,'',NULL,NULL),(161,NULL,102,NULL,NULL,NULL,'50000','Audit',NULL,2,'rraniga@uniserve.com','2011-07-13 21:46:08',NULL,'2011-07-13 21:46:02',567,'',NULL,NULL),(162,NULL,1472,NULL,NULL,NULL,NULL,NULL,NULL,2,'patil.anand677@gmail.com','2011-07-17 12:54:11',NULL,'2011-07-17 12:53:44',568,'',NULL,NULL),(163,NULL,101,NULL,NULL,NULL,NULL,NULL,NULL,2,'sagar_bannikal_098@yahoo.com','2011-07-18 13:00:33',NULL,'2011-07-18 13:00:15',569,'',NULL,NULL),(164,NULL,101,NULL,NULL,NULL,NULL,NULL,NULL,2,'patil.anand677@gmail.com','2011-07-18 13:21:34',NULL,'2011-07-18 13:21:17',570,'',NULL,NULL),(165,NULL,103,NULL,NULL,NULL,NULL,NULL,NULL,2,'apoorvada@yahoo.com','2011-07-19 07:04:44',NULL,'2011-07-19 07:04:20',571,'',NULL,NULL),(166,NULL,102,NULL,NULL,NULL,NULL,NULL,NULL,2,'patil.anand677@gmail.com','2011-07-19 11:53:25',NULL,'2011-07-19 11:53:07',572,'',NULL,NULL),(167,NULL,102,NULL,NULL,NULL,NULL,NULL,NULL,2,'patil.anand677@gmail.com','2011-07-22 09:16:50',NULL,'2011-07-22 09:16:44',574,'',NULL,NULL),(168,NULL,1473,NULL,NULL,NULL,NULL,NULL,NULL,2,'patil.anand677@gmail.com','2011-07-29 09:51:29',NULL,'2011-07-29 09:51:14',578,'',NULL,NULL);
/*!40000 ALTER TABLE `person_details` ENABLE KEYS */;
UNLOCK TABLES;

--
-- Table structure for table `organization_preferences`
--

DROP TABLE IF EXISTS `organization_preferences`;
/*!40101 SET @saved_cs_client     = @@character_set_client */;
/*!40101 SET character_set_client = utf8 */;
CREATE TABLE `organization_preferences` (
  `id` bigint(20) unsigned NOT NULL AUTO_INCREMENT,
  `party_id` bigint(20) unsigned NOT NULL,
  `preference_type` varchar(25) DEFAULT NULL,
  `preference_value` varchar(100) DEFAULT NULL,
  `create_user_id` varchar(30) DEFAULT NULL,
  `create_date` timestamp NULL DEFAULT NULL,
  `last_update_user_id` varchar(30) DEFAULT NULL,
  `last_update_date` timestamp NULL DEFAULT NULL,
  `version` int(11) NOT NULL DEFAULT '0',
  PRIMARY KEY (`id`),
  KEY `fkae4171cc4b78cfda` (`party_id`),
  CONSTRAINT `fk_organization_preference_for_party` FOREIGN KEY (`party_id`) REFERENCES `party` (`party_id`)
) ENGINE=InnoDB DEFAULT CHARSET=latin1;
/*!40101 SET character_set_client = @saved_cs_client */;

--
-- Dumping data for table `organization_preferences`
--

LOCK TABLES `organization_preferences` WRITE;
/*!40000 ALTER TABLE `organization_preferences` DISABLE KEYS */;
/*!40000 ALTER TABLE `organization_preferences` ENABLE KEYS */;
UNLOCK TABLES;

--
-- Table structure for table `organization`
--

DROP TABLE IF EXISTS `organization`;
/*!40101 SET @saved_cs_client     = @@character_set_client */;
/*!40101 SET character_set_client = utf8 */;
CREATE TABLE `organization` (
  `party_id` bigint(20) unsigned NOT NULL,
  `name` varchar(100) DEFAULT NULL,
  `legal_name` varchar(100) DEFAULT NULL,
  `operating_name` varchar(100) DEFAULT NULL,
  `form_of_business` bigint(20) unsigned DEFAULT NULL,
  `business_identification_number` varchar(50) DEFAULT NULL,
  `incorporation_date` date DEFAULT NULL,
  `incorporation_number` varchar(50) DEFAULT NULL,
  `industry_type` bigint(20) unsigned DEFAULT NULL,
  `industry_subtype` bigint(20) unsigned DEFAULT NULL,
  `authorized_capital` varchar(4000) DEFAULT NULL,
  `issued_captial` varchar(4000) DEFAULT NULL,
  `organization_type` tinyint(3) unsigned DEFAULT NULL,
  `last_update_userid` varchar(30) DEFAULT NULL,
  `last_update_date` timestamp NULL DEFAULT NULL,
  `version` int(11) NOT NULL DEFAULT '0',
  `in_charge_person` bigint(20) unsigned DEFAULT NULL,
  `year_end_date` varchar(20) DEFAULT NULL,
  PRIMARY KEY (`party_id`),
  KEY `fkd063d5334b78cfda` (`party_id`),
  KEY `fk_organization_is_for_type` (`organization_type`),
  KEY `fk_incharge_person_is_a_person` (`in_charge_person`),
  KEY `fk_organization_form_of_business_is_a_code` (`form_of_business`),
  KEY `fk_organization_industry_type` (`industry_type`),
  KEY `fk_organization_industry_subtype_is_code` (`industry_subtype`),
  CONSTRAINT `fk_incharge_person_is_a_person` FOREIGN KEY (`in_charge_person`) REFERENCES `person` (`party_id`),
  CONSTRAINT `fk_organization_form_of_business_is_a_code` FOREIGN KEY (`form_of_business`) REFERENCES `code` (`id`) ON DELETE NO ACTION ON UPDATE NO ACTION,
  CONSTRAINT `fk_organization_industry_subtype_is_code` FOREIGN KEY (`industry_subtype`) REFERENCES `code` (`id`) ON UPDATE NO ACTION,
  CONSTRAINT `fk_organization_industry_type` FOREIGN KEY (`industry_type`) REFERENCES `code` (`id`) ON UPDATE NO ACTION,
  CONSTRAINT `fk_organization_is_a_party` FOREIGN KEY (`party_id`) REFERENCES `party` (`party_id`),
  CONSTRAINT `fk_organization_is_for_type` FOREIGN KEY (`organization_type`) REFERENCES `organization_type` (`id`)
) ENGINE=InnoDB DEFAULT CHARSET=latin1;
/*!40101 SET character_set_client = @saved_cs_client */;

--
-- Dumping data for table `organization`
--

LOCK TABLES `organization` WRITE;
/*!40000 ALTER TABLE `organization` DISABLE KEYS */;
INSERT INTO `organization` VALUES (298,NULL,'Sai Tax Consultants','Sai Tax Consultants',NULL,NULL,NULL,NULL,NULL,NULL,NULL,NULL,1,NULL,NULL,0,NULL,NULL),(299,'John Deere','John','John Deere',500,'4567890','2011-02-01','4567890',401,NULL,'','',2,NULL,NULL,0,NULL,NULL),(302,NULL,NULL,NULL,504,NULL,NULL,NULL,408,NULL,NULL,NULL,3,NULL,NULL,0,NULL,NULL),(303,NULL,'sadsaasdsa','sadsaasdsa',NULL,NULL,NULL,NULL,NULL,NULL,NULL,NULL,1,NULL,NULL,0,NULL,NULL),(304,NULL,'sadsaasdsa','sadsaasdsa',NULL,NULL,NULL,NULL,NULL,NULL,NULL,NULL,1,NULL,NULL,0,NULL,NULL),(305,NULL,'Savitri','Savitri',NULL,NULL,NULL,NULL,NULL,NULL,NULL,NULL,1,NULL,NULL,0,NULL,NULL),(306,NULL,'Wali Assoiciates','Wali Assoiciates',NULL,NULL,NULL,NULL,NULL,NULL,NULL,NULL,1,NULL,NULL,0,NULL,NULL),(308,NULL,'Transforce Financial Serices','Transforce Financial Serices',NULL,NULL,NULL,NULL,NULL,NULL,NULL,NULL,1,NULL,NULL,0,NULL,NULL),(310,NULL,'Delves Freer Anderson Raniga Caine','Delves Freer Anderson Raniga Caine',NULL,NULL,NULL,NULL,NULL,NULL,NULL,NULL,1,NULL,NULL,0,NULL,NULL),(312,NULL,'Aditya Finances','Aditya Finances',NULL,NULL,NULL,NULL,NULL,NULL,NULL,NULL,1,NULL,NULL,0,NULL,NULL),(314,NULL,'Bannikal Brothers','Bannikal Brothers',NULL,NULL,NULL,NULL,NULL,NULL,NULL,NULL,1,NULL,NULL,0,NULL,NULL),(316,NULL,'Savitri Tax Consultants','Savitri Tax Consultants',NULL,NULL,NULL,NULL,NULL,NULL,NULL,NULL,1,NULL,NULL,0,NULL,NULL),(318,'test','test1','test',503,'5666','2011-02-09','99999',405,NULL,'99','gg',2,NULL,NULL,0,NULL,'2011-02-09'),(320,'ABC Parts','ABC Rentals Inc.','ABC Parts',500,'123456789RP0001','2008-02-06','BC123859',402,NULL,'100 Class A Common Voting Shares Without par value','50 Class A Voting Shares @ $2 each',2,NULL,NULL,0,NULL,NULL),(321,'ABC Parts','ABC Ent.','ABC Parts',500,'123456789RP0001','2011-02-05','BC12359',402,NULL,'100Class','550 Class',2,NULL,NULL,0,NULL,NULL),(327,NULL,NULL,NULL,504,NULL,NULL,NULL,408,NULL,NULL,NULL,3,NULL,NULL,0,NULL,NULL),(328,NULL,NULL,NULL,504,NULL,NULL,NULL,408,NULL,NULL,NULL,3,NULL,NULL,0,NULL,NULL),(329,NULL,NULL,NULL,504,NULL,NULL,NULL,408,NULL,NULL,NULL,3,NULL,NULL,0,NULL,NULL),(330,NULL,NULL,NULL,504,NULL,NULL,NULL,408,NULL,NULL,NULL,3,NULL,NULL,0,NULL,NULL),(331,NULL,NULL,NULL,504,NULL,NULL,NULL,408,NULL,NULL,NULL,6,NULL,NULL,0,NULL,NULL),(332,NULL,'Gudi Karakoona','Gudi Karakoona',NULL,NULL,NULL,NULL,NULL,NULL,NULL,NULL,1,NULL,NULL,0,NULL,NULL),(334,'Infosys','Infosys Corp','Infosys',500,'5666','2011-02-09','99999',402,NULL,'1234','45678',2,NULL,NULL,0,NULL,NULL),(340,NULL,NULL,NULL,504,NULL,NULL,NULL,408,NULL,NULL,NULL,3,NULL,NULL,0,NULL,NULL),(341,NULL,NULL,NULL,504,NULL,NULL,NULL,418,NULL,NULL,NULL,5,NULL,NULL,0,NULL,NULL),(343,NULL,'Patil Enterprises','Patil Enterprises',NULL,NULL,NULL,NULL,NULL,NULL,NULL,NULL,1,NULL,NULL,0,NULL,NULL),(345,'sanju','sanju pvt ltd','sanju',501,'123545@3#577ererj','2011-02-02','123545#45$qqwr',411,NULL,'djjjhjhjhjh','hdjhjjdd',2,NULL,NULL,0,NULL,'2011-02-02'),(349,NULL,NULL,NULL,504,NULL,NULL,NULL,408,NULL,NULL,NULL,3,NULL,NULL,0,NULL,NULL),(350,NULL,NULL,NULL,504,NULL,NULL,NULL,408,NULL,NULL,NULL,3,NULL,NULL,0,NULL,NULL),(351,NULL,NULL,NULL,504,NULL,NULL,NULL,418,NULL,NULL,NULL,5,NULL,NULL,0,NULL,NULL),(352,NULL,NULL,NULL,504,NULL,NULL,NULL,418,NULL,NULL,NULL,5,NULL,NULL,0,NULL,NULL),(353,NULL,NULL,NULL,504,NULL,NULL,NULL,408,NULL,NULL,NULL,4,NULL,NULL,0,NULL,NULL),(354,NULL,NULL,NULL,504,NULL,NULL,NULL,408,NULL,NULL,NULL,6,NULL,NULL,0,NULL,NULL),(357,'TCS','TCS','TCS',504,'5666','1995-02-09','99999',404,NULL,'45567','0988',2,NULL,NULL,0,NULL,'1974-02-15'),(360,NULL,'Shree Enterprises','Shree Enterprises',NULL,NULL,NULL,NULL,NULL,NULL,NULL,NULL,1,NULL,NULL,0,NULL,NULL),(361,NULL,'anand Association','anand Association',NULL,NULL,NULL,NULL,NULL,NULL,NULL,NULL,1,NULL,NULL,0,NULL,NULL),(367,'Tavalon','Tavalon India pvt lmt','Tavalon',505,'123456','2011-02-03','112233',411,NULL,'','',2,NULL,NULL,0,NULL,'2011-02-09'),(370,NULL,'patil\'s Association','patil\'s Association',NULL,NULL,NULL,NULL,NULL,NULL,NULL,NULL,1,NULL,NULL,0,NULL,NULL),(377,NULL,'sandeep Association','sandeep Association',NULL,NULL,NULL,NULL,NULL,NULL,NULL,NULL,1,NULL,NULL,0,NULL,NULL),(378,NULL,'Sadeep','Sadeep',NULL,NULL,NULL,NULL,NULL,NULL,NULL,NULL,1,NULL,NULL,0,NULL,NULL),(380,'sandeep pvt Lmt','Sadeep','sandeep pvt Lmt',504,'1245636','2011-02-10','1478569',405,NULL,'','',2,NULL,NULL,0,NULL,'2011-05-10'),(382,'anand pvt Lmt','anand','anand pvt Lmt',503,'1245636','2011-02-03','1478569',404,NULL,'','',2,NULL,NULL,0,NULL,'2011-02-02'),(388,NULL,'anand','anand',NULL,NULL,NULL,NULL,NULL,NULL,NULL,NULL,1,NULL,NULL,0,NULL,NULL),(389,NULL,'anand','anand',NULL,NULL,NULL,NULL,NULL,NULL,NULL,NULL,1,NULL,NULL,0,NULL,NULL),(397,'anand pvt Lmt','anand1211','anand pvt Lmt',503,'','2011-02-04','',417,NULL,'','',2,NULL,NULL,0,NULL,'2011-02-02'),(400,'ds4536@#@','467@#$saj','ds4536@#@',502,'145@@sdsdf','2011-02-02','14#$%gfgc',402,NULL,'','',2,NULL,NULL,0,NULL,'2011-02-02'),(401,'#$%asa124','124@#$safs','#$%asa124',500,'fdsg124$#$','2011-02-02','14$#$#gfd',405,NULL,'','',2,NULL,NULL,0,NULL,'2011-02-14'),(404,'Sai Automobiles','Sai Automobiles','Sai Automobiles',504,'566623423','2011-02-08','99999',402,NULL,'12234456','677899',2,NULL,NULL,0,315,'02-09'),(407,NULL,'13@$$@','13@$$@',NULL,NULL,NULL,NULL,NULL,NULL,NULL,NULL,1,NULL,NULL,0,NULL,NULL),(408,NULL,'467@#$saj','467@#$saj',NULL,NULL,NULL,NULL,NULL,NULL,NULL,NULL,1,NULL,NULL,0,NULL,NULL),(409,NULL,'467@#$saj','467@#$saj',NULL,NULL,NULL,NULL,NULL,NULL,NULL,NULL,1,NULL,NULL,0,NULL,NULL),(410,NULL,'135466','135466',NULL,NULL,NULL,NULL,NULL,NULL,NULL,NULL,1,NULL,NULL,0,NULL,NULL),(411,'ds4536@#@','467@#$saj','ds4536@#@',500,'145@@sdsdf','2011-03-11','14#$%gfgc',403,NULL,'','',2,NULL,NULL,0,NULL,'2011-03-24'),(419,NULL,'Accenture','Accenture',NULL,NULL,NULL,NULL,NULL,NULL,NULL,NULL,1,NULL,NULL,0,NULL,NULL),(424,'pooja Associates','pooja','pooja Associates',502,'fdfs','2011-03-10','fdfs',410,NULL,'','',2,NULL,NULL,0,NULL,'2011-03-16'),(431,'Anand Association','anand','Anand Association',501,'112233563','2011-03-09','223344',411,NULL,'','',2,NULL,NULL,0,560,'12-06'),(435,'Chiguru','Chiguru Pvt.Ltd','Chiguru',504,'24589','2011-04-03','124536',407,NULL,'','',2,NULL,NULL,0,NULL,'2011-05-06'),(438,'Sagar','Sagar Pvt. Ltd','Sagar',504,'01121234456','2011-04-06','123-3131-4221',408,NULL,'','',2,NULL,NULL,0,NULL,'2011-04-07'),(444,NULL,'anandsggggggggggggggggsdfdfs','anandsggggggggggggggggsdfdfs',NULL,NULL,NULL,NULL,NULL,NULL,NULL,NULL,1,NULL,NULL,0,NULL,NULL),(448,NULL,'anand','anand',NULL,NULL,NULL,NULL,NULL,NULL,NULL,NULL,1,NULL,NULL,0,NULL,NULL),(451,'dsgggggggggggggggggggggggggggggggggggggggggggssss','assssssssssssssssssssssssssssssssssssssssssssssss','dsgggggggggggggggggggggggggggggggggggggggggggssss',501,'345uooytyit','2011-04-08','657kuuuuuuuuuu',416,NULL,'','',2,NULL,NULL,0,NULL,'2011-04-07'),(452,'dsggggggggggggggggggggggggggggggggggggggggppppssss','assssssssssssssssssssssssssssssssssssssssssssssss','dsggggggggggggggggggggggggggggggggggggggggppppssss',501,'345uooytyitllll','2011-04-08','657kuuuuuuuuujj',416,NULL,'','',2,NULL,NULL,0,NULL,'2011-04-07'),(453,'QSpiders','hfgdgh gfhtghh.jyjtylklklk jjujutyr.ufiytuykkk.yyt','QSpiders',501,'345uooytyitllll','2011-04-15','657kuuuuuuuuuu',407,NULL,'','',2,NULL,NULL,0,NULL,'2011-04-21'),(454,NULL,'Accenture','Accenture',NULL,NULL,NULL,NULL,NULL,NULL,NULL,NULL,1,NULL,NULL,0,NULL,NULL),(455,NULL,'Tranfer Indiag','Tranfer Indiag',NULL,NULL,NULL,NULL,NULL,NULL,NULL,NULL,1,NULL,NULL,0,NULL,NULL),(456,NULL,'Best Buy inc','Best Buy inc',NULL,NULL,NULL,NULL,NULL,NULL,NULL,NULL,1,NULL,NULL,0,NULL,NULL),(458,NULL,'fdjfkf','fdjfkf',NULL,NULL,NULL,NULL,NULL,NULL,NULL,NULL,1,NULL,NULL,0,NULL,NULL),(473,NULL,'sandeep','sandeep',NULL,NULL,NULL,NULL,NULL,NULL,NULL,NULL,1,NULL,NULL,0,NULL,NULL),(475,NULL,'sandeep','sandeep',NULL,NULL,NULL,NULL,NULL,NULL,NULL,NULL,1,NULL,NULL,0,NULL,NULL),(479,NULL,'sandeep','sandeep',NULL,NULL,NULL,NULL,NULL,NULL,NULL,NULL,1,NULL,NULL,0,NULL,NULL),(484,NULL,'anand','anand',NULL,NULL,NULL,NULL,NULL,NULL,NULL,NULL,1,NULL,NULL,0,NULL,NULL),(488,NULL,'sandeep','sandeep',NULL,NULL,NULL,NULL,NULL,NULL,NULL,NULL,1,NULL,NULL,0,NULL,NULL),(493,NULL,'sandeep','sandeep',NULL,NULL,NULL,NULL,NULL,NULL,NULL,NULL,1,NULL,NULL,0,NULL,NULL),(497,NULL,'sandeep','sandeep',NULL,NULL,NULL,NULL,NULL,NULL,NULL,NULL,1,NULL,NULL,0,NULL,NULL),(498,NULL,'sandeep','sandeep',NULL,NULL,NULL,NULL,NULL,NULL,NULL,NULL,1,NULL,NULL,0,NULL,NULL),(500,NULL,'sandeep','sandeep',NULL,NULL,NULL,NULL,NULL,NULL,NULL,NULL,1,NULL,NULL,0,NULL,NULL),(501,NULL,'sagar','sagar',NULL,NULL,NULL,NULL,NULL,NULL,NULL,NULL,1,NULL,NULL,0,NULL,NULL),(502,NULL,'anil pvt Ltd','anil pvt Ltd',NULL,NULL,NULL,NULL,NULL,NULL,NULL,NULL,1,NULL,NULL,0,NULL,NULL),(506,'Gudi Temple','Gudi Temple','Gudi Temple',503,'123456','2011-05-02','123456',401,NULL,'123456','12345',2,NULL,NULL,0,NULL,'2011-05-10'),(507,'Best Buy','Best Buy LLC','Best Buy',504,'456789','1993-05-10','9966993399',NULL,NULL,'99445599','99336699',2,NULL,NULL,0,NULL,'2011-05-31'),(511,'Microsoft','Microsoft','Microsoft',501,'5666','2011-05-10','99999',NULL,NULL,'11111','2222222',2,NULL,NULL,0,315,'2011-05-01'),(512,NULL,'anil pvt Ltd','anil pvt Ltd',NULL,NULL,NULL,NULL,NULL,NULL,NULL,NULL,1,NULL,NULL,0,NULL,NULL),(516,'mn,','test','mn,',501,'123456','2011-05-14','123456',401,NULL,'120','111',2,NULL,NULL,0,315,'05/10'),(517,'Anil','anil pvt Ltd','Anil',500,'12454542541','2011-05-18','4545212121',408,NULL,'','',2,NULL,NULL,0,344,'05/17/2011'),(518,NULL,'Rajesh rc','Rajesh rc',NULL,NULL,NULL,NULL,NULL,NULL,NULL,NULL,1,NULL,NULL,0,NULL,NULL),(527,'Rajesh','Rajesh Enterprices','Rajesh',501,'123456789','2011-06-08','4545212121',403,NULL,'','',2,NULL,NULL,0,526,'05/17/2011'),(529,'Candule Explosives','Candule Ent','Candule Explosives',501,'123456789','2011-06-16','123456',409,NULL,'Unlimited Class A Shares\r\nUnlimited Class B Shares \r\n1,000,000 Class C Preferred Shares ','100 Class A Shares to John\r\n1000 Class B shares to Doe',2,NULL,NULL,0,311,'March 31'),(540,'Cluster pvt lmt','Cluster pvt lmt','Cluster pvt lmt',501,'011212344','2011-06-05','123',401,NULL,'test','test',2,NULL,NULL,0,365,'09-04'),(563,'yahoo pvt lmt','yahoo pvt lmt','yahoo pvt lmt',500,'123456789','2011-06-05','123',401,NULL,'teste','test',2,NULL,NULL,0,315,'09-04'),(566,'Xemplar Corporation Ltd.','Xemplar Corporation Ltd.','Xemplar Corporation Ltd.',500,'123456789','2011-07-13','S12345',412,NULL,'unlimited Class A Voting Shares without Par value','100 Class A Common shares @ $1 each',2,NULL,NULL,0,311,'07-31'),(573,NULL,'sourabh','sourabh',NULL,NULL,NULL,NULL,NULL,NULL,NULL,NULL,1,NULL,NULL,0,NULL,NULL),(575,NULL,'sanjeevkumar','sanjeevkumar',NULL,NULL,NULL,NULL,NULL,NULL,NULL,NULL,1,NULL,NULL,0,NULL,NULL),(576,NULL,'sanjeevkumar','sanjeevkumar',NULL,NULL,NULL,NULL,NULL,NULL,NULL,NULL,1,NULL,NULL,0,NULL,NULL),(577,'dhanvanthri','apoorva','dhanvanthri',503,'123456789','2011-06-07','67677',411,NULL,'gdhdhgjfgujfg','sgsfdgdfhfdh',2,NULL,NULL,0,494,'01-01'),(579,NULL,'Rajesh','Rajesh',NULL,NULL,NULL,NULL,NULL,NULL,NULL,NULL,1,NULL,NULL,0,NULL,NULL),(580,NULL,'Rajesh Association ','Rajesh Association ',NULL,NULL,NULL,NULL,NULL,NULL,NULL,NULL,1,NULL,NULL,0,NULL,NULL);
/*!40000 ALTER TABLE `organization` ENABLE KEYS */;
UNLOCK TABLES;

--
-- Table structure for table `task_status`
--

DROP TABLE IF EXISTS `task_status`;
/*!40101 SET @saved_cs_client     = @@character_set_client */;
/*!40101 SET character_set_client = utf8 */;
CREATE TABLE `task_status` (
  `id` tinyint(3) unsigned NOT NULL,
  `status` varchar(50) NOT NULL,
  `active_flag` bit(1) NOT NULL,
  `create_date` timestamp NOT NULL DEFAULT CURRENT_TIMESTAMP ON UPDATE CURRENT_TIMESTAMP,
  `create_user_id` varchar(25) NOT NULL,
  `last_update_user_id` varchar(30) DEFAULT NULL,
  `last_update_date` timestamp NULL DEFAULT NULL,
  `version` int(11) NOT NULL DEFAULT '0',
  PRIMARY KEY (`id`)
) ENGINE=InnoDB DEFAULT CHARSET=latin1;
/*!40101 SET character_set_client = @saved_cs_client */;

--
-- Dumping data for table `task_status`
--

LOCK TABLES `task_status` WRITE;
/*!40000 ALTER TABLE `task_status` DISABLE KEYS */;
INSERT INTO `task_status` VALUES (1,'Completed','','2010-12-20 22:12:49','system','system','2010-12-20 22:12:49',0),(2,'Awaiting Client Response','','2010-12-24 22:12:49','system','system','2010-12-24 22:12:49',0),(3,'New','','2011-01-22 10:00:00','system','system','2011-01-22 10:00:00',0);
/*!40000 ALTER TABLE `task_status` ENABLE KEYS */;
UNLOCK TABLES;

--
-- Table structure for table `tax_firm_practice_type`
--

DROP TABLE IF EXISTS `tax_firm_practice_type`;
/*!40101 SET @saved_cs_client     = @@character_set_client */;
/*!40101 SET character_set_client = utf8 */;
CREATE TABLE `tax_firm_practice_type` (
  `id` bigint(20) unsigned NOT NULL AUTO_INCREMENT,
  `practice_id` bigint(20) unsigned NOT NULL,
  `firm_id` bigint(20) unsigned NOT NULL,
  `active_flag` bit(1) NOT NULL,
  `create_date` datetime NOT NULL,
  `create_user_id` varchar(25) NOT NULL,
  `last_update_user_id` varchar(30) DEFAULT NULL,
  `last_update_date` timestamp NULL DEFAULT NULL,
  `version` int(11) NOT NULL DEFAULT '0',
  PRIMARY KEY (`id`),
  KEY `fk_appl_prctc_typ` (`practice_id`),
  KEY `fk_organization` (`firm_id`),
  CONSTRAINT `fk_appl_prctc_typ` FOREIGN KEY (`practice_id`) REFERENCES `tax_application_practice_type` (`id`),
  CONSTRAINT `fk_organization` FOREIGN KEY (`firm_id`) REFERENCES `organization` (`party_id`)
) ENGINE=InnoDB AUTO_INCREMENT=41 DEFAULT CHARSET=latin1;
/*!40101 SET character_set_client = @saved_cs_client */;

--
-- Dumping data for table `tax_firm_practice_type`
--

LOCK TABLES `tax_firm_practice_type` WRITE;
/*!40000 ALTER TABLE `tax_firm_practice_type` DISABLE KEYS */;
INSERT INTO `tax_firm_practice_type` VALUES (1,1,314,'','2011-02-09 00:58:35','system',NULL,NULL,0),(2,2,332,'','2011-02-09 01:56:38','system',NULL,NULL,0),(3,3,332,'','2011-02-09 02:28:57','system',NULL,NULL,0),(4,4,310,'','2011-02-09 22:39:16','system',NULL,NULL,0),(5,5,310,'','2011-02-09 22:40:04','system',NULL,NULL,0),(6,6,310,'','2011-02-09 22:40:42','system',NULL,NULL,0),(7,7,310,'','2011-02-09 22:55:06','system',NULL,NULL,0),(8,8,314,'','2011-02-15 01:09:23','system',NULL,NULL,0),(9,9,343,'','2011-02-15 06:17:45','system',NULL,NULL,0),(10,10,343,'','2011-02-15 07:02:12','system',NULL,NULL,0),(11,11,343,'','2011-02-16 04:32:44','system',NULL,NULL,0),(12,12,343,'','2011-02-16 07:53:06','system',NULL,NULL,0),(13,13,343,'','2011-02-17 08:41:18','system',NULL,NULL,0),(14,14,343,'','2011-02-17 08:46:28','system',NULL,NULL,0),(15,15,343,'','2011-02-18 01:32:58','system',NULL,NULL,0),(16,16,343,'','2011-02-21 03:58:54','system',NULL,NULL,0),(17,17,343,'','2011-02-21 04:27:11','system',NULL,NULL,0),(18,18,343,'','2011-02-21 07:56:34','system',NULL,NULL,0),(19,19,343,'','2011-02-28 08:14:45','system',NULL,NULL,0),(20,20,343,'\0','2011-03-01 08:56:00','system',NULL,'2011-05-28 10:34:12',1),(21,21,343,'\0','2011-03-02 02:12:21','system',NULL,'2011-05-28 10:34:02',1),(22,22,370,'','2011-03-12 07:45:55','system',NULL,NULL,0),(23,23,343,'','2011-04-05 09:13:17','system',NULL,NULL,0),(24,24,370,'','2011-04-07 06:47:02','system',NULL,NULL,0),(25,25,370,'','2011-04-12 04:14:42','system',NULL,NULL,0),(26,26,343,'','2011-04-14 01:26:09','system',NULL,NULL,0),(27,27,298,'','2011-04-18 10:23:16','system',NULL,NULL,0),(28,28,343,'','2011-04-19 01:20:30','system',NULL,NULL,0),(29,29,310,'','2011-05-23 23:09:33','system',NULL,NULL,0),(30,30,343,'','2011-05-25 05:51:16','system',NULL,NULL,0),(31,31,343,'','2011-05-25 05:54:40','system',NULL,NULL,0),(32,32,343,'','2011-05-25 06:02:29','system',NULL,NULL,0),(33,33,343,'','2011-05-27 03:08:24','system',NULL,NULL,0),(34,34,343,'','2011-05-28 06:33:13','system',NULL,NULL,0),(35,35,343,'','2011-05-29 01:13:58','system',NULL,NULL,0),(36,36,343,'','2011-05-29 01:21:24','system',NULL,NULL,0),(37,37,343,'','2011-05-29 01:25:59','system',NULL,NULL,0),(38,38,343,'','2011-06-08 03:47:29','system',NULL,NULL,0),(39,39,298,'','2011-06-28 02:41:52','system',NULL,NULL,0),(40,40,343,'\0','2011-07-29 05:59:45','system',NULL,'2011-07-29 10:00:57',1);
/*!40000 ALTER TABLE `tax_firm_practice_type` ENABLE KEYS */;
UNLOCK TABLES;
/*!40103 SET TIME_ZONE=@OLD_TIME_ZONE */;

/*!40101 SET SQL_MODE=@OLD_SQL_MODE */;
/*!40014 SET FOREIGN_KEY_CHECKS=@OLD_FOREIGN_KEY_CHECKS */;
/*!40014 SET UNIQUE_CHECKS=@OLD_UNIQUE_CHECKS */;
/*!40101 SET CHARACTER_SET_CLIENT=@OLD_CHARACTER_SET_CLIENT */;
/*!40101 SET CHARACTER_SET_RESULTS=@OLD_CHARACTER_SET_RESULTS */;
/*!40101 SET COLLATION_CONNECTION=@OLD_COLLATION_CONNECTION */;
/*!40111 SET SQL_NOTES=@OLD_SQL_NOTES */;

-- Dump completed on 2011-07-30  8:25:51
